<INSTANCE CLASSNAME="SMS_Application"><QUALIFIER NAME="dynamic" PROPAGATED="true" TYPE="boolean" TOSUBCLASS="false" TOINSTANCE="true"><VALUE>TRUE</VALUE></QUALIFIER><QUALIFIER NAME="SecurityVerbs" TYPE="sint32" TOSUBCLASS="false"><VALUE>-1</VALUE></QUALIFIER><PROPERTY NAME="__PATH" CLASSORIGIN="___SYSTEM" TYPE="string"><VALUE>\\ENGR-CM12-01\root\sms\site_CSE:SMS_Application.CI_ID=16978970</VALUE></PROPERTY><PROPERTY NAME="__NAMESPACE" CLASSORIGIN="___SYSTEM" TYPE="string"><VALUE>root\sms\site_CSE</VALUE></PROPERTY><PROPERTY NAME="__SERVER" CLASSORIGIN="___SYSTEM" TYPE="string"><VALUE>ENGR-CM12-01</VALUE></PROPERTY><PROPERTY.ARRAY NAME="__DERIVATION" CLASSORIGIN="___SYSTEM" TYPE="string"><VALUE.ARRAY><VALUE>SMS_ConfigurationItemBaseClass</VALUE><VALUE>SMS_BaseClass</VALUE></VALUE.ARRAY></PROPERTY.ARRAY><PROPERTY NAME="__PROPERTY_COUNT" CLASSORIGIN="___SYSTEM" TYPE="sint32"><VALUE>66</VALUE></PROPERTY><PROPERTY NAME="__RELPATH" CLASSORIGIN="___SYSTEM" TYPE="string"><VALUE>SMS_Application.CI_ID=16978970</VALUE></PROPERTY><PROPERTY NAME="__DYNASTY" CLASSORIGIN="___SYSTEM" TYPE="string"><VALUE>SMS_BaseClass</VALUE></PROPERTY><PROPERTY NAME="__SUPERCLASS" CLASSORIGIN="___SYSTEM" TYPE="string"><VALUE>SMS_ConfigurationItemBaseClass</VALUE></PROPERTY><PROPERTY NAME="__CLASS" CLASSORIGIN="___SYSTEM" TYPE="string"><VALUE>SMS_Application</VALUE></PROPERTY><PROPERTY NAME="__GENUS" CLASSORIGIN="___SYSTEM" TYPE="sint32"><VALUE>2</VALUE></PROPERTY><PROPERTY NAME="ApplicabilityCondition" CLASSORIGIN="SMS_ConfigurationItemBaseClass" TYPE="string"><QUALIFIER NAME="CIMTYPE" PROPAGATED="true" TYPE="string" TOINSTANCE="true"><VALUE>string</VALUE></QUALIFIER><VALUE></VALUE></PROPERTY><PROPERTY.ARRAY NAME="CategoryInstance_UniqueIDs" CLASSORIGIN="SMS_ConfigurationItemBaseClass" TYPE="string"><QUALIFIER NAME="CIMTYPE" PROPAGATED="true" TYPE="string" TOINSTANCE="true"><VALUE>string</VALUE></QUALIFIER><VALUE.ARRAY></VALUE.ARRAY></PROPERTY.ARRAY><PROPERTY NAME="CI_ID" CLASSORIGIN="SMS_ConfigurationItemBaseClass" TYPE="uint32"><QUALIFIER NAME="CIMTYPE" PROPAGATED="true" TYPE="string" TOINSTANCE="true"><VALUE>uint32</VALUE></QUALIFIER><QUALIFIER NAME="key" PROPAGATED="true" TYPE="boolean" OVERRIDABLE="false" TOINSTANCE="true"><VALUE>TRUE</VALUE></QUALIFIER><VALUE>16978970</VALUE></PROPERTY><PROPERTY NAME="CI_UniqueID" CLASSORIGIN="SMS_ConfigurationItemBaseClass" TYPE="string"><QUALIFIER NAME="CIMTYPE" PROPAGATED="true" TYPE="string" TOINSTANCE="true"><VALUE>string</VALUE></QUALIFIER><VALUE>ScopeId_169FC6B5-2663-4F45-B17E-A4D82ED163B2/Application_30be2424-cc4a-454a-85e0-cce803e79ced/4</VALUE></PROPERTY><PROPERTY NAME="CIType_ID" CLASSORIGIN="SMS_ConfigurationItemBaseClass" TYPE="uint32"><QUALIFIER NAME="CIMTYPE" PROPAGATED="true" TYPE="string" TOINSTANCE="true"><VALUE>uint32</VALUE></QUALIFIER><VALUE>10</VALUE></PROPERTY><PROPERTY NAME="CIVersion" CLASSORIGIN="SMS_ConfigurationItemBaseClass" TYPE="uint32"><QUALIFIER NAME="CIMTYPE" PROPAGATED="true" TYPE="string" TOINSTANCE="true"><VALUE>uint32</VALUE></QUALIFIER><VALUE>4</VALUE></PROPERTY><PROPERTY NAME="ConfigurationFlags" CLASSORIGIN="SMS_ConfigurationItemBaseClass" TYPE="uint64"><QUALIFIER NAME="CIMTYPE" PROPAGATED="true" TYPE="string" TOINSTANCE="true"><VALUE>uint64</VALUE></QUALIFIER><VALUE>0</VALUE></PROPERTY><PROPERTY NAME="CreatedBy" CLASSORIGIN="SMS_ConfigurationItemBaseClass" TYPE="string"><QUALIFIER NAME="CIMTYPE" PROPAGATED="true" TYPE="string" TOINSTANCE="true"><VALUE>string</VALUE></QUALIFIER><VALUE>AUSTIN\engr-skeiffer-sa</VALUE></PROPERTY><PROPERTY NAME="DateCreated" CLASSORIGIN="SMS_ConfigurationItemBaseClass" TYPE="datetime"><QUALIFIER NAME="CIMTYPE" PROPAGATED="true" TYPE="string" TOINSTANCE="true"><VALUE>datetime</VALUE></QUALIFIER><VALUE>20160819201659.000000+000</VALUE></PROPERTY><PROPERTY NAME="DateLastModified" CLASSORIGIN="SMS_ConfigurationItemBaseClass" TYPE="datetime"><QUALIFIER NAME="CIMTYPE" PROPAGATED="true" TYPE="string" TOINSTANCE="true"><VALUE>datetime</VALUE></QUALIFIER><VALUE>20160915143656.000000+000</VALUE></PROPERTY><PROPERTY NAME="EffectiveDate" CLASSORIGIN="SMS_ConfigurationItemBaseClass" TYPE="datetime"><QUALIFIER NAME="CIMTYPE" PROPAGATED="true" TYPE="string" TOINSTANCE="true"><VALUE>datetime</VALUE></QUALIFIER></PROPERTY><PROPERTY NAME="EULAAccepted" CLASSORIGIN="SMS_ConfigurationItemBaseClass" TYPE="uint32"><QUALIFIER NAME="CIMTYPE" PROPAGATED="true" TYPE="string" TOINSTANCE="true"><VALUE>uint32</VALUE></QUALIFIER><VALUE>2</VALUE></PROPERTY><PROPERTY NAME="EULAExists" CLASSORIGIN="SMS_ConfigurationItemBaseClass" TYPE="boolean"><QUALIFIER NAME="CIMTYPE" PROPAGATED="true" TYPE="string" TOINSTANCE="true"><VALUE>boolean</VALUE></QUALIFIER><VALUE>FALSE</VALUE></PROPERTY><PROPERTY NAME="EULASignoffDate" CLASSORIGIN="SMS_ConfigurationItemBaseClass" TYPE="datetime"><QUALIFIER NAME="CIMTYPE" PROPAGATED="true" TYPE="string" TOINSTANCE="true"><VALUE>datetime</VALUE></QUALIFIER><VALUE>19691231180000.000000+***</VALUE></PROPERTY><PROPERTY NAME="EULASignoffUser" CLASSORIGIN="SMS_ConfigurationItemBaseClass" TYPE="string"><QUALIFIER NAME="CIMTYPE" PROPAGATED="true" TYPE="string" TOINSTANCE="true"><VALUE>string</VALUE></QUALIFIER><VALUE></VALUE></PROPERTY><PROPERTY NAME="ExecutionContext" CLASSORIGIN="SMS_ConfigurationItemBaseClass" TYPE="uint32"><QUALIFIER NAME="CIMTYPE" PROPAGATED="true" TYPE="string" TOINSTANCE="true"><VALUE>uint32</VALUE></QUALIFIER><VALUE>0</VALUE></PROPERTY><PROPERTY NAME="Featured" CLASSORIGIN="SMS_Application" TYPE="uint32"><QUALIFIER NAME="CIMTYPE" PROPAGATED="true" TYPE="string" TOINSTANCE="true"><VALUE>uint32</VALUE></QUALIFIER><VALUE>0</VALUE></PROPERTY><PROPERTY NAME="HasContent" CLASSORIGIN="SMS_Application" TYPE="boolean"><QUALIFIER NAME="CIMTYPE" PROPAGATED="true" TYPE="string" TOINSTANCE="true"><VALUE>boolean</VALUE></QUALIFIER><VALUE>TRUE</VALUE></PROPERTY><PROPERTY NAME="IsBundle" CLASSORIGIN="SMS_ConfigurationItemBaseClass" TYPE="boolean"><QUALIFIER NAME="CIMTYPE" PROPAGATED="true" TYPE="string" TOINSTANCE="true"><VALUE>boolean</VALUE></QUALIFIER><VALUE>FALSE</VALUE></PROPERTY><PROPERTY NAME="IsDeployable" CLASSORIGIN="SMS_Application" TYPE="boolean"><QUALIFIER NAME="CIMTYPE" PROPAGATED="true" TYPE="string" TOINSTANCE="true"><VALUE>boolean</VALUE></QUALIFIER><VALUE>TRUE</VALUE></PROPERTY><PROPERTY NAME="IsDeployed" CLASSORIGIN="SMS_Application" TYPE="boolean"><QUALIFIER NAME="CIMTYPE" PROPAGATED="true" TYPE="string" TOINSTANCE="true"><VALUE>boolean</VALUE></QUALIFIER><VALUE>TRUE</VALUE></PROPERTY><PROPERTY NAME="IsDigest" CLASSORIGIN="SMS_ConfigurationItemBaseClass" TYPE="boolean"><QUALIFIER NAME="CIMTYPE" PROPAGATED="true" TYPE="string" TOINSTANCE="true"><VALUE>boolean</VALUE></QUALIFIER><VALUE>TRUE</VALUE></PROPERTY><PROPERTY NAME="IsEnabled" CLASSORIGIN="SMS_ConfigurationItemBaseClass" TYPE="boolean"><QUALIFIER NAME="CIMTYPE" PROPAGATED="true" TYPE="string" TOINSTANCE="true"><VALUE>boolean</VALUE></QUALIFIER><VALUE>TRUE</VALUE></PROPERTY><PROPERTY NAME="IsExpired" CLASSORIGIN="SMS_ConfigurationItemBaseClass" TYPE="boolean"><QUALIFIER NAME="CIMTYPE" PROPAGATED="true" TYPE="string" TOINSTANCE="true"><VALUE>boolean</VALUE></QUALIFIER><VALUE>FALSE</VALUE></PROPERTY><PROPERTY NAME="IsHidden" CLASSORIGIN="SMS_ConfigurationItemBaseClass" TYPE="boolean"><QUALIFIER NAME="CIMTYPE" PROPAGATED="true" TYPE="string" TOINSTANCE="true"><VALUE>boolean</VALUE></QUALIFIER><VALUE>FALSE</VALUE></PROPERTY><PROPERTY NAME="IsLatest" CLASSORIGIN="SMS_ConfigurationItemBaseClass" TYPE="boolean"><QUALIFIER NAME="CIMTYPE" PROPAGATED="true" TYPE="string" TOINSTANCE="true"><VALUE>boolean</VALUE></QUALIFIER><VALUE>TRUE</VALUE></PROPERTY><PROPERTY NAME="IsQuarantined" CLASSORIGIN="SMS_ConfigurationItemBaseClass" TYPE="boolean"><QUALIFIER NAME="CIMTYPE" PROPAGATED="true" TYPE="string" TOINSTANCE="true"><VALUE>boolean</VALUE></QUALIFIER><VALUE>FALSE</VALUE></PROPERTY><PROPERTY NAME="IsSuperseded" CLASSORIGIN="SMS_ConfigurationItemBaseClass" TYPE="boolean"><QUALIFIER NAME="CIMTYPE" PROPAGATED="true" TYPE="string" TOINSTANCE="true"><VALUE>boolean</VALUE></QUALIFIER><VALUE>FALSE</VALUE></PROPERTY><PROPERTY NAME="IsSuperseding" CLASSORIGIN="SMS_Application" TYPE="boolean"><QUALIFIER NAME="CIMTYPE" PROPAGATED="true" TYPE="string" TOINSTANCE="true"><VALUE>boolean</VALUE></QUALIFIER><VALUE>FALSE</VALUE></PROPERTY><PROPERTY NAME="IsUserDefined" CLASSORIGIN="SMS_ConfigurationItemBaseClass" TYPE="boolean"><QUALIFIER NAME="CIMTYPE" PROPAGATED="true" TYPE="string" TOINSTANCE="true"><VALUE>boolean</VALUE></QUALIFIER><VALUE>TRUE</VALUE></PROPERTY><PROPERTY NAME="IsVersionCompatible" CLASSORIGIN="SMS_ConfigurationItemBaseClass" TYPE="boolean"><QUALIFIER NAME="CIMTYPE" PROPAGATED="true" TYPE="string" TOINSTANCE="true"><VALUE>boolean</VALUE></QUALIFIER></PROPERTY><PROPERTY NAME="LastModifiedBy" CLASSORIGIN="SMS_ConfigurationItemBaseClass" TYPE="string"><QUALIFIER NAME="CIMTYPE" PROPAGATED="true" TYPE="string" TOINSTANCE="true"><VALUE>string</VALUE></QUALIFIER><VALUE>AUSTIN\engr-cm12admin</VALUE></PROPERTY><PROPERTY.ARRAY NAME="LocalizedCategoryInstanceNames" CLASSORIGIN="SMS_ConfigurationItemBaseClass" TYPE="string"><QUALIFIER NAME="CIMTYPE" PROPAGATED="true" TYPE="string" TOINSTANCE="true"><VALUE>string</VALUE></QUALIFIER><VALUE.ARRAY></VALUE.ARRAY></PROPERTY.ARRAY><PROPERTY NAME="LocalizedDescription" CLASSORIGIN="SMS_ConfigurationItemBaseClass" TYPE="string"><QUALIFIER NAME="CIMTYPE" PROPAGATED="true" TYPE="string" TOINSTANCE="true"><VALUE>string</VALUE></QUALIFIER><VALUE></VALUE></PROPERTY><PROPERTY NAME="LocalizedDisplayName" CLASSORIGIN="SMS_ConfigurationItemBaseClass" TYPE="string"><QUALIFIER NAME="CIMTYPE" PROPAGATED="true" TYPE="string" TOINSTANCE="true"><VALUE>string</VALUE></QUALIFIER><VALUE>CMFrontend Helpdesk Launcher</VALUE></PROPERTY><PROPERTY NAME="LocalizedInformativeURL" CLASSORIGIN="SMS_ConfigurationItemBaseClass" TYPE="string"><QUALIFIER NAME="CIMTYPE" PROPAGATED="true" TYPE="string" TOINSTANCE="true"><VALUE>string</VALUE></QUALIFIER><VALUE></VALUE></PROPERTY><PROPERTY NAME="LocalizedPropertyLocaleID" CLASSORIGIN="SMS_ConfigurationItemBaseClass" TYPE="uint32"><QUALIFIER NAME="CIMTYPE" PROPAGATED="true" TYPE="string" TOINSTANCE="true"><VALUE>uint32</VALUE></QUALIFIER><VALUE>65535</VALUE></PROPERTY><PROPERTY NAME="LogonRequirement" CLASSORIGIN="SMS_Application" TYPE="uint32"><QUALIFIER NAME="CIMTYPE" PROPAGATED="true" TYPE="string" TOINSTANCE="true"><VALUE>uint32</VALUE></QUALIFIER><VALUE>0</VALUE></PROPERTY><PROPERTY NAME="Manufacturer" CLASSORIGIN="SMS_Application" TYPE="string"><QUALIFIER NAME="CIMTYPE" PROPAGATED="true" TYPE="string" TOINSTANCE="true"><VALUE>string</VALUE></QUALIFIER><VALUE></VALUE></PROPERTY><PROPERTY NAME="ModelID" CLASSORIGIN="SMS_ConfigurationItemBaseClass" TYPE="uint32"><QUALIFIER NAME="CIMTYPE" PROPAGATED="true" TYPE="string" TOINSTANCE="true"><VALUE>uint32</VALUE></QUALIFIER><VALUE>16965008</VALUE></PROPERTY><PROPERTY NAME="ModelName" CLASSORIGIN="SMS_ConfigurationItemBaseClass" TYPE="string"><QUALIFIER NAME="CIMTYPE" PROPAGATED="true" TYPE="string" TOINSTANCE="true"><VALUE>string</VALUE></QUALIFIER><VALUE>ScopeId_169FC6B5-2663-4F45-B17E-A4D82ED163B2/Application_30be2424-cc4a-454a-85e0-cce803e79ced</VALUE></PROPERTY><PROPERTY NAME="NumberOfDependentDTs" CLASSORIGIN="SMS_Application" TYPE="uint32"><QUALIFIER NAME="CIMTYPE" PROPAGATED="true" TYPE="string" TOINSTANCE="true"><VALUE>uint32</VALUE></QUALIFIER><VALUE>0</VALUE></PROPERTY><PROPERTY NAME="NumberOfDependentTS" CLASSORIGIN="SMS_Application" TYPE="uint32"><QUALIFIER NAME="CIMTYPE" PROPAGATED="true" TYPE="string" TOINSTANCE="true"><VALUE>uint32</VALUE></QUALIFIER><VALUE>0</VALUE></PROPERTY><PROPERTY NAME="NumberOfDeployments" CLASSORIGIN="SMS_Application" TYPE="uint32"><QUALIFIER NAME="CIMTYPE" PROPAGATED="true" TYPE="string" TOINSTANCE="true"><VALUE>uint32</VALUE></QUALIFIER><VALUE>1</VALUE></PROPERTY><PROPERTY NAME="NumberOfDeploymentTypes" CLASSORIGIN="SMS_Application" TYPE="uint32"><QUALIFIER NAME="CIMTYPE" PROPAGATED="true" TYPE="string" TOINSTANCE="true"><VALUE>uint32</VALUE></QUALIFIER><VALUE>1</VALUE></PROPERTY><PROPERTY NAME="NumberOfDevicesWithApp" CLASSORIGIN="SMS_Application" TYPE="uint32"><QUALIFIER NAME="CIMTYPE" PROPAGATED="true" TYPE="string" TOINSTANCE="true"><VALUE>uint32</VALUE></QUALIFIER><VALUE>25</VALUE></PROPERTY><PROPERTY NAME="NumberOfDevicesWithFailure" CLASSORIGIN="SMS_Application" TYPE="uint32"><QUALIFIER NAME="CIMTYPE" PROPAGATED="true" TYPE="string" TOINSTANCE="true"><VALUE>uint32</VALUE></QUALIFIER><VALUE>0</VALUE></PROPERTY><PROPERTY NAME="NumberOfSettings" CLASSORIGIN="SMS_Application" TYPE="uint32"><QUALIFIER NAME="CIMTYPE" PROPAGATED="true" TYPE="string" TOINSTANCE="true"><VALUE>uint32</VALUE></QUALIFIER><VALUE>0</VALUE></PROPERTY><PROPERTY NAME="NumberOfUsersWithApp" CLASSORIGIN="SMS_Application" TYPE="uint32"><QUALIFIER NAME="CIMTYPE" PROPAGATED="true" TYPE="string" TOINSTANCE="true"><VALUE>uint32</VALUE></QUALIFIER><VALUE>0</VALUE></PROPERTY><PROPERTY NAME="NumberOfUsersWithFailure" CLASSORIGIN="SMS_Application" TYPE="uint32"><QUALIFIER NAME="CIMTYPE" PROPAGATED="true" TYPE="string" TOINSTANCE="true"><VALUE>uint32</VALUE></QUALIFIER><VALUE>0</VALUE></PROPERTY><PROPERTY NAME="NumberOfUsersWithRequest" CLASSORIGIN="SMS_Application" TYPE="uint32"><QUALIFIER NAME="CIMTYPE" PROPAGATED="true" TYPE="string" TOINSTANCE="true"><VALUE>uint32</VALUE></QUALIFIER><VALUE>0</VALUE></PROPERTY><PROPERTY NAME="NumberOfVirtualEnvironments" CLASSORIGIN="SMS_Application" TYPE="uint32"><QUALIFIER NAME="CIMTYPE" PROPAGATED="true" TYPE="string" TOINSTANCE="true"><VALUE>uint32</VALUE></QUALIFIER><VALUE>0</VALUE></PROPERTY><PROPERTY NAME="PackageID" CLASSORIGIN="SMS_Application" TYPE="string"><QUALIFIER NAME="CIMTYPE" PROPAGATED="true" TYPE="string" TOINSTANCE="true"><VALUE>string</VALUE></QUALIFIER><VALUE>CSE002C2</VALUE></PROPERTY><PROPERTY NAME="PermittedUses" CLASSORIGIN="SMS_ConfigurationItemBaseClass" TYPE="uint32"><QUALIFIER NAME="CIMTYPE" PROPAGATED="true" TYPE="string" TOINSTANCE="true"><VALUE>uint32</VALUE></QUALIFIER><VALUE>0</VALUE></PROPERTY><PROPERTY.ARRAY NAME="PlatformCategoryInstance_UniqueIDs" CLASSORIGIN="SMS_ConfigurationItemBaseClass" TYPE="string"><QUALIFIER NAME="CIMTYPE" PROPAGATED="true" TYPE="string" TOINSTANCE="true"><VALUE>string</VALUE></QUALIFIER><VALUE.ARRAY></VALUE.ARRAY></PROPERTY.ARRAY><PROPERTY NAME="PlatformType" CLASSORIGIN="SMS_ConfigurationItemBaseClass" TYPE="uint32"><QUALIFIER NAME="CIMTYPE" PROPAGATED="true" TYPE="string" TOINSTANCE="true"><VALUE>uint32</VALUE></QUALIFIER><VALUE>1</VALUE></PROPERTY><PROPERTY.OBJECTARRAY NAME="SDMPackageLocalizedData" CLASSORIGIN="SMS_ConfigurationItemBaseClass" PROPAGATED="true" REFERENCECLASS="SMS_SDMPackageLocalizedData"><QUALIFIER NAME="CIMTYPE" PROPAGATED="true" TYPE="string" TOINSTANCE="true"><VALUE>object:SMS_SDMPackageLocalizedData</VALUE></QUALIFIER></PROPERTY.OBJECTARRAY><PROPERTY NAME="SDMPackageVersion" CLASSORIGIN="SMS_ConfigurationItemBaseClass" TYPE="uint32"><QUALIFIER NAME="CIMTYPE" PROPAGATED="true" TYPE="string" TOINSTANCE="true"><VALUE>uint32</VALUE></QUALIFIER><VALUE>4</VALUE></PROPERTY><PROPERTY NAME="SDMPackageXML" CLASSORIGIN="SMS_ConfigurationItemBaseClass" TYPE="string"><QUALIFIER NAME="CIMTYPE" PROPAGATED="true" TYPE="string" TOINSTANCE="true"><VALUE>string</VALUE></QUALIFIER><VALUE><![CDATA[<?xml version="1.0" encoding="utf-16"?><AppMgmtDigest xmlns="http://schemas.microsoft.com/SystemCenterConfigurationManager/2009/AppMgmtDigest" xmlns:xsi="http://www.w3.org/2001/XMLSchema-instance"><Application AuthoringScopeId="ScopeId_169FC6B5-2663-4F45-B17E-A4D82ED163B2" LogicalName="Application_30be2424-cc4a-454a-85e0-cce803e79ced" Version="4"><DisplayInfo DefaultLanguage="en-US"><Info Language="en-US"><Title>CMFrontend Helpdesk Launcher</Title><Version>0.1</Version></Info></DisplayInfo><DeploymentTypes><DeploymentType AuthoringScopeId="ScopeId_169FC6B5-2663-4F45-B17E-A4D82ED163B2" LogicalName="DeploymentType_0ba2c325-80fe-425c-9224-18899091bd93" Version="3"/></DeploymentTypes><Title ResourceId="Res_950952222">CMFrontend Helpdesk Launcher</Title><SoftwareVersion ResourceId="Res_1166226223">0.1</SoftwareVersion><Owners><User Qualifier="LogonName" Id="ENGR-skeiffer-sa"/></Owners><Contacts><User Qualifier="LogonName" Id="ENGR-skeiffer-sa"/></Contacts></Application><DeploymentType AuthoringScopeId="ScopeId_169FC6B5-2663-4F45-B17E-A4D82ED163B2" LogicalName="DeploymentType_0ba2c325-80fe-425c-9224-18899091bd93" Version="3"><Title ResourceId="Res_1112676106">CMFrontendHelpdesk Install 0.1</Title><DeploymentTechnology>GLOBAL/ScriptDeploymentTechnology</DeploymentTechnology><Technology>Script</Technology><Hosting>Native</Hosting><Installer Technology="Script"><ExecutionContext>System</ExecutionContext><Contents><Content ContentId="Content_097539ac-837b-42c8-825c-71799b33ab7d" Version="1"><File Name="CMFronendHelpdesk_install.ps1" Size="1133"/><File Name="CMFronendHelpdesk_uninstall.ps1" Size="251"/><File Name="FrontendHelpdeskLauncher.exe" Size="14072"/><File Name="install.bat" Size="87"/><File Name="uninstall.bat" Size="89"/><Location>\\engr-disk\engr\ConfigMgrSources\Applications\IT_Tools\CMFrontendHelpdeskLauncher\</Location><PeerCache>true</PeerCache><OnFastNetwork>Download</OnFastNetwork><OnSlowNetwork>Download</OnSlowNetwork></Content></Contents><DetectAction><Provider>Local</Provider><Args><Arg Name="ExecutionContext" Type="String">System</Arg><Arg Name="MethodBody" Type="String">&lt;?xml version="1.0" encoding="utf-16"?&gt;
&lt;EnhancedDetectionMethod xmlns="http://schemas.microsoft.com/SystemCenterConfigurationManager/2009/AppMgmtDigest"&gt;
  &lt;Settings xmlns="http://schemas.microsoft.com/SystemCenterConfigurationManager/2009/AppMgmtDigest"&gt;
    &lt;File Is64Bit="true" LogicalName="File_c66aa7f1-f16b-4bf1-8986-42a027ec9596" xmlns="http://schemas.microsoft.com/SystemsCenterConfigurationManager/2009/07/10/DesiredConfiguration"&gt;
      &lt;Annotation xmlns="http://schemas.microsoft.com/SystemsCenterConfigurationManager/2009/06/14/Rules"&gt;
        &lt;DisplayName Text="" /&gt;
        &lt;Description Text="" /&gt;
      &lt;/Annotation&gt;
      &lt;Path&gt;%ProgramFiles%\CMFrontend&lt;/Path&gt;
      &lt;Filter&gt;FrontendHelpdeskLauncher.exe&lt;/Filter&gt;
    &lt;/File&gt;
    &lt;SimpleSetting LogicalName="RegSetting_cdba4c80-8716-4b1c-a07e-ff9f0ce460ce" DataType="String" xmlns="http://schemas.microsoft.com/SystemsCenterConfigurationManager/2009/07/10/DesiredConfiguration"&gt;
      &lt;Annotation xmlns="http://schemas.microsoft.com/SystemsCenterConfigurationManager/2009/06/14/Rules"&gt;
        &lt;DisplayName Text="" /&gt;
        &lt;Description Text="" /&gt;
      &lt;/Annotation&gt;
      &lt;RegistryDiscoverySource Hive="HKEY_CLASSES_ROOT" Depth="Base" Is64Bit="true" CreateMissingPath="true"&gt;
        &lt;Key&gt;cmfrontend&lt;/Key&gt;
        &lt;ValueName&gt;&lt;/ValueName&gt;
      &lt;/RegistryDiscoverySource&gt;
    &lt;/SimpleSetting&gt;
  &lt;/Settings&gt;
  &lt;Rule id="ScopeId_169FC6B5-2663-4F45-B17E-A4D82ED163B2/DeploymentType_0ba2c325-80fe-425c-9224-18899091bd93" Severity="Informational" NonCompliantWhenSettingIsNotFound="false" xmlns="http://schemas.microsoft.com/SystemsCenterConfigurationManager/2009/06/14/Rules"&gt;
    &lt;Annotation&gt;
      &lt;DisplayName Text="" /&gt;
      &lt;Description Text="" /&gt;
    &lt;/Annotation&gt;
    &lt;Expression&gt;
      &lt;Operator&gt;And&lt;/Operator&gt;
      &lt;Operands&gt;
        &lt;Expression&gt;
          &lt;Operator&gt;GreaterEquals&lt;/Operator&gt;
          &lt;Operands&gt;
            &lt;SettingReference AuthoringScopeId="ScopeId_169FC6B5-2663-4F45-B17E-A4D82ED163B2" LogicalName="Application_30be2424-cc4a-454a-85e0-cce803e79ced" Version="1" DataType="Version" SettingLogicalName="File_c66aa7f1-f16b-4bf1-8986-42a027ec9596" SettingSourceType="File" Method="Value" PropertyPath="Version" Changeable="false" /&gt;
            &lt;ConstantValue Value="0.1" DataType="Version" /&gt;
          &lt;/Operands&gt;
        &lt;/Expression&gt;
        &lt;Expression&gt;
          &lt;Operator&gt;Equals&lt;/Operator&gt;
          &lt;Operands&gt;
            &lt;SettingReference AuthoringScopeId="ScopeId_169FC6B5-2663-4F45-B17E-A4D82ED163B2" LogicalName="Application_30be2424-cc4a-454a-85e0-cce803e79ced" Version="1" DataType="String" SettingLogicalName="RegSetting_cdba4c80-8716-4b1c-a07e-ff9f0ce460ce" SettingSourceType="Registry" Method="Value" Changeable="false" /&gt;
            &lt;ConstantValue Value="URL:CMFrontend Protocol Handler" DataType="String" /&gt;
          &lt;/Operands&gt;
        &lt;/Expression&gt;
      &lt;/Operands&gt;
    &lt;/Expression&gt;
  &lt;/Rule&gt;
&lt;/EnhancedDetectionMethod&gt;</Arg></Args></DetectAction><InstallAction><Provider>Script</Provider><Args><Arg Name="InstallCommandLine" Type="String">"install.bat"</Arg><Arg Name="WorkingDirectory" Type="String"/><Arg Name="ExecutionContext" Type="String">System</Arg><Arg Name="RequiresLogOn" Type="String"/><Arg Name="RequiresElevatedRights" Type="Boolean">false</Arg><Arg Name="RequiresUserInteraction" Type="Boolean">false</Arg><Arg Name="RequiresReboot" Type="Boolean">false</Arg><Arg Name="UserInteractionMode" Type="String">Normal</Arg><Arg Name="PostInstallBehavior" Type="String">BasedOnExitCode</Arg><Arg Name="ExecuteTime" Type="Int32">1</Arg><Arg Name="MaxExecuteTime" Type="Int32">15</Arg><Arg Name="RunAs32Bit" Type="Boolean">false</Arg><Arg Name="SuccessExitCodes" Type="Int32[]"><Item>0</Item><Item>1707</Item></Arg><Arg Name="RebootExitCodes" Type="Int32[]"><Item>3010</Item></Arg><Arg Name="HardRebootExitCodes" Type="Int32[]"><Item>1641</Item></Arg><Arg Name="FastRetryExitCodes" Type="Int32[]"><Item>1618</Item></Arg></Args><Contents><Content ContentId="Content_097539ac-837b-42c8-825c-71799b33ab7d" Version="1"/></Contents></InstallAction><UninstallAction><Provider>Script</Provider><Args><Arg Name="InstallCommandLine" Type="String">"uninstall.bat"</Arg><Arg Name="WorkingDirectory" Type="String"/><Arg Name="ExecutionContext" Type="String">System</Arg><Arg Name="RequiresLogOn" Type="String"/><Arg Name="RequiresElevatedRights" Type="Boolean">false</Arg><Arg Name="RequiresUserInteraction" Type="Boolean">false</Arg><Arg Name="RequiresReboot" Type="Boolean">false</Arg><Arg Name="UserInteractionMode" Type="String">Normal</Arg><Arg Name="PostInstallBehavior" Type="String">BasedOnExitCode</Arg><Arg Name="ExecuteTime" Type="Int32">1</Arg><Arg Name="MaxExecuteTime" Type="Int32">15</Arg><Arg Name="RunAs32Bit" Type="Boolean">false</Arg><Arg Name="SuccessExitCodes" Type="Int32[]"><Item>0</Item><Item>1707</Item></Arg><Arg Name="RebootExitCodes" Type="Int32[]"><Item>3010</Item></Arg><Arg Name="HardRebootExitCodes" Type="Int32[]"><Item>1641</Item></Arg><Arg Name="FastRetryExitCodes" Type="Int32[]"><Item>1618</Item></Arg></Args><Contents><Content ContentId="Content_097539ac-837b-42c8-825c-71799b33ab7d" Version="1"/></Contents></UninstallAction><CustomData><DetectionMethod>Enhanced</DetectionMethod><EnhancedDetectionMethod><Settings xmlns="http://schemas.microsoft.com/SystemCenterConfigurationManager/2009/AppMgmtDigest"><File xmlns="http://schemas.microsoft.com/SystemsCenterConfigurationManager/2009/07/10/DesiredConfiguration" Is64Bit="true" LogicalName="File_c66aa7f1-f16b-4bf1-8986-42a027ec9596"><Annotation xmlns="http://schemas.microsoft.com/SystemsCenterConfigurationManager/2009/06/14/Rules"><DisplayName Text=""/><Description Text=""/></Annotation><Path>%ProgramFiles%\CMFrontend</Path><Filter>FrontendHelpdeskLauncher.exe</Filter></File><SimpleSetting xmlns="http://schemas.microsoft.com/SystemsCenterConfigurationManager/2009/07/10/DesiredConfiguration" LogicalName="RegSetting_cdba4c80-8716-4b1c-a07e-ff9f0ce460ce" DataType="String"><Annotation xmlns="http://schemas.microsoft.com/SystemsCenterConfigurationManager/2009/06/14/Rules"><DisplayName Text=""/><Description Text=""/></Annotation><RegistryDiscoverySource Hive="HKEY_CLASSES_ROOT" Depth="Base" Is64Bit="true" CreateMissingPath="true"><Key>cmfrontend</Key><ValueName/></RegistryDiscoverySource></SimpleSetting></Settings><Rule xmlns="http://schemas.microsoft.com/SystemsCenterConfigurationManager/2009/06/14/Rules" id="ScopeId_169FC6B5-2663-4F45-B17E-A4D82ED163B2/DeploymentType_0ba2c325-80fe-425c-9224-18899091bd93" Severity="Informational" NonCompliantWhenSettingIsNotFound="false"><Annotation><DisplayName Text=""/><Description Text=""/></Annotation><Expression><Operator>And</Operator><Operands><Expression><Operator>GreaterEquals</Operator><Operands><SettingReference AuthoringScopeId="ScopeId_169FC6B5-2663-4F45-B17E-A4D82ED163B2" LogicalName="Application_30be2424-cc4a-454a-85e0-cce803e79ced" Version="1" DataType="Version" SettingLogicalName="File_c66aa7f1-f16b-4bf1-8986-42a027ec9596" SettingSourceType="File" Method="Value" PropertyPath="Version" Changeable="false"/><ConstantValue Value="0.1" DataType="Version"/></Operands></Expression><Expression><Operator>Equals</Operator><Operands><SettingReference AuthoringScopeId="ScopeId_169FC6B5-2663-4F45-B17E-A4D82ED163B2" LogicalName="Application_30be2424-cc4a-454a-85e0-cce803e79ced" Version="1" DataType="String" SettingLogicalName="RegSetting_cdba4c80-8716-4b1c-a07e-ff9f0ce460ce" SettingSourceType="Registry" Method="Value" Changeable="false"/><ConstantValue Value="URL:CMFrontend Protocol Handler" DataType="String"/></Operands></Expression></Operands></Expression></Rule></EnhancedDetectionMethod><InstallCommandLine>"install.bat"</InstallCommandLine><InstallContent ContentId="Content_097539ac-837b-42c8-825c-71799b33ab7d" Version="1"/><UninstallCommandLine>"uninstall.bat"</UninstallCommandLine><ExecuteTime>1</ExecuteTime><MaxExecuteTime>15</MaxExecuteTime><ExitCodes><ExitCode Code="0" Class="Success"/><ExitCode Code="1707" Class="Success"/><ExitCode Code="3010" Class="SoftReboot"/><ExitCode Code="1641" Class="HardReboot"/><ExitCode Code="1618" Class="FastRetry"/></ExitCodes><AllowUninstall>true</AllowUninstall></CustomData></Installer></DeploymentType></AppMgmtDigest>]]></VALUE></PROPERTY><PROPERTY.ARRAY NAME="SecuredScopeNames" CLASSORIGIN="SMS_ConfigurationItemBaseClass" TYPE="string"><QUALIFIER NAME="CIMTYPE" PROPAGATED="true" TYPE="string" TOINSTANCE="true"><VALUE>string</VALUE></QUALIFIER><VALUE.ARRAY><VALUE>Shared Content</VALUE><VALUE>ITG</VALUE><VALUE>ME</VALUE><VALUE>NETL</VALUE></VALUE.ARRAY></PROPERTY.ARRAY><PROPERTY NAME="SedoObjectVersion" CLASSORIGIN="SMS_ConfigurationItemBaseClass" TYPE="string"><QUALIFIER NAME="CIMTYPE" PROPAGATED="true" TYPE="string" TOINSTANCE="true"><VALUE>string</VALUE></QUALIFIER><VALUE>F8DDDF9E-8C56-499A-95E5-5BC301918803</VALUE></PROPERTY><PROPERTY NAME="SoftwareVersion" CLASSORIGIN="SMS_Application" TYPE="string"><QUALIFIER NAME="CIMTYPE" PROPAGATED="true" TYPE="string" TOINSTANCE="true"><VALUE>string</VALUE></QUALIFIER><VALUE>0.1</VALUE></PROPERTY><PROPERTY NAME="SourceCIVersion" CLASSORIGIN="SMS_Application" TYPE="uint32"><QUALIFIER NAME="CIMTYPE" PROPAGATED="true" TYPE="string" TOINSTANCE="true"><VALUE>uint32</VALUE></QUALIFIER><VALUE>0</VALUE></PROPERTY><PROPERTY NAME="SourceModelName" CLASSORIGIN="SMS_Application" TYPE="string"><QUALIFIER NAME="CIMTYPE" PROPAGATED="true" TYPE="string" TOINSTANCE="true"><VALUE>string</VALUE></QUALIFIER><VALUE></VALUE></PROPERTY><PROPERTY NAME="SourceSite" CLASSORIGIN="SMS_ConfigurationItemBaseClass" TYPE="string"><QUALIFIER NAME="CIMTYPE" PROPAGATED="true" TYPE="string" TOINSTANCE="true"><VALUE>string</VALUE></QUALIFIER><VALUE>CSE</VALUE></PROPERTY><PROPERTY NAME="SummarizationTime" CLASSORIGIN="SMS_Application" TYPE="datetime"><QUALIFIER NAME="CIMTYPE" PROPAGATED="true" TYPE="string" TOINSTANCE="true"><VALUE>datetime</VALUE></QUALIFIER><VALUE>20160915184003.000000+000</VALUE></PROPERTY></INSTANCE>