{
  "WorkItem": {
    "AffectedComponent": {
      "Name": "",
      "DisplayName": ""
    },
    "ClosedComment": "",
    "ClosedDate": null,
    "CommentCount": 0,
    "Custom": null,
    "Description": "This action would restore default security settings in Windows registry.\n \nFor XPs: secedit /configure /cfg %windir%\\repair\\secsetup.inf /db secsetup.sdb /verbose\nFor Vista+: secedit /configure /cfg %windir%\\inf\\defltbase.inf /db defltbase.sdb /verbose",
    "LastUpdatedDate": "2013-06-14T00:29:27.403-07:00",
    "PlannedForRelease": "SCCM Client Actions Tool v1.0",
    "ReleaseVisibleToPublic": true,
    "Priority": {
      "Name": "Low",
      "Severity": 50,
      "Id": 1
    },
    "ProjectName": "sccmcat",
    "ReportedDate": "2011-12-02T14:38:29.11-08:00",
    "Status": {
      "Name": "Resolved",
      "Id": 7
    },
    "ReasonClosed": {
      "Name": "Unassigned"
    },
    "Summary": "Reset security settings action",
    "Type": {
      "Name": "Feature",
      "Id": 1
    },
    "VoteCount": 1,
    "Id": 715
  },
  "FileAttachments": [],
  "Comments": []
}