{
  "WorkItem": {
    "AffectedComponent": {
      "Name": "",
      "DisplayName": ""
    },
    "ClosedComment": "Solved by changing Windows 7 group policies.",
    "ClosedDate": "2011-11-08T08:16:33.867-08:00",
    "CommentCount": 0,
    "Custom": null,
    "Description": "This tool is working great on the XP boxes I manage, but I cannot get it to work to manage remote Win7 boxes.  I have tried running the HTA tool from XP and Win7 environments and I stiil get errors when trying to do anything on Win7 Clients.  Here are some examples of error messages:\n \nRunning action \"Open SCCM client setup folder\" on computers...\n* Connecting to MMAOIFTXL007...\n !! Failed to connect to WMI namespace \"root\\CIMV2\" on MMAOIFTXL007. Error 462 (The remote server machine does not exist or is unavailable)\n \nRunning action \"Software Updates Scan Cycle\" on computers...\n* Connecting to MMAOIFTXL007...\n !! Failed to connect to WMI namespace \"root\\CIMV2\" on MMAOIFTXL007. Error 462 (The remote server machine does not exist or is unavailable)\n \nRunning action \"Fix WMI\" on computers...\n* Connecting to MMAOIFTXL007...\n Fixing WMI on MMAOIFTXL007...\n  >> Fixing WMI...\n !! Failed to connect to WMI namespace \"root\\CIMV2\" on MMAOIFTXL007. Error 462 (The remote server machine does not exist or is unavailable)",
    "LastUpdatedDate": "2013-05-16T04:24:54.9-07:00",
    "PlannedForRelease": "",
    "ReleaseVisibleToPublic": false,
    "Priority": {
      "Name": "Low",
      "Severity": 50,
      "Id": 1
    },
    "ProjectName": "sccmcat",
    "ReportedDate": "2011-11-07T10:40:47.043-08:00",
    "Status": {
      "Name": "Closed",
      "Id": 4
    },
    "ReasonClosed": {
      "Name": "Unassigned"
    },
    "Summary": "Windows 7 Support?",
    "Type": {
      "Name": "Issue",
      "Id": 3
    },
    "VoteCount": 1,
    "Id": 680
  },
  "FileAttachments": [],
  "Comments": [
    {
      "Message": "Hi,\r\n\r\nI can't see that as an issue, because I've been successfully managing all Windows 7 clients with SCCM CAT without problems. Please check your WMI connectivity. SCCM CAT relies on WMI connection. So, make sure there are no firewalls blocking DCOM traffic. It may also be caused by different security policies on your Windows 7 workstations. \r\nTry to run wbemtest and connect to \\\\remoteWin7computer\\root\\cimv2 namespace. Does it work?",
      "PostedDate": "2011-11-07T11:16:45.01-08:00",
      "Id": -2147483648
    },
    {
      "Message": "Have a look at this article describing WMI connectivity since Windows Vista:\r\nhttp://msdn.microsoft.com/en-us/library/windows/desktop/aa822854(v=vs.85).aspx\r\n\r\nThis might give some good ideas.",
      "PostedDate": "2011-11-07T11:18:44.55-08:00",
      "Id": -2147483648
    },
    {
      "Message": "THANKS for pointing me in the right direction.  I cannot connect with wbemtest, so I know where to start.  I'll work on this more tomorrow and let you know what I find.  ",
      "PostedDate": "2011-11-07T12:00:04.343-08:00",
      "Id": -2147483648
    },
    {
      "Message": "THANKS pr3m!  The MS article allowed me to create a new GPO for our Win7 boxes and all is good now.  TYVM!!",
      "PostedDate": "2011-11-08T05:50:55.433-08:00",
      "Id": -2147483648
    },
    {
      "Message": "Glad to be of service! :) I hope SCCM CAT will serve you well.",
      "PostedDate": "2011-11-08T08:16:08.797-08:00",
      "Id": -2147483648
    },
    {
      "Message": "",
      "PostedDate": "2011-11-08T08:16:33.867-08:00",
      "Id": -2147483648
    },
    {
      "Message": "",
      "PostedDate": "2013-02-21T16:59:32.433-08:00",
      "Id": -2147483648
    },
    {
      "Message": "",
      "PostedDate": "2013-05-16T04:24:54.9-07:00",
      "Id": -2147483648
    }
  ]
}