{
  "WorkItem": {
    "AffectedComponent": {
      "Name": "",
      "DisplayName": ""
    },
    "ClosedComment": "",
    "ClosedDate": null,
    "CommentCount": 0,
    "Custom": null,
    "Description": "Hi Team,\n\nWhen I run a health check on a particular client it comes up unhealthy and the only error message within the data is \"EnableRemoteConnect is not enabled\" Does anyone know what could be causing this error or how to resolve it on the computer I'm scanning? I have Googled the phrase extensively and have found nothing for or on it. Really good software, I love it.\n\nThanks in advance!",
    "LastUpdatedDate": "2015-03-20T09:29:05.26-07:00",
    "PlannedForRelease": "",
    "ReleaseVisibleToPublic": false,
    "Priority": {
      "Name": "Unassigned",
      "Severity": 0,
      "Id": 0
    },
    "ProjectName": "sccmcat",
    "ReportedDate": "2015-03-20T09:29:05.26-07:00",
    "Status": {
      "Name": "Proposed",
      "Id": 1
    },
    "ReasonClosed": {
      "Name": "Unassigned"
    },
    "Summary": "Is anyone familiar with \"EnableRemoteConnect\" message?",
    "Type": {
      "Name": "Unassigned",
      "Id": 5
    },
    "VoteCount": 1,
    "Id": 1577
  },
  "FileAttachments": [],
  "Comments": []
}