{
  "WorkItem": {
    "AffectedComponent": {
      "Name": "",
      "DisplayName": ""
    },
    "ClosedComment": "",
    "ClosedDate": "2011-11-15T14:21:31.623-08:00",
    "CommentCount": 0,
    "Custom": null,
    "Description": "In some environments DCOM and WMI traffic may be allowed but not ping (ICMP). As most of the actions will do ping test first it's not possible to run any actions.\nTo solve this, add an option in configuration file that allows disabling ping test for all actions.",
    "LastUpdatedDate": "2013-05-16T04:24:56.287-07:00",
    "PlannedForRelease": "SCCM Client Actions Tool v0.8",
    "ReleaseVisibleToPublic": true,
    "Priority": {
      "Name": "Low",
      "Severity": 50,
      "Id": 1
    },
    "ProjectName": "sccmcat",
    "ReportedDate": "2011-09-29T08:28:11.18-07:00",
    "Status": {
      "Name": "Closed",
      "Id": 4
    },
    "ReasonClosed": {
      "Name": "Unassigned"
    },
    "Summary": "Allow disabling ping test",
    "Type": {
      "Name": "Issue",
      "Id": 3
    },
    "VoteCount": 2,
    "Id": 606
  },
  "FileAttachments": [],
  "Comments": []
}