displayName,objectType,credentialType,credentialStartDateTime,credentialEndDateTime,credentialUsage,certSubject,certIssuer,certIsSelfSigned,certSignatureAlgorithm,certKeySize,credentialHasExtendedValue
"ConfigMgrSvc_81acdef9-1ea4-4f7e-ad67-ba0a5b5f941a","Application","Password","2020-04-27T10:44:20.8194371Z","2021-04-27T10:44:20.8194371Z",,,,,,,
"MEM-Reporting","Application","Password","2021-12-02T11:30:21.543Z","2023-12-02T11:30:21.543Z",,,,,,,
"SCCMWebapp-CB1","Application","Password","2023-07-15T17:52:18.0916682Z","2025-07-15T17:52:18.0916682Z",,,,,,,
"ConfigMgrSvc_2411ad74-3de5-4e94-979f-a36d454d3286","Application","Password","2022-06-03T06:40:20.0078143Z","2024-06-03T06:40:20.0078143Z",,,,,,,
"ConfigMgrSvc_2411ad74-3de5-4e94-979f-a36d454d3286","Application","Password","2021-06-29T16:12:47.2436125Z","2022-06-29T16:12:47.2436125Z",,,,,,,
"ConfigMgr Desktop Analytics","Application","Password","2019-11-15T10:26:01.020566Z","2021-11-15T10:26:01.020566Z",,,,,,,
"Intune - API","Application","Password","2022-10-27T03:15:05.411Z","2024-10-27T03:15:05.411Z",,,,,,,
"Sub-Owner","Application","Password","2019-10-08T06:57:42.487Z","2299-12-30T16:00:00Z",,,,,,,
"DACMCB","Application","Password","2022-02-28T05:27:04.4554926Z","2024-02-28T05:27:04.4554926Z",,,,,,,
"DACMCB","Application","Password","2020-04-27T11:56:53.8510427Z","2022-04-27T11:56:53.8510427Z",,,,,,,
"CMTP Web App","Application","Password","2019-10-08T08:31:39.6721777Z","2021-10-08T08:31:39.6721777Z",,,,,,,
"Dolby - Workday","Application","Password","2023-06-05T05:29:46.9655946Z","2024-06-04T05:33:46.9655946Z",,,,,,,
"Dolby - Workday","Application","Password","2022-08-04T14:45:48.7101514Z","2023-08-04T14:49:48.7101514Z",,,,,,,
"Dolby - Workday","Application","Password","2021-10-30T11:48:37.1036418Z","2022-10-31T11:48:37.1036418Z",,,,,,,
"CMCB-ServerApp","Application","Password","2022-02-28T05:26:44.8147099Z","2024-02-28T05:26:44.8147099Z",,,,,,,
"CMCB-ServerApp","Application","Password","2020-03-17T04:16:35.0335361Z","2022-03-17T04:16:35.0335361Z",,,,,,,
"ConfigMgr-MsfB01","Application","Password","2022-06-03T06:40:42.8051894Z","2024-06-03T06:40:42.8051894Z",,,,,,,
"ConfigMgr-MsfB01","Application","Password","2020-09-07T14:20:14.1207632Z","2022-09-07T14:20:14.1207632Z",,,,,,,
"SCCMServerApp-CB1","Application","Password","2023-07-14T16:41:11.4194673Z","2025-07-14T16:41:11.4194673Z",,,,,,,
"CA API","Application","Password","2022-01-13T04:20:34.2819295Z","2022-07-13T04:20:34.1969219Z",,,,,,,
"dbs-nice-recording","Application","Password","2020-09-06T12:44:58.402Z","2021-09-06T12:44:49.473Z",,,,,,,
"MonitorCAPolicies","Application","Password","2022-01-26T07:04:20.127Z","2023-01-26T07:04:20.127Z",,,,,,,
"Intune Certificate Connector","Application","Password","2023-07-29T00:46:02.365552Z","2024-07-28T00:50:02.365552Z",,,,,,,
"Intune Certificate Connector","Application","Password","2022-09-26T23:20:22.467985Z","2023-09-26T23:24:22.467985Z",,,,,,,
"Intune Certificate Connector","Application","Password","2021-12-21T01:20:37.9223637Z","2022-12-22T01:20:37.9223637Z",,,,,,,
"ServerApp-CB1","Application","Password","2023-07-14T15:30:46.7123162Z","2025-07-14T15:30:46.7123162Z",,,,,,,
"PatchMyPC","Application","Password","2021-10-27T17:23:27.69Z","2023-10-27T17:23:27.69Z",,,,,,,
"CMTP-ServerApp","Application","Password","2020-05-07T13:50:55.5772968Z","2022-05-07T13:50:55.5772968Z",,,,,,,
"SCCMMsfb","Application","Password","2019-11-25T14:44:18.3274613Z","2021-11-25T14:44:18.3274613Z",,,,,,,
"efk-automation_zJQrBjFMqHURZIzXYAiL6PRDKCKUsKAlfa+snv4rRzM=","Application","AsymmetricX509Cert","2019-10-07T00:00:00Z","2020-10-08T00:00:00Z","Verify","DC=efk-automation_CMCB-Lab_2410cfec-8b97-4b31-8fe5-d86929eefb06","DC=efk-automation_CMCB-Lab_2410cfec-8b97-4b31-8fe5-d86929eefb06","True","sha256RSA","2048",
"SCCMServerAppVM01","Application","Password","2020-05-19T15:35:37.8197651Z","2022-05-19T15:35:37.8197651Z",,,,,,,
"SCCMServerappPKI","Application","Password","2021-03-27T18:48:03.8953345Z","2299-12-31T12:00:00Z",,,,,,,
"ConfigMgrSvc_b6967224-b42a-4a41-8bd8-6f47438ebbe3","Application","Password","2020-05-30T12:36:47.8707654Z","2021-05-30T12:36:47.8707654Z",,,,,,,
"AdminDroid Service Application","Application","AsymmetricX509Cert","2019-12-24T16:00:00Z","2024-12-25T16:00:00Z","Verify","CN=appcert","CN=appcert","True","sha1RSA","4096",
"AdminDroid Service Application","Application","AsymmetricX509Cert","2020-10-19T16:00:00Z","2025-10-20T16:00:00Z","Verify","CN=appcert","CN=appcert","True","sha1RSA","4096",
"AdminDroid Service Application","Application","Password","2019-12-26T05:25:42.9383214Z","2024-12-26T05:25:42.9383214Z",,,,,,,
"AdminDroid Service Application","Application","Password","2020-10-21T08:01:52.5187399Z","2025-10-21T08:01:52.5187399Z",,,,,,,
"ConfigMgrSvc_f21a15ca-b2c5-412e-8ca2-e0ad9b2094c3","Application","Password","2023-07-14T16:44:27.9226492Z","2024-07-14T16:44:27.9226492Z",,,,,,,
"CMCBClientWebApp","Application","Password","2019-10-06T09:31:59.0248034Z","2021-10-06T09:31:59.0248034Z",,,,,,,
"ConfigMgrSvc_3fd8c0b9-f262-4444-a2bf-e71c29b8a01d","Application","Password","2021-05-14T09:37:52.7427744Z","2022-05-14T09:37:52.7427744Z",,,,,,,
"fattyasswar","Service Principal","AsymmetricX509Cert","2023-07-22T06:14:00Z","2023-10-20T06:14:00Z","Verify","CN=6fbfed8d-8d09-4eb6-a71f-303fa8a9651b","CN=Microsoft.ManagedIdentity","False","sha256RSA","2048",
"AADPasswordProtectionProxy","Service Principal","AsymmetricX509Cert","2020-01-17T04:11:31Z","2021-01-16T16:11:28Z","Verify","CN=AzureADPasswordProtectionProxy","CN=AzureADBPLRootPolicyCert_3992590E-6F9B-4AA1-AA9F-D7717C111B07","False","sha256RSA","4096",
"AADPasswordProtectionProxy","Service Principal","AsymmetricX509Cert","2020-01-22T08:28:38Z","2021-01-19T06:20:01Z","Verify","CN=AzureADPasswordProtectionProxy","CN=AzureADBPLRootPolicyCert_3992590E-6F9B-4AA1-AA9F-D7717C111B07","False","sha256RSA","4096",
"P2P Server","Service Principal","AsymmetricX509Cert","2023-07-14T00:00:00Z","2024-07-14T00:00:00Z","Sign",,,,,,
"P2P Server","Service Principal","AsymmetricX509Cert","2022-08-11T00:00:00Z","2023-08-11T00:00:00Z","Sign",,,,,,
"P2P Server","Service Principal","AsymmetricX509Cert","2022-08-11T00:00:00Z","2023-08-11T00:00:00Z","Sign",,,,,,
"P2P Server","Service Principal","AsymmetricX509Cert","2021-08-27T00:00:00Z","2022-08-27T00:00:00Z","Sign",,,,,,
"P2P Server","Service Principal","AsymmetricX509Cert","2018-09-01T00:00:00Z","2019-09-01T00:00:00Z","Sign",,,,,,
"P2P Server","Service Principal","AsymmetricX509Cert","2019-10-06T00:00:00Z","2020-10-06T00:00:00Z","Sign",,,,,,
"P2P Server","Service Principal","AsymmetricX509Cert","2020-09-07T00:00:00Z","2021-09-07T00:00:00Z","Sign",,,,,,
"P2P Server","Service Principal","Password","2023-07-14T00:00:00Z","2024-07-14T00:00:00Z",,,,,,,
"P2P Server","Service Principal","Password","2022-08-11T00:00:00Z","2023-08-11T00:00:00Z",,,,,,,
"P2P Server","Service Principal","Password","2022-08-11T00:00:00Z","2023-08-11T00:00:00Z",,,,,,,
"P2P Server","Service Principal","Password","2021-08-27T00:00:00Z","2022-08-27T00:00:00Z",,,,,,,
"P2P Server","Service Principal","Password","2018-09-01T00:00:00Z","2019-09-01T00:00:00Z",,,,,,,
"P2P Server","Service Principal","Password","2019-10-06T00:00:00Z","2020-10-06T00:00:00Z",,,,,,,
"P2P Server","Service Principal","Password","2020-09-07T00:00:00Z","2021-09-07T00:00:00Z",,,,,,,
