id,deletedDateTime,appRoleId,createdDateTime,principalDisplayName,principalId,principalType,resourceDisplayName,resourceId
"6DpWBvzGZEO00uEf4jU35PjhJFLLPZVHuvTeIhAITE4",,"00000000-0000-0000-0000-000000000000","2021-03-19T18:20:21.541593Z","Eswar Koneti","06563ae8-c6fc-4364-b4d2-e11fe23537e4","User","MVP Summit","0ca0e796-5d24-40fb-bbdd-088cd195f50e"
"6DpWBvzGZEO00uEf4jU35J5aQtCgEX9Cn4ecPKeEGDw",,"00000000-0000-0000-0000-000000000000","2021-12-02T11:22:55.0499541Z","Eswar Koneti","06563ae8-c6fc-4364-b4d2-e11fe23537e4","User","MEM-Reporting","0d9cdc32-8bee-4977-af64-90620378d3b0"
"6DpWBvzGZEO00uEf4jU35Ly3FCpJvYZMrlLhLExI1dE",,"00000000-0000-0000-0000-000000000000","2018-01-07T03:12:12.1396562Z","Eswar Koneti","06563ae8-c6fc-4364-b4d2-e11fe23537e4","User","Graph explorer","247d9b2a-df2e-48a2-8b1d-e997a3095cb7"
"bpFCrBvYZkqiyC6YtO-x1hlG9_NWaUJIrkbRxrA8uu8",,"1138cb37-bd11-4084-a2b7-9f71582aeddb","2017-10-02T15:34:01.7554987Z","On-premises MDM application","ac42916e-d81b-4a66-a2c8-2e98b4efb1d6","ServicePrincipal","Windows Azure Active Directory","3167ece0-7143-42a1-ad48-9fd8e3093639"
"YNibXUuv6UK-XQHCKGCiZN7zd4OUBTVPnINjRydSPyc",,"78c8a3c8-a07e-4b9e-af1b-b5ccab50a175","2019-12-26T05:25:51.9969905Z","AdminDroid Service Application","5d9bd860-af4b-42e9-be5d-01c22860a264","ServicePrincipal","Windows Azure Active Directory","3167ece0-7143-42a1-ad48-9fd8e3093639"
"6DpWBvzGZEO00uEf4jU35Hc9u1fwMNNHlSQAkdYV6e4",,"00000000-0000-0000-0000-000000000000","2022-01-17T11:50:20.1471551Z","Eswar Koneti","06563ae8-c6fc-4364-b4d2-e11fe23537e4","User","HP MEM Connector Services","321d561b-7425-4de7-a5b1-afad852f65d5"
"6DpWBvzGZEO00uEf4jU35Fw2ELtDrydMvOqNt3oP3WY",,"00000000-0000-0000-0000-000000000000","2020-08-06T01:00:47.9941091Z","Eswar Koneti","06563ae8-c6fc-4364-b4d2-e11fe23537e4","User","Universal Print Onboarding","4531cd70-c154-409f-adcb-bc71d3d880eb"
"YNibXUuv6UK-XQHCKGCiZC7xWYTmbINEsRxSrFHImic",,"678536fe-1083-478a-9c59-b99265e6b0d3","2019-12-26T05:25:51.0535117Z","AdminDroid Service Application","5d9bd860-af4b-42e9-be5d-01c22860a264","ServicePrincipal","Office 365 SharePoint Online","456070e6-ad95-4fdd-bf2c-9da346c7ce7a"
"153LUoOuCkaQVdIexSeRnhxcrMJefCJCpZYywWtW79o",,"1ce9e34f-35e8-4af8-b172-09e4dd00453d","2020-04-27T10:44:31.2366679Z","ConfigMgrSvc_2411ad74-3de5-4e94-979f-a36d454d3286","52cb9dd7-ae83-460a-9055-d21ec527919e","ServicePrincipal","Configuration Manager Microservice","58ab076f-15e1-4339-a615-78af49df04ea"
"153LUoOuCkaQVdIexSeRnjhTg4WEYPJMtbABH2Y_Y1M",,"a7a0e953-7ed2-423c-849f-9d78b5e44612","2020-04-27T10:44:30.8431548Z","ConfigMgrSvc_2411ad74-3de5-4e94-979f-a36d454d3286","52cb9dd7-ae83-460a-9055-d21ec527919e","ServicePrincipal","Configuration Manager Microservice","58ab076f-15e1-4339-a615-78af49df04ea"
"T0jGx0AUZ0-tNIYO8EcbEjVoX0mYFEpOoVPv-YARoAk",,"1ce9e34f-35e8-4af8-b172-09e4dd00453d","2020-05-30T12:37:02.9477463Z","ConfigMgrSvc_3fd8c0b9-f262-4444-a2bf-e71c29b8a01d","c7c6484f-1440-4f67-ad34-860ef0471b12","ServicePrincipal","Configuration Manager Microservice","58ab076f-15e1-4339-a615-78af49df04ea"
"T0jGx0AUZ0-tNIYO8EcbEjuHfFMVtrVHkk2WSK1Hv20",,"a7a0e953-7ed2-423c-849f-9d78b5e44612","2020-05-30T12:37:02.2923599Z","ConfigMgrSvc_3fd8c0b9-f262-4444-a2bf-e71c29b8a01d","c7c6484f-1440-4f67-ad34-860ef0471b12","ServicePrincipal","Configuration Manager Microservice","58ab076f-15e1-4339-a615-78af49df04ea"
"Ze2iPkLO9UuOLGl6SJ1OfFae73shgXpLvkJuon3rSBI",,"1ce9e34f-35e8-4af8-b172-09e4dd00453d","2020-04-27T10:44:24.8195809Z","ConfigMgrSvc_81acdef9-1ea4-4f7e-ad67-ba0a5b5f941a","3ea2ed65-ce42-4bf5-8e2c-697a489d4e7c","ServicePrincipal","Configuration Manager Microservice","58ab076f-15e1-4339-a615-78af49df04ea"
"Ze2iPkLO9UuOLGl6SJ1OfHBTvxWoF9RCv0ZeIN_SgLQ",,"a7a0e953-7ed2-423c-849f-9d78b5e44612","2020-04-27T10:44:24.4125074Z","ConfigMgrSvc_81acdef9-1ea4-4f7e-ad67-ba0a5b5f941a","3ea2ed65-ce42-4bf5-8e2c-697a489d4e7c","ServicePrincipal","Configuration Manager Microservice","58ab076f-15e1-4339-a615-78af49df04ea"
"_fy1KYUuREygGtBpUfAwX5AHTg4KzOFCpfpuPUEsbis",,"1ce9e34f-35e8-4af8-b172-09e4dd00453d","2019-11-15T10:26:05.434364Z","ConfigMgr Desktop Analytics","29b5fcfd-2e85-4c44-a01a-d06951f0305f","ServicePrincipal","Configuration Manager Microservice","58ab076f-15e1-4339-a615-78af49df04ea"
"_fy1KYUuREygGtBpUfAwX07abYKyfXRGuFFb91dh6_o",,"a7a0e953-7ed2-423c-849f-9d78b5e44612","2019-11-15T10:26:04.8994065Z","ConfigMgr Desktop Analytics","29b5fcfd-2e85-4c44-a01a-d06951f0305f","ServicePrincipal","Configuration Manager Microservice","58ab076f-15e1-4339-a615-78af49df04ea"
"mXu9I4wUq0-dfDWqTi81YJu8Lm3Tmj9KmOLXvNK9r-Y",,"1ce9e34f-35e8-4af8-b172-09e4dd00453d","2020-05-30T12:36:53.994397Z","ConfigMgrSvc_b6967224-b42a-4a41-8bd8-6f47438ebbe3","23bd7b99-148c-4fab-9d7c-35aa4e2f3560","ServicePrincipal","Configuration Manager Microservice","58ab076f-15e1-4339-a615-78af49df04ea"
"mXu9I4wUq0-dfDWqTi81YM0ydUnvxkBCqSKN15WQzLU",,"a7a0e953-7ed2-423c-849f-9d78b5e44612","2020-05-30T12:36:53.3698783Z","ConfigMgrSvc_b6967224-b42a-4a41-8bd8-6f47438ebbe3","23bd7b99-148c-4fab-9d7c-35aa4e2f3560","ServicePrincipal","Configuration Manager Microservice","58ab076f-15e1-4339-a615-78af49df04ea"
"7J0w4FA2GkyZK9lPHiCH8tBgX9qdTkBGv_enC10C9yM",,"1ce9e34f-35e8-4af8-b172-09e4dd00453d","2020-04-27T11:56:57.3025735Z","DACMCB","e0309dec-3650-4c1a-992b-d94f1e2087f2","ServicePrincipal","Configuration Manager Microservice","58ab076f-15e1-4339-a615-78af49df04ea"
"7J0w4FA2GkyZK9lPHiCH8ss0S9rkK_tNvcnuaY9pvsc",,"a7a0e953-7ed2-423c-849f-9d78b5e44612","2020-04-27T11:56:56.8919323Z","DACMCB","e0309dec-3650-4c1a-992b-d94f1e2087f2","ServicePrincipal","Configuration Manager Microservice","58ab076f-15e1-4339-a615-78af49df04ea"
"LcJfH5UbQ0uIi6VIukVmn176YL8CZ6ZMsrLc5RtRTVU",,"c22b119a-bb68-45ab-8a0a-ef26bc7a66e7","2020-05-30T11:41:17.5361621Z","Eswar Koneti","1f5fc22d-1b95-4b43-888b-a548ba45669f","User","Configuration Manager Microservice","58ab076f-15e1-4339-a615-78af49df04ea"
"6DpWBvzGZEO00uEf4jU35NhTlA9G4MtAkRZdcVxFp7U",,"c22b119a-bb68-45ab-8a0a-ef26bc7a66e7","2020-09-20T04:46:44.0791265Z","Eswar Koneti","06563ae8-c6fc-4364-b4d2-e11fe23537e4","User","Configuration Manager Microservice","58ab076f-15e1-4339-a615-78af49df04ea"
"wSiZcg4D-0OWIC2AVv3dc_oR8VMS_ZtOrJU2uN7qYIk",,"1ce9e34f-35e8-4af8-b172-09e4dd00453d","2023-07-14T16:44:29.9655944Z","ConfigMgrSvc_f21a15ca-b2c5-412e-8ca2-e0ad9b2094c3","729928c1-030e-43fb-9620-2d8056fddd73","ServicePrincipal","Configuration Manager Microservice","58ab076f-15e1-4339-a615-78af49df04ea"
"wSiZcg4D-0OWIC2AVv3dc1WcJSWAkKFJtByl3VzsGhA",,"a7a0e953-7ed2-423c-849f-9d78b5e44612","2023-07-14T16:44:29.816188Z","ConfigMgrSvc_f21a15ca-b2c5-412e-8ca2-e0ad9b2094c3","729928c1-030e-43fb-9620-2d8056fddd73","ServicePrincipal","Configuration Manager Microservice","58ab076f-15e1-4339-a615-78af49df04ea"
"6DpWBvzGZEO00uEf4jU35C0ocGx3P_lBijrY-JtJdY0",,"00000000-0000-0000-0000-000000000000","2020-11-04T03:36:51.0441022Z","Eswar Koneti","06563ae8-c6fc-4364-b4d2-e11fe23537e4","User","AdminDroid Office 365 Reporter - Sign In","66e05c73-8df4-4a52-848a-72203eaef6c3"
"6DpWBvzGZEO00uEf4jU35HESRJ6N2plNhxlB4_QXjCE",,"00000000-0000-0000-0000-000000000000","2019-06-07T11:41:37.6522006Z","Eswar Koneti","06563ae8-c6fc-4364-b4d2-e11fe23537e4","User","Nine for Office 365","75b59aa3-6edf-4511-b021-464991de60da"
"3IWjryzkRkiW3ybueaKFFH7oL0wNjidGpMdzcdAeYBQ",,"2f51be20-0bb4-4fed-bf7b-db946066c75e","2021-10-27T17:29:41.8210015Z","PatchMyPC","afa385dc-e42c-4846-96df-26ee79a28514","ServicePrincipal","Microsoft Graph","79229509-1381-4264-ada6-0ecbe408f435"
"3IWjryzkRkiW3ybueaKFFOjEtknT6OlPs_ymIIkcf60",,"5ac13192-7ace-4fcf-b828-1a26f28068ee","2021-10-27T17:29:42.0241262Z","PatchMyPC","afa385dc-e42c-4846-96df-26ee79a28514","ServicePrincipal","Microsoft Graph","79229509-1381-4264-ada6-0ecbe408f435"
"3IWjryzkRkiW3ybueaKFFLp9vut4cYVEmY9pJkF2Q0w",,"98830695-27a2-44f7-8c18-0c3ebc9698f6","2021-10-27T17:29:42.0866319Z","PatchMyPC","afa385dc-e42c-4846-96df-26ee79a28514","ServicePrincipal","Microsoft Graph","79229509-1381-4264-ada6-0ecbe408f435"
"3IWjryzkRkiW3ybueaKFFK2E6bfX-QtKjqX0wEvDjXg",,"58ca0d9a-1575-47e1-a3cb-007ef2e4583b","2021-10-27T17:29:41.9303842Z","PatchMyPC","afa385dc-e42c-4846-96df-26ee79a28514","ServicePrincipal","Microsoft Graph","79229509-1381-4264-ada6-0ecbe408f435"
"3IWjryzkRkiW3ybueaKFFILgUHhJm8hNi2oQxdIEf4c",,"78145de6-330d-4800-a6ce-494ff2d33d07","2021-10-27T17:29:41.9772509Z","PatchMyPC","afa385dc-e42c-4846-96df-26ee79a28514","ServicePrincipal","Microsoft Graph","79229509-1381-4264-ada6-0ecbe408f435"
"okKLFoVpH0ymbSg24pGlJrvtTSGsx7JDvOX7e5DmaRg",,"01c0a623-fc9b-48e9-b794-0756f8e8f067","2022-01-26T06:55:45.3125174Z","MonitorCAPolicies","168b42a2-6985-4c1f-a66d-2836e291a526","ServicePrincipal","Microsoft Graph","79229509-1381-4264-ada6-0ecbe408f435"
"okKLFoVpH0ymbSg24pGlJsCkaOUKRChKrRkS6TJwXA4",,"b0afded3-3588-46d8-8b3d-9842eff778da","2022-01-26T06:55:44.9062678Z","MonitorCAPolicies","168b42a2-6985-4c1f-a66d-2836e291a526","ServicePrincipal","Microsoft Graph","79229509-1381-4264-ada6-0ecbe408f435"
"okKLFoVpH0ymbSg24pGlJi_bNEwzYOZNko1LPu3tffQ",,"246dd0d5-5bd0-4def-940b-0421030a5b68","2022-01-26T06:55:44.7343942Z","MonitorCAPolicies","168b42a2-6985-4c1f-a66d-2836e291a526","ServicePrincipal","Microsoft Graph","79229509-1381-4264-ada6-0ecbe408f435"
"okKLFoVpH0ymbSg24pGlJufgDrbPwHdNjEzBLLUJkxQ",,"9a5d68dd-52b0-4cc2-bd40-abcf44ac3a30","2022-01-26T06:55:45.0937654Z","MonitorCAPolicies","168b42a2-6985-4c1f-a66d-2836e291a526","ServicePrincipal","Microsoft Graph","79229509-1381-4264-ada6-0ecbe408f435"
"YNibXUuv6UK-XQHCKGCiZBTFYmS2Nk9IntviBEbnB38",,"741f803b-c850-494e-b5df-cde7c675a1ca","2019-12-26T05:25:49.2725135Z","AdminDroid Service Application","5d9bd860-af4b-42e9-be5d-01c22860a264","ServicePrincipal","Microsoft Graph","79229509-1381-4264-ada6-0ecbe408f435"
"YNibXUuv6UK-XQHCKGCiZOzn2bfhkkBEja0NhL9dnyM",,"19dbc75e-c2e2-444c-a770-ec69d8559fc7","2019-12-26T05:25:49.920692Z","AdminDroid Service Application","5d9bd860-af4b-42e9-be5d-01c22860a264","ServicePrincipal","Microsoft Graph","79229509-1381-4264-ada6-0ecbe408f435"
"YNibXUuv6UK-XQHCKGCiZPZlVD0X5ctEg8IoWLATJFc",,"230c1aed-a721-4c5d-9cb4-a90514e508ef","2019-12-26T05:25:50.4727636Z","AdminDroid Service Application","5d9bd860-af4b-42e9-be5d-01c22860a264","ServicePrincipal","Microsoft Graph","79229509-1381-4264-ada6-0ecbe408f435"
"153LUoOuCkaQVdIexSeRngrPPMdJQEhDowscUS3cnSM",,"7ab1d382-f21e-4acd-a863-ba3e13f7da61","2020-04-27T10:44:30.4142316Z","ConfigMgrSvc_2411ad74-3de5-4e94-979f-a36d454d3286","52cb9dd7-ae83-460a-9055-d21ec527919e","ServicePrincipal","Microsoft Graph","79229509-1381-4264-ada6-0ecbe408f435"
"oVNSkUik00uC4T9YsVKiRw0Oj7va23xDnSOdvDuGvAg",,"7ab1d382-f21e-4acd-a863-ba3e13f7da61","2020-05-19T15:35:41.3842059Z","SCCMServerAppVM01","915253a1-a448-4bd3-82e1-3f58b152a247","ServicePrincipal","Microsoft Graph","79229509-1381-4264-ada6-0ecbe408f435"
"Ze2iPkLO9UuOLGl6SJ1OfA9e_Oz4tJBIhojGL5mOlys",,"7ab1d382-f21e-4acd-a863-ba3e13f7da61","2020-04-27T10:44:23.9671292Z","ConfigMgrSvc_81acdef9-1ea4-4f7e-ad67-ba0a5b5f941a","3ea2ed65-ce42-4bf5-8e2c-697a489d4e7c","ServicePrincipal","Microsoft Graph","79229509-1381-4264-ada6-0ecbe408f435"
"mXu9I4wUq0-dfDWqTi81YBgTHEItkEBFunhiLxDpdds",,"7ab1d382-f21e-4acd-a863-ba3e13f7da61","2020-05-30T12:36:52.3353252Z","ConfigMgrSvc_b6967224-b42a-4a41-8bd8-6f47438ebbe3","23bd7b99-148c-4fab-9d7c-35aa4e2f3560","ServicePrincipal","Microsoft Graph","79229509-1381-4264-ada6-0ecbe408f435"
"T0jGx0AUZ0-tNIYO8EcbEijoxHqqB8JFj2MrbBZOYSQ",,"7ab1d382-f21e-4acd-a863-ba3e13f7da61","2020-05-30T12:37:01.6815836Z","ConfigMgrSvc_3fd8c0b9-f262-4444-a2bf-e71c29b8a01d","c7c6484f-1440-4f67-ad34-860ef0471b12","ServicePrincipal","Microsoft Graph","79229509-1381-4264-ada6-0ecbe408f435"
"SLghO-Y3r0S3WVq6le_2GFgq7sRP32tAsDvx727SBg0",,"7ab1d382-f21e-4acd-a863-ba3e13f7da61","2019-10-08T08:31:43.1517576Z","CMTP Web App","3b21b848-37e6-44af-b759-5aba95eff618","ServicePrincipal","Microsoft Graph","79229509-1381-4264-ada6-0ecbe408f435"
"WCGQCNY4VU-AppGAgPeEcm5s_NJ0cdFJoQPeBUnBwbY",,"7ab1d382-f21e-4acd-a863-ba3e13f7da61","2020-05-07T13:50:58.468067Z","CMTP-ServerApp","08902158-38d6-4f55-80a6-918080f78472","ServicePrincipal","Microsoft Graph","79229509-1381-4264-ada6-0ecbe408f435"
"70dyrGparEORsr_RyRm8-3r_p0Kee01AoG0nA62u4sY",,"7ab1d382-f21e-4acd-a863-ba3e13f7da61","2019-10-06T09:32:02.3640275Z","CMCBClientWebApp","ac7247ef-5a6a-43ac-91b2-bfd1c919bcfb","ServicePrincipal","Microsoft Graph","79229509-1381-4264-ada6-0ecbe408f435"
"iQJTcAb7zk2-ttd4U7RPsJqc4oOTs6JAlzj13oAeTZI",,"7ab1d382-f21e-4acd-a863-ba3e13f7da61","2019-11-25T14:44:21.3786157Z","SCCMMsfb","70530289-fb06-4dce-beb6-d77853b44fb0","ServicePrincipal","Microsoft Graph","79229509-1381-4264-ada6-0ecbe408f435"
"6R9lrc2bjE6eNYXt2PXso7wqawEi7YxJumFrkcsO8HU",,"7ab1d382-f21e-4acd-a863-ba3e13f7da61","2021-03-27T18:48:08.443533Z","SCCMServerappPKI","ad651fe9-9bcd-4e8c-9e35-85edd8f5eca3","ServicePrincipal","Microsoft Graph","79229509-1381-4264-ada6-0ecbe408f435"
"7J0w4FA2GkyZK9lPHiCH8tJlH4p5aLFBhzz7E8UBj68",,"7ab1d382-f21e-4acd-a863-ba3e13f7da61","2020-04-27T11:56:56.4608129Z","DACMCB","e0309dec-3650-4c1a-992b-d94f1e2087f2","ServicePrincipal","Microsoft Graph","79229509-1381-4264-ada6-0ecbe408f435"
"xWRY31TGrk-MmtLQpfslD_JL1u6FKwlHmLj-QD91XHs",,"7ab1d382-f21e-4acd-a863-ba3e13f7da61","2020-03-17T04:16:38.4155786Z","CMCB-ServerApp","df5864c5-c654-4fae-8c9a-d2d0a5fb250f","ServicePrincipal","Microsoft Graph","79229509-1381-4264-ada6-0ecbe408f435"
"wGzfrOiu6UiCld5nOeSnbfRHHep4LeJPuEIAX6tEi50",,"7ab1d382-f21e-4acd-a863-ba3e13f7da61","2020-09-07T14:20:19.4163902Z","ConfigMgr-MsfB01","acdf6cc0-aee8-48e9-8295-de6739e4a76d","ServicePrincipal","Microsoft Graph","79229509-1381-4264-ada6-0ecbe408f435"
"_fy1KYUuREygGtBpUfAwX_tRmWbcod9AskEBdFdQf20",,"7ab1d382-f21e-4acd-a863-ba3e13f7da61","2019-11-15T10:26:04.3626354Z","ConfigMgr Desktop Analytics","29b5fcfd-2e85-4c44-a01a-d06951f0305f","ServicePrincipal","Microsoft Graph","79229509-1381-4264-ada6-0ecbe408f435"
"sGsiapVOtUmMRFseeun3Z_nmrsrp-vdIhfbawTJfd8M",,"2f51be20-0bb4-4fed-bf7b-db946066c75e","2022-10-27T08:42:50.9043612Z","Intune - API","6a226bb0-4e95-49b5-8c44-5b1e7ae9f767","ServicePrincipal","Microsoft Graph","79229509-1381-4264-ada6-0ecbe408f435"
"sGsiapVOtUmMRFseeun3ZwsYl4R9O7FChjm2Z_hEN0g",,"06a5fe6d-c49d-46a7-b082-56b1b14103c7","2022-10-27T09:07:29.910625Z","Intune - API","6a226bb0-4e95-49b5-8c44-5b1e7ae9f767","ServicePrincipal","Microsoft Graph","79229509-1381-4264-ada6-0ecbe408f435"
"sGsiapVOtUmMRFseeun3ZwhtdQzFsB1Kq7bpohiWL0s",,"5ac13192-7ace-4fcf-b828-1a26f28068ee","2022-10-27T09:07:30.0981408Z","Intune - API","6a226bb0-4e95-49b5-8c44-5b1e7ae9f767","ServicePrincipal","Microsoft Graph","79229509-1381-4264-ada6-0ecbe408f435"
"sGsiapVOtUmMRFseeun3Z6uC5D9bmVxLjUFTveU4kDA",,"243333ab-4d21-40cb-a475-36241daa0842","2022-10-27T08:42:51.2950382Z","Intune - API","6a226bb0-4e95-49b5-8c44-5b1e7ae9f767","ServicePrincipal","Microsoft Graph","79229509-1381-4264-ada6-0ecbe408f435"
"sGsiapVOtUmMRFseeun3Z9egvfRVenRBkmEn8K3bEJo",,"5b07b0dd-2377-4e44-a38d-703f09a0dc3c","2022-10-27T08:42:51.1074888Z","Intune - API","6a226bb0-4e95-49b5-8c44-5b1e7ae9f767","ServicePrincipal","Microsoft Graph","79229509-1381-4264-ada6-0ecbe408f435"
"wSiZcg4D-0OWIC2AVv3dcwtvt1wzk1ZMmtFxi2ll_Bw",,"7ab1d382-f21e-4acd-a863-ba3e13f7da61","2023-07-14T16:44:29.6647245Z","ConfigMgrSvc_f21a15ca-b2c5-412e-8ca2-e0ad9b2094c3","729928c1-030e-43fb-9620-2d8056fddd73","ServicePrincipal","Microsoft Graph","79229509-1381-4264-ada6-0ecbe408f435"
"D6z8N8u8V0a8RobcHd8g9TY8OumLKlNGkcW66UjyR1s",,"7ab1d382-f21e-4acd-a863-ba3e13f7da61","2023-07-15T17:45:27.6859383Z","SCCMAdminApp-CB1","37fcac0f-bccb-4657-bc46-86dc1ddf20f5","ServicePrincipal","Microsoft Graph","79229509-1381-4264-ada6-0ecbe408f435"
"mAeRCythDka0i3EoRvV1cmPP3gtQDkFOrFUmfCUOrn0",,"7ab1d382-f21e-4acd-a863-ba3e13f7da61","2023-07-14T16:41:13.0035028Z","SCCMServerApp-CB1","0b910798-612b-460e-b48b-712846f57572","ServicePrincipal","Microsoft Graph","79229509-1381-4264-ada6-0ecbe408f435"
"hXJGGpCg40O_VWwAXgYximcPgjP_uDhIpOPI1tfKmtE",,"7ab1d382-f21e-4acd-a863-ba3e13f7da61","2023-07-14T15:30:48.3476316Z","ServerApp-CB1","1a467285-a090-43e3-bf55-6c005e06318a","ServicePrincipal","Microsoft Graph","79229509-1381-4264-ada6-0ecbe408f435"
"JyxFEpmttUe-A_EbGZVjN8A5Z_ifQPJEsRpBOXvrsi8",,"7ab1d382-f21e-4acd-a863-ba3e13f7da61","2023-07-14T16:48:22.9598541Z","SCCMServerApp-CB1","12452c27-ad99-47b5-be03-f11b19956337","ServicePrincipal","Microsoft Graph","79229509-1381-4264-ada6-0ecbe408f435"
"RelTlk0w-EiY4tr4aydPa8Rtb_fULZdEvLAvmLRDtzg",,"7ab1d382-f21e-4acd-a863-ba3e13f7da61","2023-07-15T17:52:19.4269117Z","SCCMWebapp-CB1","9653e945-304d-48f8-98e2-daf86b274f6b","ServicePrincipal","Microsoft Graph","79229509-1381-4264-ada6-0ecbe408f435"
"6DpWBvzGZEO00uEf4jU35PiUz9kw3NhAgLpMjuGwgyM",,"00000000-0000-0000-0000-000000000000","2020-01-17T04:16:32.1971925Z","Eswar Koneti","06563ae8-c6fc-4364-b4d2-e11fe23537e4","User","AADPasswordProtectionProxy","941a0a1d-6d89-49b0-ad86-b3e4a04ab311"
"6DpWBvzGZEO00uEf4jU35Kc1tWajlPlGvvRGoxTj5Yk",,"00000000-0000-0000-0000-000000000000","2020-07-15T14:06:02.2031719Z","Eswar Koneti","06563ae8-c6fc-4364-b4d2-e11fe23537e4","User","Power BI Community","9a60ba81-7c3e-45cc-a222-b8a59dfd893b"
"6DpWBvzGZEO00uEf4jU35C4u8Xgw7ZpMr8WpJd-WqtU",,"00000000-0000-0000-0000-000000000000","2017-12-26T09:23:52.4473259Z","Eswar Koneti","06563ae8-c6fc-4364-b4d2-e11fe23537e4","User","Microsoft Intune PowerShell","9e767214-f845-4861-8805-48748f368fd6"
"6DpWBvzGZEO00uEf4jU35MxmSXONTJdAh6KGOtKYXRI",,"00000000-0000-0000-0000-000000000000","2022-11-01T02:17:12.2972608Z","Eswar Koneti","06563ae8-c6fc-4364-b4d2-e11fe23537e4","User","Microsoft Intune PowerShell","9e767214-f845-4861-8805-48748f368fd6"
"MtycDe6Ld0mvZJBiA3jTsLuRBwoZJJZNnlhr4A0i0Kg",,"e8f6e161-84d0-4cd7-9441-2d46ec9ec3d5","2021-12-02T11:22:54.784325Z","MEM-Reporting","0d9cdc32-8bee-4977-af64-90620378d3b0","ServicePrincipal","Log Analytics API","9f7a93c5-f650-4b6e-8b38-03ff07749c75"
"6DpWBvzGZEO00uEf4jU35AucvS_ag6JGoGh58QHeYiQ",,"00000000-0000-0000-0000-000000000000","2019-12-26T05:19:25.7791039Z","Eswar Koneti","06563ae8-c6fc-4364-b4d2-e11fe23537e4","User","AdminDroid Office 365 Reporter","a435578f-972a-433d-bc87-9694939b4179"
"-2_rqTqx70682pmXMqrf3HYGerhcWHxLjpSK-8nkl1I",,"00000000-0000-0000-0000-000000000000","2022-08-01T06:49:46.7768957Z","Demo1","a9eb6ffb-b13a-4eef-bcda-999732aadfdc","User","Adobe Acrobat Reader","a4cb3ce3-fdd3-4d74-9f01-6c8119d1d583"
"6DpWBvzGZEO00uEf4jU35NcR6sByMZtPvB9j6UIIgig",,"00000000-0000-0000-0000-000000000000","2019-11-15T09:41:17.1532369Z","Eswar Koneti","06563ae8-c6fc-4364-b4d2-e11fe23537e4","User","MALogAnalyticsReader","a998cbc4-a529-4fe5-81d6-d3f8cdda4822"
"6DpWBvzGZEO00uEf4jU35He1wtNEcWNNo5Q6ky1jlJU",,"00000000-0000-0000-0000-000000000000","2017-10-02T15:34:02.0523898Z","Eswar Koneti","06563ae8-c6fc-4364-b4d2-e11fe23537e4","User","On-premises MDM application","ac42916e-d81b-4a66-a2c8-2e98b4efb1d6"
"SLghO-Y3r0S3WVq6le_2GGG5g0u0C1VHuA-QqQYtcig",,"3d9dc976-32fb-45a8-90bd-c9f8a850d098","2019-10-08T08:31:43.7241842Z","CMTP Web App","3b21b848-37e6-44af-b759-5aba95eff618","ServicePrincipal","Microsoft Intune API","aeca6be7-7a2e-4eac-b88d-08645c6166a9"
"WCGQCNY4VU-AppGAgPeEcrvTz4n4MARNqD-ZLjecOAY",,"3d9dc976-32fb-45a8-90bd-c9f8a850d098","2020-05-07T13:50:58.8900908Z","CMTP-ServerApp","08902158-38d6-4f55-80a6-918080f78472","ServicePrincipal","Microsoft Intune API","aeca6be7-7a2e-4eac-b88d-08645c6166a9"
"6DpWBvzGZEO00uEf4jU35N5o6BZVD7BPr2FSzCV0s4U",,"00000000-0000-0000-0000-000000000000","2020-05-03T05:49:39.7777585Z","Eswar Koneti","06563ae8-c6fc-4364-b4d2-e11fe23537e4","User","PatchMyPC","afa385dc-e42c-4846-96df-26ee79a28514"
"6DpWBvzGZEO00uEf4jU35AIpjpNzg2pOnPMFBtI2hWg",,"00000000-0000-0000-0000-000000000000","2018-09-25T14:45:49.5795445Z","Eswar Koneti","06563ae8-c6fc-4364-b4d2-e11fe23537e4","User","MS Tech Comm","b569f90c-d958-4714-9660-b696721005a7"
"6DpWBvzGZEO00uEf4jU35HgRaVn9LJZNrXSECoev5cU",,"00000000-0000-0000-0000-000000000000","2018-09-01T07:43:47.6468697Z","Eswar Koneti","06563ae8-c6fc-4364-b4d2-e11fe23537e4","User","Microsoft Pin Reset Service Production","b8b47393-aab4-4a95-a84b-f2bfc5721b6c"
"6DpWBvzGZEO00uEf4jU35LwiSL9r_8NPvHAnA8gwRi8",,"00000000-0000-0000-0000-000000000000","2020-04-12T14:05:38.8783231Z","Eswar Koneti","06563ae8-c6fc-4364-b4d2-e11fe23537e4","User","BlueMail","d12801ab-810b-4f0a-a887-b3094aceb26d"
"IQiwc5vV-0m3uufE5WsFJXpFq6ylRwJFlF6xT9IDWTc",,"00000000-0000-0000-0000-000000000000","2022-06-28T09:49:31.5835509Z","Alpeshkumar Rajput","73b00821-d59b-49fb-b7ba-e7c4e56b0525","User","SharePointPnP.ProvisioningApp.Tenant","dc289956-a794-411a-ada7-8f968cd84ce6"
"6DpWBvzGZEO00uEf4jU35LKHpJ6VUKVPvNP8xpDhhzc",,"00000000-0000-0000-0000-000000000000","2019-12-08T19:42:33.5307482Z","Eswar Koneti","06563ae8-c6fc-4364-b4d2-e11fe23537e4","User","CA API","e317206e-8761-4562-9af7-a1ac279c4f69"
"-2_rqTqx70682pmXMqrf3Bf1wm3JukhGghsS-e_9wQ8",,"18d14569-c3bd-439b-9a66-3a2aee01d14f","2021-09-30T17:48:56.516077Z","Demo1","a9eb6ffb-b13a-4eef-bcda-999732aadfdc","User","Dolby - Workday","f3286eca-81aa-4662-90af-041694bf2a7d"
"YNibXUuv6UK-XQHCKGCiZCfRn9xFD55GlDlo_7O8phE",,"dc50a0fb-09a3-484d-be87-e023b12c6440","2020-10-21T08:01:52.1318428Z","AdminDroid Service Application","5d9bd860-af4b-42e9-be5d-01c22860a264","ServicePrincipal","Office 365 Exchange Online","f7968a97-8fb0-4d37-934b-2cb79941d15a"
"IQiwc5vV-0m3uufE5WsFJbxlhyMN8fZJlBCikm_9X9o",,"00000000-0000-0000-0000-000000000000","2023-09-05T12:55:43.8523605Z","Alpeshkumar Rajput","73b00821-d59b-49fb-b7ba-e7c4e56b0525","User","PnP Management Shell","f7f7fc92-8cc9-4433-bceb-299854a42f23"
