[{"id":"3ceef3a2-8371-460c-ba97-a8c8e97d1d2d","templateId":null,"displayName":"Global-OtherClients-EXO-Policy-Exclusion v1.0","createdDateTime":"2020-08-06T05:47:07.6418259Z","modifiedDateTime":null,"state":"disabled","sessionControls":null,"conditions":{"userRiskLevels":[],"signInRiskLevels":[],"clientAppTypes":["browser","mobileAppsAndDesktopClients"],"servicePrincipalRiskLevels":[],"platforms":null,"devices":null,"clientApplications":null,"applications":{"includeApplications":["00000002-0000-0ff1-ce00-000000000000"],"excludeApplications":[],"includeUserActions":[],"includeAuthenticationContextClassReferences":[],"applicationFilter":null},"users":{"includeUsers":["4fed26a4-f911-470e-a751-60abbb0cb4e7","f3f10489-9020-48c8-86a9-ca8087dd3837","c4025ed5-d019-4622-88b3-9f4aaad890bb","4d6709b0-631a-4b69-bf09-163b28ed8806","941ad72a-0a78-4d61-abf1-39a2cc418435","7ce21150-b17e-4018-bb4f-087476d691d0"],"excludeUsers":[],"includeGroups":["97ecbf8c-c5cd-4dc4-99fa-2b9964dacb61"],"excludeGroups":[],"includeRoles":[],"excludeRoles":[],"includeGuestsOrExternalUsers":null,"excludeGuestsOrExternalUsers":null},"locations":{"includeLocations":["All"],"excludeLocations":["00000000-0000-0000-0000-000000000000","068f9cd6-de14-47a1-91e5-fdc84d5d032d","eadbebc0-7ce3-4fb9-a453-d9366cbd9c5d","e3d3faf9-6f85-498b-b21f-afc10c648f24","639356fe-41f5-48fe-a19c-9241e1d60a42","e5039973-eb39-4ba9-9036-e0c4b846c464","8782ce80-621c-4126-8243-107f350695f0","60a1e3bc-424b-40e2-84db-b5b4025e1831","50cdbdea-8f89-4ce6-8734-a737a4aa4754","161636b4-6c7a-476c-8d2b-60b9521a1475"]}},"grantControls":{"operator":"OR","builtInControls":["block"],"customAuthenticationFactors":[],"termsOfUse":[],"authenticationStrength@odata.context":"https://graph.microsoft.com/v1.0/$metadata#identity/conditionalAccess/policies(\u00273ceef3a2-8371-460c-ba97-a8c8e97d1d2d\u0027)/grantControls/authenticationStrength/$entity","authenticationStrength":null}},{"id":"be248dc3-5f76-42c4-b89d-6229899f4b05","templateId":null,"displayName":"TW-Life-Block-iOSAnd-AllLoc-AllClouldApps v1.0","createdDateTime":"2020-08-06T06:12:56.1491694Z","modifiedDateTime":null,"state":"disabled","sessionControls":null,"conditions":{"userRiskLevels":[],"signInRiskLevels":[],"clientAppTypes":["browser","mobileAppsAndDesktopClients"],"servicePrincipalRiskLevels":[],"locations":null,"devices":null,"clientApplications":null,"applications":{"includeApplications":["All"],"excludeApplications":[],"includeUserActions":[],"includeAuthenticationContextClassReferences":[],"applicationFilter":null},"users":{"includeUsers":[],"excludeUsers":[],"includeGroups":["e4fef624-3497-47c2-b282-a5f9d8cc1fb2"],"excludeGroups":["68c98e8f-de04-4266-ac44-979c9ccadb31"],"includeRoles":[],"excludeRoles":[],"includeGuestsOrExternalUsers":null,"excludeGuestsOrExternalUsers":null},"platforms":{"includePlatforms":["android","iOS"],"excludePlatforms":[]}},"grantControls":{"operator":"AND","builtInControls":["compliantDevice","approvedApplication"],"customAuthenticationFactors":[],"termsOfUse":[],"authenticationStrength@odata.context":"https://graph.microsoft.com/v1.0/$metadata#identity/conditionalAccess/policies(\u0027be248dc3-5f76-42c4-b89d-6229899f4b05\u0027)/grantControls/authenticationStrength/$entity","authenticationStrength":null}},{"id":"f3e25c49-8d97-42a9-be59-4f6351f591e4","templateId":null,"displayName":"Global-Allow-MacOS-AllLoc-Teams v1.0","createdDateTime":"2020-08-06T06:12:58.9574978Z","modifiedDateTime":null,"state":"disabled","sessionControls":null,"conditions":{"userRiskLevels":[],"signInRiskLevels":[],"clientAppTypes":["mobileAppsAndDesktopClients"],"servicePrincipalRiskLevels":[],"devices":null,"clientApplications":null,"applications":{"includeApplications":["cc15fd57-2c6c-4117-a88c-83b1d56b4bbe"],"excludeApplications":[],"includeUserActions":[],"includeAuthenticationContextClassReferences":[],"applicationFilter":null},"users":{"includeUsers":[],"excludeUsers":["536ab76c-4f53-4677-89b8-39258ef221da"],"includeGroups":["b874f330-deea-4876-abfa-dd5a01d89483"],"excludeGroups":[],"includeRoles":[],"excludeRoles":[],"includeGuestsOrExternalUsers":null,"excludeGuestsOrExternalUsers":null},"platforms":{"includePlatforms":["macOS"],"excludePlatforms":[]},"locations":{"includeLocations":["All"],"excludeLocations":["AllTrusted"]}},"grantControls":{"operator":"OR","builtInControls":["mfa"],"customAuthenticationFactors":[],"termsOfUse":[],"authenticationStrength@odata.context":"https://graph.microsoft.com/v1.0/$metadata#identity/conditionalAccess/policies(\u0027f3e25c49-8d97-42a9-be59-4f6351f591e4\u0027)/grantControls/authenticationStrength/$entity","authenticationStrength":null}},{"id":"8de8c7bb-9f4f-4ac0-a6ca-9e165effa694","templateId":null,"displayName":"KH-LA-Allow-AllPlat-AllLoc-EOL v1.0","createdDateTime":"2020-08-06T06:13:03.4575603Z","modifiedDateTime":null,"state":"disabled","sessionControls":null,"conditions":{"userRiskLevels":[],"signInRiskLevels":[],"clientAppTypes":["browser","mobileAppsAndDesktopClients"],"servicePrincipalRiskLevels":[],"locations":null,"devices":null,"clientApplications":null,"applications":{"includeApplications":["00000002-0000-0ff1-ce00-000000000000"],"excludeApplications":[],"includeUserActions":[],"includeAuthenticationContextClassReferences":[],"applicationFilter":null},"users":{"includeUsers":["7638c14f-129a-4eb7-8576-79e129c64473"],"excludeUsers":[],"includeGroups":["a46a05e2-8568-407d-9d91-833e9e92fc03","c6d9fea3-60d2-4f17-b262-4cccdf318083"],"excludeGroups":[],"includeRoles":[],"excludeRoles":[],"includeGuestsOrExternalUsers":null,"excludeGuestsOrExternalUsers":null},"platforms":{"includePlatforms":["windows"],"excludePlatforms":[]}},"grantControls":{"operator":"OR","builtInControls":["mfa"],"customAuthenticationFactors":[],"termsOfUse":[],"authenticationStrength@odata.context":"https://graph.microsoft.com/v1.0/$metadata#identity/conditionalAccess/policies(\u00278de8c7bb-9f4f-4ac0-a6ca-9e165effa694\u0027)/grantControls/authenticationStrength/$entity","authenticationStrength":null}},{"id":"38160e72-b31f-42a9-b43d-016c1102a3bf","templateId":null,"displayName":"Global-AIP-AllUsers-ExcpGuest-MFAPolicy v1.0","createdDateTime":"2020-08-06T06:13:14.1764043Z","modifiedDateTime":null,"state":"disabled","sessionControls":null,"conditions":{"userRiskLevels":[],"signInRiskLevels":[],"clientAppTypes":["browser","mobileAppsAndDesktopClients"],"servicePrincipalRiskLevels":[],"devices":null,"clientApplications":null,"applications":{"includeApplications":["00000012-0000-0000-c000-000000000000"],"excludeApplications":[],"includeUserActions":[],"includeAuthenticationContextClassReferences":[],"applicationFilter":null},"users":{"includeUsers":["All"],"excludeUsers":["GuestsOrExternalUsers"],"includeGroups":[],"excludeGroups":[],"includeRoles":[],"excludeRoles":[],"includeGuestsOrExternalUsers":null,"excludeGuestsOrExternalUsers":null},"platforms":{"includePlatforms":["all"],"excludePlatforms":[]},"locations":{"includeLocations":["All"],"excludeLocations":["AllTrusted"]}},"grantControls":{"operator":"OR","builtInControls":["mfa"],"customAuthenticationFactors":[],"termsOfUse":[],"authenticationStrength@odata.context":"https://graph.microsoft.com/v1.0/$metadata#identity/conditionalAccess/policies(\u002738160e72-b31f-42a9-b43d-016c1102a3bf\u0027)/grantControls/authenticationStrength/$entity","authenticationStrength":null}},{"id":"5c9681f3-1f9a-46d1-8e7f-4655c93df3db","templateId":null,"displayName":"Global-OtherClients-EXO-Policy-Exclusion v1.0","createdDateTime":"2020-08-06T06:13:18.3837116Z","modifiedDateTime":null,"state":"disabled","sessionControls":null,"conditions":{"userRiskLevels":[],"signInRiskLevels":[],"clientAppTypes":["browser","mobileAppsAndDesktopClients"],"servicePrincipalRiskLevels":[],"platforms":null,"devices":null,"clientApplications":null,"applications":{"includeApplications":["00000002-0000-0ff1-ce00-000000000000"],"excludeApplications":[],"includeUserActions":[],"includeAuthenticationContextClassReferences":[],"applicationFilter":null},"users":{"includeUsers":["4fed26a4-f911-470e-a751-60abbb0cb4e7","f3f10489-9020-48c8-86a9-ca8087dd3837","c4025ed5-d019-4622-88b3-9f4aaad890bb","4d6709b0-631a-4b69-bf09-163b28ed8806","941ad72a-0a78-4d61-abf1-39a2cc418435","7ce21150-b17e-4018-bb4f-087476d691d0"],"excludeUsers":[],"includeGroups":["97ecbf8c-c5cd-4dc4-99fa-2b9964dacb61"],"excludeGroups":[],"includeRoles":[],"excludeRoles":[],"includeGuestsOrExternalUsers":null,"excludeGuestsOrExternalUsers":null},"locations":{"includeLocations":["All"],"excludeLocations":["00000000-0000-0000-0000-000000000000","068f9cd6-de14-47a1-91e5-fdc84d5d032d","eadbebc0-7ce3-4fb9-a453-d9366cbd9c5d","e3d3faf9-6f85-498b-b21f-afc10c648f24","639356fe-41f5-48fe-a19c-9241e1d60a42","e5039973-eb39-4ba9-9036-e0c4b846c464","8782ce80-621c-4126-8243-107f350695f0","60a1e3bc-424b-40e2-84db-b5b4025e1831","50cdbdea-8f89-4ce6-8734-a737a4aa4754","161636b4-6c7a-476c-8d2b-60b9521a1475"]}},"grantControls":{"operator":"OR","builtInControls":["block"],"customAuthenticationFactors":[],"termsOfUse":[],"authenticationStrength@odata.context":"https://graph.microsoft.com/v1.0/$metadata#identity/conditionalAccess/policies(\u00275c9681f3-1f9a-46d1-8e7f-4655c93df3db\u0027)/grantControls/authenticationStrength/$entity","authenticationStrength":null}},{"id":"b868704e-2a9c-4a64-8d09-025260b46502","templateId":null,"displayName":"Mobile Devices - Compliant","createdDateTime":"2020-09-24T04:24:32.5297356Z","modifiedDateTime":"2021-05-09T15:21:05.3692285Z","state":"enabled","sessionControls":null,"conditions":{"userRiskLevels":["medium"],"signInRiskLevels":[],"clientAppTypes":["browser","mobileAppsAndDesktopClients"],"servicePrincipalRiskLevels":[],"devices":null,"clientApplications":null,"applications":{"includeApplications":["All"],"excludeApplications":["3678c9e9-9681-447a-974d-d19f668fcd88"],"includeUserActions":[],"includeAuthenticationContextClassReferences":[],"applicationFilter":null},"users":{"includeUsers":["a9eb6ffb-b13a-4eef-bcda-999732aadfdc","5d2f4711-3e9a-4525-8800-695e25a84d41"],"excludeUsers":["1f5fc22d-1b95-4b43-888b-a548ba45669f"],"includeGroups":[],"excludeGroups":[],"includeRoles":[],"excludeRoles":["62e90394-69f5-4237-9190-012177145e10"],"includeGuestsOrExternalUsers":null,"excludeGuestsOrExternalUsers":null},"platforms":{"includePlatforms":["android","iOS"],"excludePlatforms":[]},"locations":{"includeLocations":["All"],"excludeLocations":[]}},"grantControls":{"operator":"OR","builtInControls":["approvedApplication"],"customAuthenticationFactors":[],"termsOfUse":[],"authenticationStrength@odata.context":"https://graph.microsoft.com/v1.0/$metadata#identity/conditionalAccess/policies(\u0027b868704e-2a9c-4a64-8d09-025260b46502\u0027)/grantControls/authenticationStrength/$entity","authenticationStrength":null}},{"id":"bb0404eb-870e-41e2-a301-7c93b11ae49c","templateId":null,"displayName":"CA004: Require multi-factor authentication for all users","createdDateTime":"2022-01-05T13:37:20.4038292Z","modifiedDateTime":"2022-10-16T14:43:01.5707341Z","state":"enabled","sessionControls":null,"conditions":{"userRiskLevels":[],"signInRiskLevels":[],"clientAppTypes":["all"],"servicePrincipalRiskLevels":[],"platforms":null,"locations":null,"devices":null,"clientApplications":null,"applications":{"includeApplications":["All"],"excludeApplications":[],"includeUserActions":[],"includeAuthenticationContextClassReferences":[],"applicationFilter":null},"users":{"includeUsers":["a9eb6ffb-b13a-4eef-bcda-999732aadfdc"],"excludeUsers":["06563ae8-c6fc-4364-b4d2-e11fe23537e4"],"includeGroups":[],"excludeGroups":[],"includeRoles":[],"excludeRoles":[],"includeGuestsOrExternalUsers":null,"excludeGuestsOrExternalUsers":null}},"grantControls":{"operator":"OR","builtInControls":["mfa"],"customAuthenticationFactors":[],"termsOfUse":[],"authenticationStrength@odata.context":"https://graph.microsoft.com/v1.0/$metadata#identity/conditionalAccess/policies(\u0027bb0404eb-870e-41e2-a301-7c93b11ae49c\u0027)/grantControls/authenticationStrength/$entity","authenticationStrength":null}},{"id":"6470670f-2208-4f57-af3b-eb77b6bab10f","templateId":null,"displayName":"CA011: No persistent browser session","createdDateTime":"2022-01-05T13:38:42.6439743Z","modifiedDateTime":"2022-05-20T06:08:09.3617004Z","state":"enabledForReportingButNotEnforced","grantControls":null,"conditions":{"userRiskLevels":[],"signInRiskLevels":[],"clientAppTypes":["all"],"servicePrincipalRiskLevels":[],"platforms":null,"locations":null,"clientApplications":null,"applications":{"includeApplications":["All"],"excludeApplications":[],"includeUserActions":[],"includeAuthenticationContextClassReferences":[],"applicationFilter":null},"users":{"includeUsers":["All"],"excludeUsers":["06563ae8-c6fc-4364-b4d2-e11fe23537e4"],"includeGroups":[],"excludeGroups":[],"includeRoles":[],"excludeRoles":[],"includeGuestsOrExternalUsers":null,"excludeGuestsOrExternalUsers":null},"devices":{"deviceFilter":{"mode":"include","rule":"device.trustType -ne \"ServerAD\" -or device.isCompliant -ne True"}}},"sessionControls":{"disableResilienceDefaults":null,"applicationEnforcedRestrictions":null,"cloudAppSecurity":null,"signInFrequency":{"value":1,"type":"hours","authenticationType":"primaryAndSecondaryAuthentication","frequencyInterval":"timeBased","isEnabled":true},"persistentBrowser":{"mode":"never","isEnabled":true}}},{"id":"c9e909bb-88c0-4340-ade4-4f1963323b10","templateId":null,"displayName":"A1Standard Policy - Standard User Browser Access Policy","createdDateTime":"2022-01-12T16:26:22.8784903Z","modifiedDateTime":null,"state":"disabled","sessionControls":null,"conditions":{"userRiskLevels":[],"signInRiskLevels":[],"clientAppTypes":["browser"],"servicePrincipalRiskLevels":[],"devices":null,"clientApplications":null,"applications":{"includeApplications":["All"],"excludeApplications":["0000000a-0000-0000-c000-000000000000","d4ebce55-015a-49b5-a083-c84d1797ae8c","797f4846-ba00-4fd7-ba43-dac1f8f63013"],"includeUserActions":[],"includeAuthenticationContextClassReferences":[],"applicationFilter":null},"users":{"includeUsers":[],"excludeUsers":["GuestsOrExternalUsers"],"includeGroups":["b047108e-14d7-4563-a621-f854448e4d48"],"excludeGroups":[],"includeRoles":[],"excludeRoles":[],"includeGuestsOrExternalUsers":null,"excludeGuestsOrExternalUsers":null},"platforms":{"includePlatforms":["all"],"excludePlatforms":[]},"locations":{"includeLocations":["All"],"excludeLocations":[]}},"grantControls":{"operator":"OR","builtInControls":["block"],"customAuthenticationFactors":[],"termsOfUse":[],"authenticationStrength@odata.context":"https://graph.microsoft.com/v1.0/$metadata#identity/conditionalAccess/policies(\u0027c9e909bb-88c0-4340-ade4-4f1963323b10\u0027)/grantControls/authenticationStrength/$entity","authenticationStrength":null}},{"id":"cb10b218-fa9d-43cb-8341-f98a99a500b1","templateId":null,"displayName":"GA - Standard Policy - Standard User Browser Access Policy","createdDateTime":"2022-01-12T16:26:46.0018172Z","modifiedDateTime":null,"state":"disabled","sessionControls":null,"conditions":{"userRiskLevels":[],"signInRiskLevels":[],"clientAppTypes":["browser"],"servicePrincipalRiskLevels":[],"devices":null,"clientApplications":null,"applications":{"includeApplications":["All"],"excludeApplications":["0000000a-0000-0000-c000-000000000000","d4ebce55-015a-49b5-a083-c84d1797ae8c","797f4846-ba00-4fd7-ba43-dac1f8f63013"],"includeUserActions":[],"includeAuthenticationContextClassReferences":[],"applicationFilter":null},"users":{"includeUsers":[],"excludeUsers":["GuestsOrExternalUsers"],"includeGroups":["b047108e-14d7-4563-a621-f854448e4d48"],"excludeGroups":[],"includeRoles":[],"excludeRoles":[],"includeGuestsOrExternalUsers":null,"excludeGuestsOrExternalUsers":null},"platforms":{"includePlatforms":["all"],"excludePlatforms":[]},"locations":{"includeLocations":["All"],"excludeLocations":[]}},"grantControls":{"operator":"OR","builtInControls":["block"],"customAuthenticationFactors":[],"termsOfUse":[],"authenticationStrength@odata.context":"https://graph.microsoft.com/v1.0/$metadata#identity/conditionalAccess/policies(\u0027cb10b218-fa9d-43cb-8341-f98a99a500b1\u0027)/grantControls/authenticationStrength/$entity","authenticationStrength":null}},{"id":"105743ce-e508-4117-bfb3-2bb0230a6cfe","templateId":null,"displayName":"CA Test policy - Logicapps testing","createdDateTime":"2022-01-26T07:38:53.0011377Z","modifiedDateTime":null,"state":"enabledForReportingButNotEnforced","sessionControls":null,"conditions":{"userRiskLevels":[],"signInRiskLevels":[],"clientAppTypes":["all"],"servicePrincipalRiskLevels":[],"platforms":null,"devices":null,"applications":{"includeApplications":["All"],"excludeApplications":[],"includeUserActions":[],"includeAuthenticationContextClassReferences":[],"applicationFilter":null},"users":{"includeUsers":["None"],"excludeUsers":[],"includeGroups":[],"excludeGroups":[],"includeRoles":[],"excludeRoles":[],"includeGuestsOrExternalUsers":null,"excludeGuestsOrExternalUsers":null},"locations":{"includeLocations":["All"],"excludeLocations":["00000000-0000-0000-0000-000000000000"]},"clientApplications":{"includeServicePrincipals":["0d9cdc32-8bee-4977-af64-90620378d3b0"],"excludeServicePrincipals":[],"servicePrincipalFilter":null}},"grantControls":{"operator":"OR","builtInControls":["block"],"customAuthenticationFactors":[],"termsOfUse":[],"authenticationStrength@odata.context":"https://graph.microsoft.com/v1.0/$metadata#identity/conditionalAccess/policies(\u0027105743ce-e508-4117-bfb3-2bb0230a6cfe\u0027)/grantControls/authenticationStrength/$entity","authenticationStrength":null}},{"id":"59e3747c-f5bf-4664-af88-fd6c208b420f","templateId":null,"displayName":"linux","createdDateTime":"2022-02-24T14:09:33.2735072Z","modifiedDateTime":null,"state":"enabledForReportingButNotEnforced","sessionControls":null,"conditions":{"userRiskLevels":[],"signInRiskLevels":[],"clientAppTypes":["all"],"servicePrincipalRiskLevels":[],"locations":null,"devices":null,"clientApplications":null,"applications":{"includeApplications":["None"],"excludeApplications":[],"includeUserActions":[],"includeAuthenticationContextClassReferences":[],"applicationFilter":null},"users":{"includeUsers":["a9eb6ffb-b13a-4eef-bcda-999732aadfdc"],"excludeUsers":[],"includeGroups":[],"excludeGroups":[],"includeRoles":[],"excludeRoles":[],"includeGuestsOrExternalUsers":null,"excludeGuestsOrExternalUsers":null},"platforms":{"includePlatforms":["windows","linux"],"excludePlatforms":[]}},"grantControls":{"operator":"OR","builtInControls":["mfa"],"customAuthenticationFactors":[],"termsOfUse":[],"authenticationStrength@odata.context":"https://graph.microsoft.com/v1.0/$metadata#identity/conditionalAccess/policies(\u002759e3747c-f5bf-4664-af88-fd6c208b420f\u0027)/grantControls/authenticationStrength/$entity","authenticationStrength":null}},{"id":"6b5eb274-0088-438e-b34f-f6964a21ae14","templateId":null,"displayName":"SPO - block preview downloads","createdDateTime":"2022-07-04T13:32:49.3009195Z","modifiedDateTime":"2022-07-04T13:36:43.3311104Z","state":"enabled","grantControls":null,"conditions":{"userRiskLevels":[],"signInRiskLevels":[],"clientAppTypes":["all"],"servicePrincipalRiskLevels":[],"platforms":null,"locations":null,"devices":null,"clientApplications":null,"applications":{"includeApplications":["00000003-0000-0ff1-ce00-000000000000"],"excludeApplications":[],"includeUserActions":[],"includeAuthenticationContextClassReferences":[],"applicationFilter":null},"users":{"includeUsers":["a9eb6ffb-b13a-4eef-bcda-999732aadfdc"],"excludeUsers":[],"includeGroups":[],"excludeGroups":[],"includeRoles":[],"excludeRoles":[],"includeGuestsOrExternalUsers":null,"excludeGuestsOrExternalUsers":null}},"sessionControls":{"disableResilienceDefaults":null,"applicationEnforcedRestrictions":null,"signInFrequency":null,"persistentBrowser":null,"cloudAppSecurity":{"cloudAppSecurityType":"blockDownloads","isEnabled":true}}},{"id":"cdb50bb2-0ce4-47c5-8af3-33b82f3e8852","templateId":null,"displayName":"device compliant","createdDateTime":"2022-07-11T14:17:02.6403979Z","modifiedDateTime":null,"state":"enabledForReportingButNotEnforced","sessionControls":null,"conditions":{"userRiskLevels":[],"signInRiskLevels":[],"clientAppTypes":["all"],"servicePrincipalRiskLevels":[],"locations":null,"devices":null,"clientApplications":null,"applications":{"includeApplications":["None"],"excludeApplications":[],"includeUserActions":[],"includeAuthenticationContextClassReferences":[],"applicationFilter":null},"users":{"includeUsers":["78e734ea-d048-4754-a90e-d6076f58d007"],"excludeUsers":[],"includeGroups":[],"excludeGroups":[],"includeRoles":[],"excludeRoles":[],"includeGuestsOrExternalUsers":null,"excludeGuestsOrExternalUsers":null},"platforms":{"includePlatforms":["all"],"excludePlatforms":["android","iOS","macOS","linux"]}},"grantControls":{"operator":"AND","builtInControls":["compliantDevice","domainJoinedDevice"],"customAuthenticationFactors":[],"termsOfUse":[],"authenticationStrength@odata.context":"https://graph.microsoft.com/v1.0/$metadata#identity/conditionalAccess/policies(\u0027cdb50bb2-0ce4-47c5-8af3-33b82f3e8852\u0027)/grantControls/authenticationStrength/$entity","authenticationStrength":null}},{"id":"0550ed74-a247-4cd5-add2-04e8b3747441","templateId":null,"displayName":"Block access to secure laptops","createdDateTime":"2023-01-27T10:28:21.5627402Z","modifiedDateTime":"2023-01-29T16:15:57.1535128Z","state":"enabled","sessionControls":null,"conditions":{"userRiskLevels":[],"signInRiskLevels":[],"clientAppTypes":["all"],"servicePrincipalRiskLevels":[],"platforms":null,"locations":null,"clientApplications":null,"applications":{"includeApplications":["All"],"excludeApplications":[],"includeUserActions":[],"includeAuthenticationContextClassReferences":[],"applicationFilter":null},"users":{"includeUsers":["a9eb6ffb-b13a-4eef-bcda-999732aadfdc"],"excludeUsers":[],"includeGroups":[],"excludeGroups":[],"includeRoles":[],"excludeRoles":[],"includeGuestsOrExternalUsers":null,"excludeGuestsOrExternalUsers":null},"devices":{"deviceFilter":{"mode":"include","rule":"device.displayName -startsWith \"ASL\""}}},"grantControls":{"operator":"OR","builtInControls":["block"],"customAuthenticationFactors":[],"termsOfUse":[],"authenticationStrength@odata.context":"https://graph.microsoft.com/v1.0/$metadata#identity/conditionalAccess/policies(\u00270550ed74-a247-4cd5-add2-04e8b3747441\u0027)/grantControls/authenticationStrength/$entity","authenticationStrength":null}}]