permission,permissionType,clientId,clientDisplayName,clientOwnerTenantId,resourceObjectId,resourceDisplayName,consentType,principalObjectId,principalDisplayName
"Device.ReadWrite.All","Application","ac42916e-d81b-4a66-a2c8-2e98b4efb1d6","On-premises MDM application","3992590e-6f9b-4aa1-aa9f-d7717c111b07","3167ece0-7143-42a1-ad48-9fd8e3093639","Windows Azure Active Directory",,,
"Directory.ReadWrite.All","Application","5d9bd860-af4b-42e9-be5d-01c22860a264","AdminDroid Service Application","3992590e-6f9b-4aa1-aa9f-d7717c111b07","3167ece0-7143-42a1-ad48-9fd8e3093639","Windows Azure Active Directory",,,
"Sites.FullControl.All","Application","5d9bd860-af4b-42e9-be5d-01c22860a264","AdminDroid Service Application","3992590e-6f9b-4aa1-aa9f-d7717c111b07","456070e6-ad95-4fdd-bf2c-9da346c7ce7a","Office 365 SharePoint Online",,,
"CmCollectionData.read","Application","52cb9dd7-ae83-460a-9055-d21ec527919e","ConfigMgrSvc_2411ad74-3de5-4e94-979f-a36d454d3286","3992590e-6f9b-4aa1-aa9f-d7717c111b07","58ab076f-15e1-4339-a615-78af49df04ea","Configuration Manager Microservice",,,
"CmCollectionData.write","Application","52cb9dd7-ae83-460a-9055-d21ec527919e","ConfigMgrSvc_2411ad74-3de5-4e94-979f-a36d454d3286","3992590e-6f9b-4aa1-aa9f-d7717c111b07","58ab076f-15e1-4339-a615-78af49df04ea","Configuration Manager Microservice",,,
"CmCollectionData.read","Application","c7c6484f-1440-4f67-ad34-860ef0471b12","ConfigMgrSvc_3fd8c0b9-f262-4444-a2bf-e71c29b8a01d","3992590e-6f9b-4aa1-aa9f-d7717c111b07","58ab076f-15e1-4339-a615-78af49df04ea","Configuration Manager Microservice",,,
"CmCollectionData.write","Application","c7c6484f-1440-4f67-ad34-860ef0471b12","ConfigMgrSvc_3fd8c0b9-f262-4444-a2bf-e71c29b8a01d","3992590e-6f9b-4aa1-aa9f-d7717c111b07","58ab076f-15e1-4339-a615-78af49df04ea","Configuration Manager Microservice",,,
"CmCollectionData.read","Application","3ea2ed65-ce42-4bf5-8e2c-697a489d4e7c","ConfigMgrSvc_81acdef9-1ea4-4f7e-ad67-ba0a5b5f941a","3992590e-6f9b-4aa1-aa9f-d7717c111b07","58ab076f-15e1-4339-a615-78af49df04ea","Configuration Manager Microservice",,,
"CmCollectionData.write","Application","3ea2ed65-ce42-4bf5-8e2c-697a489d4e7c","ConfigMgrSvc_81acdef9-1ea4-4f7e-ad67-ba0a5b5f941a","3992590e-6f9b-4aa1-aa9f-d7717c111b07","58ab076f-15e1-4339-a615-78af49df04ea","Configuration Manager Microservice",,,
"CmCollectionData.read","Application","29b5fcfd-2e85-4c44-a01a-d06951f0305f","ConfigMgr Desktop Analytics","3992590e-6f9b-4aa1-aa9f-d7717c111b07","58ab076f-15e1-4339-a615-78af49df04ea","Configuration Manager Microservice",,,
"CmCollectionData.write","Application","29b5fcfd-2e85-4c44-a01a-d06951f0305f","ConfigMgr Desktop Analytics","3992590e-6f9b-4aa1-aa9f-d7717c111b07","58ab076f-15e1-4339-a615-78af49df04ea","Configuration Manager Microservice",,,
"CmCollectionData.read","Application","23bd7b99-148c-4fab-9d7c-35aa4e2f3560","ConfigMgrSvc_b6967224-b42a-4a41-8bd8-6f47438ebbe3","3992590e-6f9b-4aa1-aa9f-d7717c111b07","58ab076f-15e1-4339-a615-78af49df04ea","Configuration Manager Microservice",,,
"CmCollectionData.write","Application","23bd7b99-148c-4fab-9d7c-35aa4e2f3560","ConfigMgrSvc_b6967224-b42a-4a41-8bd8-6f47438ebbe3","3992590e-6f9b-4aa1-aa9f-d7717c111b07","58ab076f-15e1-4339-a615-78af49df04ea","Configuration Manager Microservice",,,
"CmCollectionData.read","Application","e0309dec-3650-4c1a-992b-d94f1e2087f2","DACMCB","3992590e-6f9b-4aa1-aa9f-d7717c111b07","58ab076f-15e1-4339-a615-78af49df04ea","Configuration Manager Microservice",,,
"CmCollectionData.write","Application","e0309dec-3650-4c1a-992b-d94f1e2087f2","DACMCB","3992590e-6f9b-4aa1-aa9f-d7717c111b07","58ab076f-15e1-4339-a615-78af49df04ea","Configuration Manager Microservice",,,
"CmCollectionData.read","Application","729928c1-030e-43fb-9620-2d8056fddd73","ConfigMgrSvc_f21a15ca-b2c5-412e-8ca2-e0ad9b2094c3","3992590e-6f9b-4aa1-aa9f-d7717c111b07","58ab076f-15e1-4339-a615-78af49df04ea","Configuration Manager Microservice",,,
"CmCollectionData.write","Application","729928c1-030e-43fb-9620-2d8056fddd73","ConfigMgrSvc_f21a15ca-b2c5-412e-8ca2-e0ad9b2094c3","3992590e-6f9b-4aa1-aa9f-d7717c111b07","58ab076f-15e1-4339-a615-78af49df04ea","Configuration Manager Microservice",,,
"DeviceManagementManagedDevices.Read.All","Application","afa385dc-e42c-4846-96df-26ee79a28514","PatchMyPC","3992590e-6f9b-4aa1-aa9f-d7717c111b07","79229509-1381-4264-ada6-0ecbe408f435","Microsoft Graph",,,
"DeviceManagementServiceConfig.ReadWrite.All","Application","afa385dc-e42c-4846-96df-26ee79a28514","PatchMyPC","3992590e-6f9b-4aa1-aa9f-d7717c111b07","79229509-1381-4264-ada6-0ecbe408f435","Microsoft Graph",,,
"GroupMember.Read.All","Application","afa385dc-e42c-4846-96df-26ee79a28514","PatchMyPC","3992590e-6f9b-4aa1-aa9f-d7717c111b07","79229509-1381-4264-ada6-0ecbe408f435","Microsoft Graph",,,
"DeviceManagementRBAC.Read.All","Application","afa385dc-e42c-4846-96df-26ee79a28514","PatchMyPC","3992590e-6f9b-4aa1-aa9f-d7717c111b07","79229509-1381-4264-ada6-0ecbe408f435","Microsoft Graph",,,
"DeviceManagementApps.ReadWrite.All","Application","afa385dc-e42c-4846-96df-26ee79a28514","PatchMyPC","3992590e-6f9b-4aa1-aa9f-d7717c111b07","79229509-1381-4264-ada6-0ecbe408f435","Microsoft Graph",,,
"Policy.ReadWrite.ConditionalAccess","Application","168b42a2-6985-4c1f-a66d-2836e291a526","MonitorCAPolicies","3992590e-6f9b-4aa1-aa9f-d7717c111b07","79229509-1381-4264-ada6-0ecbe408f435","Microsoft Graph",,,
"AuditLog.Read.All","Application","168b42a2-6985-4c1f-a66d-2836e291a526","MonitorCAPolicies","3992590e-6f9b-4aa1-aa9f-d7717c111b07","79229509-1381-4264-ada6-0ecbe408f435","Microsoft Graph",,,
"Policy.Read.All","Application","168b42a2-6985-4c1f-a66d-2836e291a526","MonitorCAPolicies","3992590e-6f9b-4aa1-aa9f-d7717c111b07","79229509-1381-4264-ada6-0ecbe408f435","Microsoft Graph",,,
"Application.Read.All","Application","168b42a2-6985-4c1f-a66d-2836e291a526","MonitorCAPolicies","3992590e-6f9b-4aa1-aa9f-d7717c111b07","79229509-1381-4264-ada6-0ecbe408f435","Microsoft Graph",,,
"User.ReadWrite.All","Application","5d9bd860-af4b-42e9-be5d-01c22860a264","AdminDroid Service Application","3992590e-6f9b-4aa1-aa9f-d7717c111b07","79229509-1381-4264-ada6-0ecbe408f435","Microsoft Graph",,,
"Directory.ReadWrite.All","Application","5d9bd860-af4b-42e9-be5d-01c22860a264","AdminDroid Service Application","3992590e-6f9b-4aa1-aa9f-d7717c111b07","79229509-1381-4264-ada6-0ecbe408f435","Microsoft Graph",,,
"Reports.Read.All","Application","5d9bd860-af4b-42e9-be5d-01c22860a264","AdminDroid Service Application","3992590e-6f9b-4aa1-aa9f-d7717c111b07","79229509-1381-4264-ada6-0ecbe408f435","Microsoft Graph",,,
"Directory.Read.All","Application","52cb9dd7-ae83-460a-9055-d21ec527919e","ConfigMgrSvc_2411ad74-3de5-4e94-979f-a36d454d3286","3992590e-6f9b-4aa1-aa9f-d7717c111b07","79229509-1381-4264-ada6-0ecbe408f435","Microsoft Graph",,,
"Directory.Read.All","Application","915253a1-a448-4bd3-82e1-3f58b152a247","SCCMServerAppVM01","3992590e-6f9b-4aa1-aa9f-d7717c111b07","79229509-1381-4264-ada6-0ecbe408f435","Microsoft Graph",,,
"Directory.Read.All","Application","3ea2ed65-ce42-4bf5-8e2c-697a489d4e7c","ConfigMgrSvc_81acdef9-1ea4-4f7e-ad67-ba0a5b5f941a","3992590e-6f9b-4aa1-aa9f-d7717c111b07","79229509-1381-4264-ada6-0ecbe408f435","Microsoft Graph",,,
"Directory.Read.All","Application","23bd7b99-148c-4fab-9d7c-35aa4e2f3560","ConfigMgrSvc_b6967224-b42a-4a41-8bd8-6f47438ebbe3","3992590e-6f9b-4aa1-aa9f-d7717c111b07","79229509-1381-4264-ada6-0ecbe408f435","Microsoft Graph",,,
"Directory.Read.All","Application","c7c6484f-1440-4f67-ad34-860ef0471b12","ConfigMgrSvc_3fd8c0b9-f262-4444-a2bf-e71c29b8a01d","3992590e-6f9b-4aa1-aa9f-d7717c111b07","79229509-1381-4264-ada6-0ecbe408f435","Microsoft Graph",,,
"Directory.Read.All","Application","3b21b848-37e6-44af-b759-5aba95eff618","CMTP Web App","3992590e-6f9b-4aa1-aa9f-d7717c111b07","79229509-1381-4264-ada6-0ecbe408f435","Microsoft Graph",,,
"Directory.Read.All","Application","08902158-38d6-4f55-80a6-918080f78472","CMTP-ServerApp","3992590e-6f9b-4aa1-aa9f-d7717c111b07","79229509-1381-4264-ada6-0ecbe408f435","Microsoft Graph",,,
"Directory.Read.All","Application","ac7247ef-5a6a-43ac-91b2-bfd1c919bcfb","CMCBClientWebApp","3992590e-6f9b-4aa1-aa9f-d7717c111b07","79229509-1381-4264-ada6-0ecbe408f435","Microsoft Graph",,,
"Directory.Read.All","Application","70530289-fb06-4dce-beb6-d77853b44fb0","SCCMMsfb","3992590e-6f9b-4aa1-aa9f-d7717c111b07","79229509-1381-4264-ada6-0ecbe408f435","Microsoft Graph",,,
"Directory.Read.All","Application","ad651fe9-9bcd-4e8c-9e35-85edd8f5eca3","SCCMServerappPKI","3992590e-6f9b-4aa1-aa9f-d7717c111b07","79229509-1381-4264-ada6-0ecbe408f435","Microsoft Graph",,,
"Directory.Read.All","Application","e0309dec-3650-4c1a-992b-d94f1e2087f2","DACMCB","3992590e-6f9b-4aa1-aa9f-d7717c111b07","79229509-1381-4264-ada6-0ecbe408f435","Microsoft Graph",,,
"Directory.Read.All","Application","df5864c5-c654-4fae-8c9a-d2d0a5fb250f","CMCB-ServerApp","3992590e-6f9b-4aa1-aa9f-d7717c111b07","79229509-1381-4264-ada6-0ecbe408f435","Microsoft Graph",,,
"Directory.Read.All","Application","acdf6cc0-aee8-48e9-8295-de6739e4a76d","ConfigMgr-MsfB01","3992590e-6f9b-4aa1-aa9f-d7717c111b07","79229509-1381-4264-ada6-0ecbe408f435","Microsoft Graph",,,
"Directory.Read.All","Application","29b5fcfd-2e85-4c44-a01a-d06951f0305f","ConfigMgr Desktop Analytics","3992590e-6f9b-4aa1-aa9f-d7717c111b07","79229509-1381-4264-ada6-0ecbe408f435","Microsoft Graph",,,
"DeviceManagementManagedDevices.Read.All","Application","6a226bb0-4e95-49b5-8c44-5b1e7ae9f767","Intune - API","3992590e-6f9b-4aa1-aa9f-d7717c111b07","79229509-1381-4264-ada6-0ecbe408f435","Microsoft Graph",,,
"DeviceManagementServiceConfig.Read.All","Application","6a226bb0-4e95-49b5-8c44-5b1e7ae9f767","Intune - API","3992590e-6f9b-4aa1-aa9f-d7717c111b07","79229509-1381-4264-ada6-0ecbe408f435","Microsoft Graph",,,
"DeviceManagementServiceConfig.ReadWrite.All","Application","6a226bb0-4e95-49b5-8c44-5b1e7ae9f767","Intune - API","3992590e-6f9b-4aa1-aa9f-d7717c111b07","79229509-1381-4264-ada6-0ecbe408f435","Microsoft Graph",,,
"DeviceManagementManagedDevices.ReadWrite.All","Application","6a226bb0-4e95-49b5-8c44-5b1e7ae9f767","Intune - API","3992590e-6f9b-4aa1-aa9f-d7717c111b07","79229509-1381-4264-ada6-0ecbe408f435","Microsoft Graph",,,
"DeviceManagementManagedDevices.PrivilegedOperations.All","Application","6a226bb0-4e95-49b5-8c44-5b1e7ae9f767","Intune - API","3992590e-6f9b-4aa1-aa9f-d7717c111b07","79229509-1381-4264-ada6-0ecbe408f435","Microsoft Graph",,,
"Directory.Read.All","Application","729928c1-030e-43fb-9620-2d8056fddd73","ConfigMgrSvc_f21a15ca-b2c5-412e-8ca2-e0ad9b2094c3","3992590e-6f9b-4aa1-aa9f-d7717c111b07","79229509-1381-4264-ada6-0ecbe408f435","Microsoft Graph",,,
"Directory.Read.All","Application","37fcac0f-bccb-4657-bc46-86dc1ddf20f5","SCCMAdminApp-CB1","3992590e-6f9b-4aa1-aa9f-d7717c111b07","79229509-1381-4264-ada6-0ecbe408f435","Microsoft Graph",,,
"Directory.Read.All","Application","0b910798-612b-460e-b48b-712846f57572","SCCMServerApp-CB1","3992590e-6f9b-4aa1-aa9f-d7717c111b07","79229509-1381-4264-ada6-0ecbe408f435","Microsoft Graph",,,
"Directory.Read.All","Application","1a467285-a090-43e3-bf55-6c005e06318a","ServerApp-CB1","3992590e-6f9b-4aa1-aa9f-d7717c111b07","79229509-1381-4264-ada6-0ecbe408f435","Microsoft Graph",,,
"Directory.Read.All","Application","12452c27-ad99-47b5-be03-f11b19956337","SCCMServerApp-CB1","3992590e-6f9b-4aa1-aa9f-d7717c111b07","79229509-1381-4264-ada6-0ecbe408f435","Microsoft Graph",,,
"Directory.Read.All","Application","9653e945-304d-48f8-98e2-daf86b274f6b","SCCMWebapp-CB1","3992590e-6f9b-4aa1-aa9f-d7717c111b07","79229509-1381-4264-ada6-0ecbe408f435","Microsoft Graph",,,
"Data.Read","Application","0d9cdc32-8bee-4977-af64-90620378d3b0","MEM-Reporting","3992590e-6f9b-4aa1-aa9f-d7717c111b07","9f7a93c5-f650-4b6e-8b38-03ff07749c75","Log Analytics API",,,
"get_data_warehouse","Application","3b21b848-37e6-44af-b759-5aba95eff618","CMTP Web App","3992590e-6f9b-4aa1-aa9f-d7717c111b07","aeca6be7-7a2e-4eac-b88d-08645c6166a9","Microsoft Intune API",,,
"get_data_warehouse","Application","08902158-38d6-4f55-80a6-918080f78472","CMTP-ServerApp","3992590e-6f9b-4aa1-aa9f-d7717c111b07","aeca6be7-7a2e-4eac-b88d-08645c6166a9","Microsoft Intune API",,,
"Exchange.ManageAsApp","Application","5d9bd860-af4b-42e9-be5d-01c22860a264","AdminDroid Service Application","3992590e-6f9b-4aa1-aa9f-d7717c111b07","f7968a97-8fb0-4d37-934b-2cb79941d15a","Office 365 Exchange Online",,,
"User.Read","Delegated","b8b47393-aab4-4a95-a84b-f2bfc5721b6c","Microsoft Pin Reset Service Production","72f988bf-86f1-41af-91ab-2d7cd011db47","3167ece0-7143-42a1-ad48-9fd8e3093639","Windows Azure Active Directory","AllPrincipals",,
"Directory.Read.All","Delegated","b8b47393-aab4-4a95-a84b-f2bfc5721b6c","Microsoft Pin Reset Service Production","72f988bf-86f1-41af-91ab-2d7cd011db47","3167ece0-7143-42a1-ad48-9fd8e3093639","Windows Azure Active Directory","AllPrincipals",,
"User.Read","Delegated","b569f90c-d958-4714-9660-b696721005a7","MS Tech Comm","72f988bf-86f1-41af-91ab-2d7cd011db47","79229509-1381-4264-ada6-0ecbe408f435","Microsoft Graph","AllPrincipals",,
"openid","Delegated","b569f90c-d958-4714-9660-b696721005a7","MS Tech Comm","72f988bf-86f1-41af-91ab-2d7cd011db47","79229509-1381-4264-ada6-0ecbe408f435","Microsoft Graph","AllPrincipals",,
"email","Delegated","b569f90c-d958-4714-9660-b696721005a7","MS Tech Comm","72f988bf-86f1-41af-91ab-2d7cd011db47","79229509-1381-4264-ada6-0ecbe408f435","Microsoft Graph","AllPrincipals",,
"profile","Delegated","b569f90c-d958-4714-9660-b696721005a7","MS Tech Comm","72f988bf-86f1-41af-91ab-2d7cd011db47","79229509-1381-4264-ada6-0ecbe408f435","Microsoft Graph","AllPrincipals",,
"offline_access","Delegated","b569f90c-d958-4714-9660-b696721005a7","MS Tech Comm","72f988bf-86f1-41af-91ab-2d7cd011db47","79229509-1381-4264-ada6-0ecbe408f435","Microsoft Graph","AllPrincipals",,
"User.Read","Delegated","b569f90c-d958-4714-9660-b696721005a7","MS Tech Comm","72f988bf-86f1-41af-91ab-2d7cd011db47","79229509-1381-4264-ada6-0ecbe408f435","Microsoft Graph","Principal","06563ae8-c6fc-4364-b4d2-e11fe23537e4","Eswar Koneti"
"openid","Delegated","b569f90c-d958-4714-9660-b696721005a7","MS Tech Comm","72f988bf-86f1-41af-91ab-2d7cd011db47","79229509-1381-4264-ada6-0ecbe408f435","Microsoft Graph","Principal","06563ae8-c6fc-4364-b4d2-e11fe23537e4","Eswar Koneti"
"email","Delegated","b569f90c-d958-4714-9660-b696721005a7","MS Tech Comm","72f988bf-86f1-41af-91ab-2d7cd011db47","79229509-1381-4264-ada6-0ecbe408f435","Microsoft Graph","Principal","06563ae8-c6fc-4364-b4d2-e11fe23537e4","Eswar Koneti"
"profile","Delegated","b569f90c-d958-4714-9660-b696721005a7","MS Tech Comm","72f988bf-86f1-41af-91ab-2d7cd011db47","79229509-1381-4264-ada6-0ecbe408f435","Microsoft Graph","Principal","06563ae8-c6fc-4364-b4d2-e11fe23537e4","Eswar Koneti"
"offline_access","Delegated","b569f90c-d958-4714-9660-b696721005a7","MS Tech Comm","72f988bf-86f1-41af-91ab-2d7cd011db47","79229509-1381-4264-ada6-0ecbe408f435","Microsoft Graph","Principal","06563ae8-c6fc-4364-b4d2-e11fe23537e4","Eswar Koneti"
"EWS.AccessAsUser.All","Delegated","75b59aa3-6edf-4511-b021-464991de60da","Nine for Office 365","04cb3f5c-4ca6-48d1-bac2-b6ad9ba82800","f7968a97-8fb0-4d37-934b-2cb79941d15a","Office 365 Exchange Online","AllPrincipals",,
"user_impersonation","Delegated","e6fc4f13-25ec-46fb-84fd-cb21a85888ae","CMCBNativeClient","3992590e-6f9b-4aa1-aa9f-d7717c111b07","ac7247ef-5a6a-43ac-91b2-bfd1c919bcfb","CMCBClientWebApp","AllPrincipals",,
"User.Read","Delegated","a998cbc4-a529-4fe5-81d6-d3f8cdda4822","MALogAnalyticsReader","72f988bf-86f1-41af-91ab-2d7cd011db47","3167ece0-7143-42a1-ad48-9fd8e3093639","Windows Azure Active Directory","AllPrincipals",,
"user_impersonation","Delegated","960d78d0-16fe-4c28-b356-3db8b23461a6","CMTP Client App","3992590e-6f9b-4aa1-aa9f-d7717c111b07","3b21b848-37e6-44af-b759-5aba95eff618","CMTP Web App","AllPrincipals",,
"Directory.AccessAsUser.All","Delegated","e317206e-8761-4562-9af7-a1ac279c4f69","CA API","3992590e-6f9b-4aa1-aa9f-d7717c111b07","79229509-1381-4264-ada6-0ecbe408f435","Microsoft Graph","AllPrincipals",,
"Policy.ReadWrite.ConditionalAccess","Delegated","e317206e-8761-4562-9af7-a1ac279c4f69","CA API","3992590e-6f9b-4aa1-aa9f-d7717c111b07","79229509-1381-4264-ada6-0ecbe408f435","Microsoft Graph","AllPrincipals",,
"User.Read","Delegated","e317206e-8761-4562-9af7-a1ac279c4f69","CA API","3992590e-6f9b-4aa1-aa9f-d7717c111b07","79229509-1381-4264-ada6-0ecbe408f435","Microsoft Graph","AllPrincipals",,
"Directory.AccessAsUser.All","Delegated","a435578f-972a-433d-bc87-9694939b4179","AdminDroid Office 365 Reporter","7228f07f-efee-4159-9393-be6efb253fd0","3167ece0-7143-42a1-ad48-9fd8e3093639","Windows Azure Active Directory","AllPrincipals",,
"user_impersonation","Delegated","23a23a70-9333-46dc-8ff6-32229bee57c1","CMCB-ClientApp","3992590e-6f9b-4aa1-aa9f-d7717c111b07","df5864c5-c654-4fae-8c9a-d2d0a5fb250f","CMCB-ServerApp","AllPrincipals",,
"User.Read","Delegated","d12801ab-810b-4f0a-a887-b3094aceb26d","BlueMail","9e4c9d49-35ac-4066-a368-ad04ad551f90","79229509-1381-4264-ada6-0ecbe408f435","Microsoft Graph","Principal","06563ae8-c6fc-4364-b4d2-e11fe23537e4","Eswar Koneti"
"EAS.AccessAsUser.All","Delegated","d12801ab-810b-4f0a-a887-b3094aceb26d","BlueMail","9e4c9d49-35ac-4066-a368-ad04ad551f90","f7968a97-8fb0-4d37-934b-2cb79941d15a","Office 365 Exchange Online","Principal","06563ae8-c6fc-4364-b4d2-e11fe23537e4","Eswar Koneti"
"Exchange.Manage","Delegated","d12801ab-810b-4f0a-a887-b3094aceb26d","BlueMail","9e4c9d49-35ac-4066-a368-ad04ad551f90","f7968a97-8fb0-4d37-934b-2cb79941d15a","Office 365 Exchange Online","Principal","06563ae8-c6fc-4364-b4d2-e11fe23537e4","Eswar Koneti"
"user_impersonation","Delegated","502e2fe6-102e-42d1-b498-72a76d32dc67","CMTP-ClientApp","3992590e-6f9b-4aa1-aa9f-d7717c111b07","08902158-38d6-4f55-80a6-918080f78472","CMTP-ServerApp","AllPrincipals",,
"User.Read","Delegated","9e767214-f845-4861-8805-48748f368fd6","Microsoft Intune PowerShell","72f988bf-86f1-41af-91ab-2d7cd011db47","3167ece0-7143-42a1-ad48-9fd8e3093639","Windows Azure Active Directory","AllPrincipals",,
"Group.Read.All","Delegated","9e767214-f845-4861-8805-48748f368fd6","Microsoft Intune PowerShell","72f988bf-86f1-41af-91ab-2d7cd011db47","3167ece0-7143-42a1-ad48-9fd8e3093639","Windows Azure Active Directory","AllPrincipals",,
"User.Read","Delegated","9e767214-f845-4861-8805-48748f368fd6","Microsoft Intune PowerShell","72f988bf-86f1-41af-91ab-2d7cd011db47","3167ece0-7143-42a1-ad48-9fd8e3093639","Windows Azure Active Directory","Principal","06563ae8-c6fc-4364-b4d2-e11fe23537e4","Eswar Koneti"
"Group.Read.All","Delegated","9e767214-f845-4861-8805-48748f368fd6","Microsoft Intune PowerShell","72f988bf-86f1-41af-91ab-2d7cd011db47","3167ece0-7143-42a1-ad48-9fd8e3093639","Windows Azure Active Directory","Principal","06563ae8-c6fc-4364-b4d2-e11fe23537e4","Eswar Koneti"
"DeviceManagementManagedDevices.PrivilegedOperations.All","Delegated","9e767214-f845-4861-8805-48748f368fd6","Microsoft Intune PowerShell","72f988bf-86f1-41af-91ab-2d7cd011db47","79229509-1381-4264-ada6-0ecbe408f435","Microsoft Graph","AllPrincipals",,
"DeviceManagementManagedDevices.ReadWrite.All","Delegated","9e767214-f845-4861-8805-48748f368fd6","Microsoft Intune PowerShell","72f988bf-86f1-41af-91ab-2d7cd011db47","79229509-1381-4264-ada6-0ecbe408f435","Microsoft Graph","AllPrincipals",,
"DeviceManagementRBAC.ReadWrite.All","Delegated","9e767214-f845-4861-8805-48748f368fd6","Microsoft Intune PowerShell","72f988bf-86f1-41af-91ab-2d7cd011db47","79229509-1381-4264-ada6-0ecbe408f435","Microsoft Graph","AllPrincipals",,
"DeviceManagementApps.ReadWrite.All","Delegated","9e767214-f845-4861-8805-48748f368fd6","Microsoft Intune PowerShell","72f988bf-86f1-41af-91ab-2d7cd011db47","79229509-1381-4264-ada6-0ecbe408f435","Microsoft Graph","AllPrincipals",,
"DeviceManagementConfiguration.ReadWrite.All","Delegated","9e767214-f845-4861-8805-48748f368fd6","Microsoft Intune PowerShell","72f988bf-86f1-41af-91ab-2d7cd011db47","79229509-1381-4264-ada6-0ecbe408f435","Microsoft Graph","AllPrincipals",,
"DeviceManagementServiceConfig.ReadWrite.All","Delegated","9e767214-f845-4861-8805-48748f368fd6","Microsoft Intune PowerShell","72f988bf-86f1-41af-91ab-2d7cd011db47","79229509-1381-4264-ada6-0ecbe408f435","Microsoft Graph","AllPrincipals",,
"Group.ReadWrite.All","Delegated","9e767214-f845-4861-8805-48748f368fd6","Microsoft Intune PowerShell","72f988bf-86f1-41af-91ab-2d7cd011db47","79229509-1381-4264-ada6-0ecbe408f435","Microsoft Graph","AllPrincipals",,
"Directory.Read.All","Delegated","9e767214-f845-4861-8805-48748f368fd6","Microsoft Intune PowerShell","72f988bf-86f1-41af-91ab-2d7cd011db47","79229509-1381-4264-ada6-0ecbe408f435","Microsoft Graph","AllPrincipals",,
"openid","Delegated","9e767214-f845-4861-8805-48748f368fd6","Microsoft Intune PowerShell","72f988bf-86f1-41af-91ab-2d7cd011db47","79229509-1381-4264-ada6-0ecbe408f435","Microsoft Graph","AllPrincipals",,
"User.ReadWrite.All","Delegated","9e767214-f845-4861-8805-48748f368fd6","Microsoft Intune PowerShell","72f988bf-86f1-41af-91ab-2d7cd011db47","79229509-1381-4264-ada6-0ecbe408f435","Microsoft Graph","AllPrincipals",,
"Policy.Read.All","Delegated","9e767214-f845-4861-8805-48748f368fd6","Microsoft Intune PowerShell","72f988bf-86f1-41af-91ab-2d7cd011db47","79229509-1381-4264-ada6-0ecbe408f435","Microsoft Graph","AllPrincipals",,
"Policy.ReadWrite.ConditionalAccess","Delegated","9e767214-f845-4861-8805-48748f368fd6","Microsoft Intune PowerShell","72f988bf-86f1-41af-91ab-2d7cd011db47","79229509-1381-4264-ada6-0ecbe408f435","Microsoft Graph","AllPrincipals",,
"Application.Read.All","Delegated","9e767214-f845-4861-8805-48748f368fd6","Microsoft Intune PowerShell","72f988bf-86f1-41af-91ab-2d7cd011db47","79229509-1381-4264-ada6-0ecbe408f435","Microsoft Graph","AllPrincipals",,
"Organization.ReadWrite.All","Delegated","9e767214-f845-4861-8805-48748f368fd6","Microsoft Intune PowerShell","72f988bf-86f1-41af-91ab-2d7cd011db47","79229509-1381-4264-ada6-0ecbe408f435","Microsoft Graph","AllPrincipals",,
"profile","Delegated","9e767214-f845-4861-8805-48748f368fd6","Microsoft Intune PowerShell","72f988bf-86f1-41af-91ab-2d7cd011db47","79229509-1381-4264-ada6-0ecbe408f435","Microsoft Graph","AllPrincipals",,
"offline_access","Delegated","9e767214-f845-4861-8805-48748f368fd6","Microsoft Intune PowerShell","72f988bf-86f1-41af-91ab-2d7cd011db47","79229509-1381-4264-ada6-0ecbe408f435","Microsoft Graph","AllPrincipals",,
"DeviceManagementManagedDevices.PrivilegedOperations.All","Delegated","9e767214-f845-4861-8805-48748f368fd6","Microsoft Intune PowerShell","72f988bf-86f1-41af-91ab-2d7cd011db47","79229509-1381-4264-ada6-0ecbe408f435","Microsoft Graph","Principal","06563ae8-c6fc-4364-b4d2-e11fe23537e4","Eswar Koneti"
"DeviceManagementManagedDevices.ReadWrite.All","Delegated","9e767214-f845-4861-8805-48748f368fd6","Microsoft Intune PowerShell","72f988bf-86f1-41af-91ab-2d7cd011db47","79229509-1381-4264-ada6-0ecbe408f435","Microsoft Graph","Principal","06563ae8-c6fc-4364-b4d2-e11fe23537e4","Eswar Koneti"
"DeviceManagementRBAC.ReadWrite.All","Delegated","9e767214-f845-4861-8805-48748f368fd6","Microsoft Intune PowerShell","72f988bf-86f1-41af-91ab-2d7cd011db47","79229509-1381-4264-ada6-0ecbe408f435","Microsoft Graph","Principal","06563ae8-c6fc-4364-b4d2-e11fe23537e4","Eswar Koneti"
"DeviceManagementApps.ReadWrite.All","Delegated","9e767214-f845-4861-8805-48748f368fd6","Microsoft Intune PowerShell","72f988bf-86f1-41af-91ab-2d7cd011db47","79229509-1381-4264-ada6-0ecbe408f435","Microsoft Graph","Principal","06563ae8-c6fc-4364-b4d2-e11fe23537e4","Eswar Koneti"
"DeviceManagementConfiguration.ReadWrite.All","Delegated","9e767214-f845-4861-8805-48748f368fd6","Microsoft Intune PowerShell","72f988bf-86f1-41af-91ab-2d7cd011db47","79229509-1381-4264-ada6-0ecbe408f435","Microsoft Graph","Principal","06563ae8-c6fc-4364-b4d2-e11fe23537e4","Eswar Koneti"
"DeviceManagementServiceConfig.ReadWrite.All","Delegated","9e767214-f845-4861-8805-48748f368fd6","Microsoft Intune PowerShell","72f988bf-86f1-41af-91ab-2d7cd011db47","79229509-1381-4264-ada6-0ecbe408f435","Microsoft Graph","Principal","06563ae8-c6fc-4364-b4d2-e11fe23537e4","Eswar Koneti"
"Group.ReadWrite.All","Delegated","9e767214-f845-4861-8805-48748f368fd6","Microsoft Intune PowerShell","72f988bf-86f1-41af-91ab-2d7cd011db47","79229509-1381-4264-ada6-0ecbe408f435","Microsoft Graph","Principal","06563ae8-c6fc-4364-b4d2-e11fe23537e4","Eswar Koneti"
"Directory.Read.All","Delegated","9e767214-f845-4861-8805-48748f368fd6","Microsoft Intune PowerShell","72f988bf-86f1-41af-91ab-2d7cd011db47","79229509-1381-4264-ada6-0ecbe408f435","Microsoft Graph","Principal","06563ae8-c6fc-4364-b4d2-e11fe23537e4","Eswar Koneti"
"openid","Delegated","9e767214-f845-4861-8805-48748f368fd6","Microsoft Intune PowerShell","72f988bf-86f1-41af-91ab-2d7cd011db47","79229509-1381-4264-ada6-0ecbe408f435","Microsoft Graph","Principal","06563ae8-c6fc-4364-b4d2-e11fe23537e4","Eswar Koneti"
"user_impersonation","Delegated","21eb73d9-976b-4d42-9daa-6d0477e4b743","SCCMClientAppVM","3992590e-6f9b-4aa1-aa9f-d7717c111b07","915253a1-a448-4bd3-82e1-3f58b152a247","SCCMServerAppVM01","AllPrincipals",,
"User.Read","Delegated","9a60ba81-7c3e-45cc-a222-b8a59dfd893b","Power BI Community","72f988bf-86f1-41af-91ab-2d7cd011db47","3167ece0-7143-42a1-ad48-9fd8e3093639","Windows Azure Active Directory","Principal","06563ae8-c6fc-4364-b4d2-e11fe23537e4","Eswar Koneti"
"Data.Read","Delegated","0d9cdc32-8bee-4977-af64-90620378d3b0","MEM-Reporting","3992590e-6f9b-4aa1-aa9f-d7717c111b07","9f7a93c5-f650-4b6e-8b38-03ff07749c75","Log Analytics API","AllPrincipals",,
"User.Read","Delegated","4531cd70-c154-409f-adcb-bc71d3d880eb","Universal Print Onboarding","72f988bf-86f1-41af-91ab-2d7cd011db47","79229509-1381-4264-ada6-0ecbe408f435","Microsoft Graph","AllPrincipals",,
"User.Read","Delegated","66e05c73-8df4-4a52-848a-72203eaef6c3","AdminDroid Office 365 Reporter - Sign In","7228f07f-efee-4159-9393-be6efb253fd0","79229509-1381-4264-ada6-0ecbe408f435","Microsoft Graph","AllPrincipals",,
"user_impersonation","Delegated","494dbf99-29a0-497e-beac-dacc98f40c57","SCCMWebappPKI","3992590e-6f9b-4aa1-aa9f-d7717c111b07","ad651fe9-9bcd-4e8c-9e35-85edd8f5eca3","SCCMServerappPKI","AllPrincipals",,
"User.Read","Delegated","a8182319-ff5b-4563-8baf-1795b927325e","Intune Certificate Connector","3992590e-6f9b-4aa1-aa9f-d7717c111b07","3167ece0-7143-42a1-ad48-9fd8e3093639","Windows Azure Active Directory","AllPrincipals",,
"openid","Delegated","0ca0e796-5d24-40fb-bbdd-088cd195f50e","MVP Summit","72f988bf-86f1-41af-91ab-2d7cd011db47","79229509-1381-4264-ada6-0ecbe408f435","Microsoft Graph","Principal","06563ae8-c6fc-4364-b4d2-e11fe23537e4","Eswar Koneti"
"profile","Delegated","0ca0e796-5d24-40fb-bbdd-088cd195f50e","MVP Summit","72f988bf-86f1-41af-91ab-2d7cd011db47","79229509-1381-4264-ada6-0ecbe408f435","Microsoft Graph","Principal","06563ae8-c6fc-4364-b4d2-e11fe23537e4","Eswar Koneti"
"email","Delegated","0ca0e796-5d24-40fb-bbdd-088cd195f50e","MVP Summit","72f988bf-86f1-41af-91ab-2d7cd011db47","79229509-1381-4264-ada6-0ecbe408f435","Microsoft Graph","Principal","06563ae8-c6fc-4364-b4d2-e11fe23537e4","Eswar Koneti"
"Calendars.ReadWrite","Delegated","247d9b2a-df2e-48a2-8b1d-e997a3095cb7","Graph explorer","72f988bf-86f1-41af-91ab-2d7cd011db47","79229509-1381-4264-ada6-0ecbe408f435","Microsoft Graph","AllPrincipals",,
"Contacts.ReadWrite","Delegated","247d9b2a-df2e-48a2-8b1d-e997a3095cb7","Graph explorer","72f988bf-86f1-41af-91ab-2d7cd011db47","79229509-1381-4264-ada6-0ecbe408f435","Microsoft Graph","AllPrincipals",,
"DeviceManagementApps.Read.All","Delegated","247d9b2a-df2e-48a2-8b1d-e997a3095cb7","Graph explorer","72f988bf-86f1-41af-91ab-2d7cd011db47","79229509-1381-4264-ada6-0ecbe408f435","Microsoft Graph","AllPrincipals",,
"DeviceManagementApps.ReadWrite.All","Delegated","247d9b2a-df2e-48a2-8b1d-e997a3095cb7","Graph explorer","72f988bf-86f1-41af-91ab-2d7cd011db47","79229509-1381-4264-ada6-0ecbe408f435","Microsoft Graph","AllPrincipals",,
"DeviceManagementConfiguration.Read.All","Delegated","247d9b2a-df2e-48a2-8b1d-e997a3095cb7","Graph explorer","72f988bf-86f1-41af-91ab-2d7cd011db47","79229509-1381-4264-ada6-0ecbe408f435","Microsoft Graph","AllPrincipals",,
"DeviceManagementConfiguration.ReadWrite.All","Delegated","247d9b2a-df2e-48a2-8b1d-e997a3095cb7","Graph explorer","72f988bf-86f1-41af-91ab-2d7cd011db47","79229509-1381-4264-ada6-0ecbe408f435","Microsoft Graph","AllPrincipals",,
"DeviceManagementManagedDevices.PrivilegedOperations.All","Delegated","247d9b2a-df2e-48a2-8b1d-e997a3095cb7","Graph explorer","72f988bf-86f1-41af-91ab-2d7cd011db47","79229509-1381-4264-ada6-0ecbe408f435","Microsoft Graph","AllPrincipals",,
"DeviceManagementManagedDevices.Read.All","Delegated","247d9b2a-df2e-48a2-8b1d-e997a3095cb7","Graph explorer","72f988bf-86f1-41af-91ab-2d7cd011db47","79229509-1381-4264-ada6-0ecbe408f435","Microsoft Graph","AllPrincipals",,
"DeviceManagementManagedDevices.ReadWrite.All","Delegated","247d9b2a-df2e-48a2-8b1d-e997a3095cb7","Graph explorer","72f988bf-86f1-41af-91ab-2d7cd011db47","79229509-1381-4264-ada6-0ecbe408f435","Microsoft Graph","AllPrincipals",,
"DeviceManagementRBAC.Read.All","Delegated","247d9b2a-df2e-48a2-8b1d-e997a3095cb7","Graph explorer","72f988bf-86f1-41af-91ab-2d7cd011db47","79229509-1381-4264-ada6-0ecbe408f435","Microsoft Graph","AllPrincipals",,
"DeviceManagementRBAC.ReadWrite.All","Delegated","247d9b2a-df2e-48a2-8b1d-e997a3095cb7","Graph explorer","72f988bf-86f1-41af-91ab-2d7cd011db47","79229509-1381-4264-ada6-0ecbe408f435","Microsoft Graph","AllPrincipals",,
"DeviceManagementServiceConfig.Read.All","Delegated","247d9b2a-df2e-48a2-8b1d-e997a3095cb7","Graph explorer","72f988bf-86f1-41af-91ab-2d7cd011db47","79229509-1381-4264-ada6-0ecbe408f435","Microsoft Graph","AllPrincipals",,
"DeviceManagementServiceConfig.ReadWrite.All","Delegated","247d9b2a-df2e-48a2-8b1d-e997a3095cb7","Graph explorer","72f988bf-86f1-41af-91ab-2d7cd011db47","79229509-1381-4264-ada6-0ecbe408f435","Microsoft Graph","AllPrincipals",,
"Directory.AccessAsUser.All","Delegated","247d9b2a-df2e-48a2-8b1d-e997a3095cb7","Graph explorer","72f988bf-86f1-41af-91ab-2d7cd011db47","79229509-1381-4264-ada6-0ecbe408f435","Microsoft Graph","AllPrincipals",,
"Directory.ReadWrite.All","Delegated","247d9b2a-df2e-48a2-8b1d-e997a3095cb7","Graph explorer","72f988bf-86f1-41af-91ab-2d7cd011db47","79229509-1381-4264-ada6-0ecbe408f435","Microsoft Graph","AllPrincipals",,
"Files.ReadWrite.All","Delegated","247d9b2a-df2e-48a2-8b1d-e997a3095cb7","Graph explorer","72f988bf-86f1-41af-91ab-2d7cd011db47","79229509-1381-4264-ada6-0ecbe408f435","Microsoft Graph","AllPrincipals",,
"Group.ReadWrite.All","Delegated","247d9b2a-df2e-48a2-8b1d-e997a3095cb7","Graph explorer","72f988bf-86f1-41af-91ab-2d7cd011db47","79229509-1381-4264-ada6-0ecbe408f435","Microsoft Graph","AllPrincipals",,
"IdentityRiskEvent.Read.All","Delegated","247d9b2a-df2e-48a2-8b1d-e997a3095cb7","Graph explorer","72f988bf-86f1-41af-91ab-2d7cd011db47","79229509-1381-4264-ada6-0ecbe408f435","Microsoft Graph","AllPrincipals",,
"Mail.ReadWrite","Delegated","247d9b2a-df2e-48a2-8b1d-e997a3095cb7","Graph explorer","72f988bf-86f1-41af-91ab-2d7cd011db47","79229509-1381-4264-ada6-0ecbe408f435","Microsoft Graph","AllPrincipals",,
"MailboxSettings.ReadWrite","Delegated","247d9b2a-df2e-48a2-8b1d-e997a3095cb7","Graph explorer","72f988bf-86f1-41af-91ab-2d7cd011db47","79229509-1381-4264-ada6-0ecbe408f435","Microsoft Graph","AllPrincipals",,
"Notes.ReadWrite.All","Delegated","247d9b2a-df2e-48a2-8b1d-e997a3095cb7","Graph explorer","72f988bf-86f1-41af-91ab-2d7cd011db47","79229509-1381-4264-ada6-0ecbe408f435","Microsoft Graph","AllPrincipals",,
"openid","Delegated","247d9b2a-df2e-48a2-8b1d-e997a3095cb7","Graph explorer","72f988bf-86f1-41af-91ab-2d7cd011db47","79229509-1381-4264-ada6-0ecbe408f435","Microsoft Graph","AllPrincipals",,
"People.Read","Delegated","247d9b2a-df2e-48a2-8b1d-e997a3095cb7","Graph explorer","72f988bf-86f1-41af-91ab-2d7cd011db47","79229509-1381-4264-ada6-0ecbe408f435","Microsoft Graph","AllPrincipals",,
"profile","Delegated","247d9b2a-df2e-48a2-8b1d-e997a3095cb7","Graph explorer","72f988bf-86f1-41af-91ab-2d7cd011db47","79229509-1381-4264-ada6-0ecbe408f435","Microsoft Graph","AllPrincipals",,
"Reports.Read.All","Delegated","247d9b2a-df2e-48a2-8b1d-e997a3095cb7","Graph explorer","72f988bf-86f1-41af-91ab-2d7cd011db47","79229509-1381-4264-ada6-0ecbe408f435","Microsoft Graph","AllPrincipals",,
"Sites.ReadWrite.All","Delegated","247d9b2a-df2e-48a2-8b1d-e997a3095cb7","Graph explorer","72f988bf-86f1-41af-91ab-2d7cd011db47","79229509-1381-4264-ada6-0ecbe408f435","Microsoft Graph","AllPrincipals",,
"Tasks.ReadWrite","Delegated","247d9b2a-df2e-48a2-8b1d-e997a3095cb7","Graph explorer","72f988bf-86f1-41af-91ab-2d7cd011db47","79229509-1381-4264-ada6-0ecbe408f435","Microsoft Graph","AllPrincipals",,
"User.ReadBasic.All","Delegated","247d9b2a-df2e-48a2-8b1d-e997a3095cb7","Graph explorer","72f988bf-86f1-41af-91ab-2d7cd011db47","79229509-1381-4264-ada6-0ecbe408f435","Microsoft Graph","AllPrincipals",,
"User.ReadWrite","Delegated","247d9b2a-df2e-48a2-8b1d-e997a3095cb7","Graph explorer","72f988bf-86f1-41af-91ab-2d7cd011db47","79229509-1381-4264-ada6-0ecbe408f435","Microsoft Graph","AllPrincipals",,
"User.ReadWrite.All","Delegated","247d9b2a-df2e-48a2-8b1d-e997a3095cb7","Graph explorer","72f988bf-86f1-41af-91ab-2d7cd011db47","79229509-1381-4264-ada6-0ecbe408f435","Microsoft Graph","AllPrincipals",,
"User.Read","Delegated","247d9b2a-df2e-48a2-8b1d-e997a3095cb7","Graph explorer","72f988bf-86f1-41af-91ab-2d7cd011db47","79229509-1381-4264-ada6-0ecbe408f435","Microsoft Graph","AllPrincipals",,
"offline_access","Delegated","247d9b2a-df2e-48a2-8b1d-e997a3095cb7","Graph explorer","72f988bf-86f1-41af-91ab-2d7cd011db47","79229509-1381-4264-ada6-0ecbe408f435","Microsoft Graph","AllPrincipals",,
"openid","Delegated","247d9b2a-df2e-48a2-8b1d-e997a3095cb7","Graph explorer","72f988bf-86f1-41af-91ab-2d7cd011db47","79229509-1381-4264-ada6-0ecbe408f435","Microsoft Graph","Principal","06563ae8-c6fc-4364-b4d2-e11fe23537e4","Eswar Koneti"
"profile","Delegated","247d9b2a-df2e-48a2-8b1d-e997a3095cb7","Graph explorer","72f988bf-86f1-41af-91ab-2d7cd011db47","79229509-1381-4264-ada6-0ecbe408f435","Microsoft Graph","Principal","06563ae8-c6fc-4364-b4d2-e11fe23537e4","Eswar Koneti"
"User.ReadWrite","Delegated","247d9b2a-df2e-48a2-8b1d-e997a3095cb7","Graph explorer","72f988bf-86f1-41af-91ab-2d7cd011db47","79229509-1381-4264-ada6-0ecbe408f435","Microsoft Graph","Principal","06563ae8-c6fc-4364-b4d2-e11fe23537e4","Eswar Koneti"
"User.ReadBasic.All","Delegated","247d9b2a-df2e-48a2-8b1d-e997a3095cb7","Graph explorer","72f988bf-86f1-41af-91ab-2d7cd011db47","79229509-1381-4264-ada6-0ecbe408f435","Microsoft Graph","Principal","06563ae8-c6fc-4364-b4d2-e11fe23537e4","Eswar Koneti"
"Sites.ReadWrite.All","Delegated","247d9b2a-df2e-48a2-8b1d-e997a3095cb7","Graph explorer","72f988bf-86f1-41af-91ab-2d7cd011db47","79229509-1381-4264-ada6-0ecbe408f435","Microsoft Graph","Principal","06563ae8-c6fc-4364-b4d2-e11fe23537e4","Eswar Koneti"
"Contacts.ReadWrite","Delegated","247d9b2a-df2e-48a2-8b1d-e997a3095cb7","Graph explorer","72f988bf-86f1-41af-91ab-2d7cd011db47","79229509-1381-4264-ada6-0ecbe408f435","Microsoft Graph","Principal","06563ae8-c6fc-4364-b4d2-e11fe23537e4","Eswar Koneti"
"People.Read","Delegated","247d9b2a-df2e-48a2-8b1d-e997a3095cb7","Graph explorer","72f988bf-86f1-41af-91ab-2d7cd011db47","79229509-1381-4264-ada6-0ecbe408f435","Microsoft Graph","Principal","06563ae8-c6fc-4364-b4d2-e11fe23537e4","Eswar Koneti"
"Notes.ReadWrite.All","Delegated","247d9b2a-df2e-48a2-8b1d-e997a3095cb7","Graph explorer","72f988bf-86f1-41af-91ab-2d7cd011db47","79229509-1381-4264-ada6-0ecbe408f435","Microsoft Graph","Principal","06563ae8-c6fc-4364-b4d2-e11fe23537e4","Eswar Koneti"
"Tasks.ReadWrite","Delegated","247d9b2a-df2e-48a2-8b1d-e997a3095cb7","Graph explorer","72f988bf-86f1-41af-91ab-2d7cd011db47","79229509-1381-4264-ada6-0ecbe408f435","Microsoft Graph","Principal","06563ae8-c6fc-4364-b4d2-e11fe23537e4","Eswar Koneti"
"Mail.ReadWrite","Delegated","247d9b2a-df2e-48a2-8b1d-e997a3095cb7","Graph explorer","72f988bf-86f1-41af-91ab-2d7cd011db47","79229509-1381-4264-ada6-0ecbe408f435","Microsoft Graph","Principal","06563ae8-c6fc-4364-b4d2-e11fe23537e4","Eswar Koneti"
"Files.ReadWrite.All","Delegated","247d9b2a-df2e-48a2-8b1d-e997a3095cb7","Graph explorer","72f988bf-86f1-41af-91ab-2d7cd011db47","79229509-1381-4264-ada6-0ecbe408f435","Microsoft Graph","Principal","06563ae8-c6fc-4364-b4d2-e11fe23537e4","Eswar Koneti"
"Calendars.ReadWrite","Delegated","247d9b2a-df2e-48a2-8b1d-e997a3095cb7","Graph explorer","72f988bf-86f1-41af-91ab-2d7cd011db47","79229509-1381-4264-ada6-0ecbe408f435","Microsoft Graph","Principal","06563ae8-c6fc-4364-b4d2-e11fe23537e4","Eswar Koneti"
"Calendars.Read","Delegated","247d9b2a-df2e-48a2-8b1d-e997a3095cb7","Graph explorer","72f988bf-86f1-41af-91ab-2d7cd011db47","79229509-1381-4264-ada6-0ecbe408f435","Microsoft Graph","Principal","06563ae8-c6fc-4364-b4d2-e11fe23537e4","Eswar Koneti"
"Calendars.Read.Shared","Delegated","247d9b2a-df2e-48a2-8b1d-e997a3095cb7","Graph explorer","72f988bf-86f1-41af-91ab-2d7cd011db47","79229509-1381-4264-ada6-0ecbe408f435","Microsoft Graph","Principal","06563ae8-c6fc-4364-b4d2-e11fe23537e4","Eswar Koneti"
"Reports.Read.All","Delegated","247d9b2a-df2e-48a2-8b1d-e997a3095cb7","Graph explorer","72f988bf-86f1-41af-91ab-2d7cd011db47","79229509-1381-4264-ada6-0ecbe408f435","Microsoft Graph","Principal","06563ae8-c6fc-4364-b4d2-e11fe23537e4","Eswar Koneti"
"User.Read","Delegated","f3286eca-81aa-4662-90af-041694bf2a7d","Dolby - Workday","3992590e-6f9b-4aa1-aa9f-d7717c111b07","3167ece0-7143-42a1-ad48-9fd8e3093639","Windows Azure Active Directory","AllPrincipals",,
"offline_access","Delegated","321d561b-7425-4de7-a5b1-afad852f65d5","HP MEM Connector Services","ca7981a2-785a-463d-b82a-3db87dfc3ce6","79229509-1381-4264-ada6-0ecbe408f435","Microsoft Graph","AllPrincipals",,
"DeviceManagementConfiguration.Read.All","Delegated","321d561b-7425-4de7-a5b1-afad852f65d5","HP MEM Connector Services","ca7981a2-785a-463d-b82a-3db87dfc3ce6","79229509-1381-4264-ada6-0ecbe408f435","Microsoft Graph","AllPrincipals",,
"DeviceManagementConfiguration.ReadWrite.All","Delegated","321d561b-7425-4de7-a5b1-afad852f65d5","HP MEM Connector Services","ca7981a2-785a-463d-b82a-3db87dfc3ce6","79229509-1381-4264-ada6-0ecbe408f435","Microsoft Graph","AllPrincipals",,
"DeviceManagementRBAC.Read.All","Delegated","321d561b-7425-4de7-a5b1-afad852f65d5","HP MEM Connector Services","ca7981a2-785a-463d-b82a-3db87dfc3ce6","79229509-1381-4264-ada6-0ecbe408f435","Microsoft Graph","AllPrincipals",,
"User.Read","Delegated","321d561b-7425-4de7-a5b1-afad852f65d5","HP MEM Connector Services","ca7981a2-785a-463d-b82a-3db87dfc3ce6","79229509-1381-4264-ada6-0ecbe408f435","Microsoft Graph","AllPrincipals",,
"Group.Read.All","Delegated","321d561b-7425-4de7-a5b1-afad852f65d5","HP MEM Connector Services","ca7981a2-785a-463d-b82a-3db87dfc3ce6","79229509-1381-4264-ada6-0ecbe408f435","Microsoft Graph","AllPrincipals",,
"Directory.AccessAsUser.All","Delegated","321d561b-7425-4de7-a5b1-afad852f65d5","HP MEM Connector Services","ca7981a2-785a-463d-b82a-3db87dfc3ce6","79229509-1381-4264-ada6-0ecbe408f435","Microsoft Graph","AllPrincipals",,
"openid","Delegated","321d561b-7425-4de7-a5b1-afad852f65d5","HP MEM Connector Services","ca7981a2-785a-463d-b82a-3db87dfc3ce6","79229509-1381-4264-ada6-0ecbe408f435","Microsoft Graph","AllPrincipals",,
"email","Delegated","321d561b-7425-4de7-a5b1-afad852f65d5","HP MEM Connector Services","ca7981a2-785a-463d-b82a-3db87dfc3ce6","79229509-1381-4264-ada6-0ecbe408f435","Microsoft Graph","AllPrincipals",,
"profile","Delegated","321d561b-7425-4de7-a5b1-afad852f65d5","HP MEM Connector Services","ca7981a2-785a-463d-b82a-3db87dfc3ce6","79229509-1381-4264-ada6-0ecbe408f435","Microsoft Graph","AllPrincipals",,
"GroupMember.Read.All","Delegated","321d561b-7425-4de7-a5b1-afad852f65d5","HP MEM Connector Services","ca7981a2-785a-463d-b82a-3db87dfc3ce6","79229509-1381-4264-ada6-0ecbe408f435","Microsoft Graph","AllPrincipals",,
"openid","Delegated","7b93fcc6-ebfa-43ae-962b-0e2bd3fcb3f5","HP Connect for MEM","ca7981a2-785a-463d-b82a-3db87dfc3ce6","79229509-1381-4264-ada6-0ecbe408f435","Microsoft Graph","AllPrincipals",,
"Wonderland.User","Delegated","7b93fcc6-ebfa-43ae-962b-0e2bd3fcb3f5","HP Connect for MEM","ca7981a2-785a-463d-b82a-3db87dfc3ce6","321d561b-7425-4de7-a5b1-afad852f65d5","HP MEM Connector Services","AllPrincipals",,
"User.Read","Delegated","168b42a2-6985-4c1f-a66d-2836e291a526","MonitorCAPolicies","3992590e-6f9b-4aa1-aa9f-d7717c111b07","79229509-1381-4264-ada6-0ecbe408f435","Microsoft Graph","AllPrincipals",,
"openid","Delegated","c33dbeb0-59cf-43a5-bc31-d7af15bc9805","Modern Workplace Tools","72f988bf-86f1-41af-91ab-2d7cd011db47","79229509-1381-4264-ada6-0ecbe408f435","Microsoft Graph","AllPrincipals",,
"profile","Delegated","c33dbeb0-59cf-43a5-bc31-d7af15bc9805","Modern Workplace Tools","72f988bf-86f1-41af-91ab-2d7cd011db47","79229509-1381-4264-ada6-0ecbe408f435","Microsoft Graph","AllPrincipals",,
"User.Read","Delegated","dc289956-a794-411a-ada7-8f968cd84ce6","SharePointPnP.ProvisioningApp.Tenant","73da091f-a58d-405f-9015-9bd386425255","3167ece0-7143-42a1-ad48-9fd8e3093639","Windows Azure Active Directory","AllPrincipals",,
"Directory.Read.All","Delegated","dc289956-a794-411a-ada7-8f968cd84ce6","SharePointPnP.ProvisioningApp.Tenant","73da091f-a58d-405f-9015-9bd386425255","79229509-1381-4264-ada6-0ecbe408f435","Microsoft Graph","AllPrincipals",,
"Mail.Send","Delegated","dc289956-a794-411a-ada7-8f968cd84ce6","SharePointPnP.ProvisioningApp.Tenant","73da091f-a58d-405f-9015-9bd386425255","79229509-1381-4264-ada6-0ecbe408f435","Microsoft Graph","AllPrincipals",,
"Sites.Read.All","Delegated","dc289956-a794-411a-ada7-8f968cd84ce6","SharePointPnP.ProvisioningApp.Tenant","73da091f-a58d-405f-9015-9bd386425255","79229509-1381-4264-ada6-0ecbe408f435","Microsoft Graph","AllPrincipals",,
"Sites.FullControl.All","Delegated","dc289956-a794-411a-ada7-8f968cd84ce6","SharePointPnP.ProvisioningApp.Tenant","73da091f-a58d-405f-9015-9bd386425255","79229509-1381-4264-ada6-0ecbe408f435","Microsoft Graph","AllPrincipals",,
"User.Read","Delegated","dc289956-a794-411a-ada7-8f968cd84ce6","SharePointPnP.ProvisioningApp.Tenant","73da091f-a58d-405f-9015-9bd386425255","79229509-1381-4264-ada6-0ecbe408f435","Microsoft Graph","AllPrincipals",,
"AllSites.FullControl","Delegated","dc289956-a794-411a-ada7-8f968cd84ce6","SharePointPnP.ProvisioningApp.Tenant","73da091f-a58d-405f-9015-9bd386425255","456070e6-ad95-4fdd-bf2c-9da346c7ce7a","Office 365 SharePoint Online","AllPrincipals",,
"TermStore.ReadWrite.All","Delegated","dc289956-a794-411a-ada7-8f968cd84ce6","SharePointPnP.ProvisioningApp.Tenant","73da091f-a58d-405f-9015-9bd386425255","456070e6-ad95-4fdd-bf2c-9da346c7ce7a","Office 365 SharePoint Online","AllPrincipals",,
"Files.ReadWrite.All","Delegated","4566f55c-0a8f-4464-8e61-688d174f5267","Adobe Acrobat Reader for PDF","fa7b1b5a-7b34-4387-94ae-d2c178decee1","79229509-1381-4264-ada6-0ecbe408f435","Microsoft Graph","AllPrincipals",,
"User.Read","Delegated","4566f55c-0a8f-4464-8e61-688d174f5267","Adobe Acrobat Reader for PDF","fa7b1b5a-7b34-4387-94ae-d2c178decee1","79229509-1381-4264-ada6-0ecbe408f435","Microsoft Graph","AllPrincipals",,
"Mail.Read","Delegated","4566f55c-0a8f-4464-8e61-688d174f5267","Adobe Acrobat Reader for PDF","fa7b1b5a-7b34-4387-94ae-d2c178decee1","79229509-1381-4264-ada6-0ecbe408f435","Microsoft Graph","AllPrincipals",,
"openid","Delegated","4566f55c-0a8f-4464-8e61-688d174f5267","Adobe Acrobat Reader for PDF","fa7b1b5a-7b34-4387-94ae-d2c178decee1","79229509-1381-4264-ada6-0ecbe408f435","Microsoft Graph","AllPrincipals",,
"profile","Delegated","4566f55c-0a8f-4464-8e61-688d174f5267","Adobe Acrobat Reader for PDF","fa7b1b5a-7b34-4387-94ae-d2c178decee1","79229509-1381-4264-ada6-0ecbe408f435","Microsoft Graph","AllPrincipals",,
"offline_access","Delegated","4566f55c-0a8f-4464-8e61-688d174f5267","Adobe Acrobat Reader for PDF","fa7b1b5a-7b34-4387-94ae-d2c178decee1","79229509-1381-4264-ada6-0ecbe408f435","Microsoft Graph","AllPrincipals",,
"openid","Delegated","a4cb3ce3-fdd3-4d74-9f01-6c8119d1d583","Adobe Acrobat Reader","55aa7ab7-a04b-4623-ba3b-04cda52e667f","79229509-1381-4264-ada6-0ecbe408f435","Microsoft Graph","Principal","a9eb6ffb-b13a-4eef-bcda-999732aadfdc","Demo1"
"offline_access","Delegated","a4cb3ce3-fdd3-4d74-9f01-6c8119d1d583","Adobe Acrobat Reader","55aa7ab7-a04b-4623-ba3b-04cda52e667f","79229509-1381-4264-ada6-0ecbe408f435","Microsoft Graph","Principal","a9eb6ffb-b13a-4eef-bcda-999732aadfdc","Demo1"
"profile","Delegated","a4cb3ce3-fdd3-4d74-9f01-6c8119d1d583","Adobe Acrobat Reader","55aa7ab7-a04b-4623-ba3b-04cda52e667f","79229509-1381-4264-ada6-0ecbe408f435","Microsoft Graph","Principal","a9eb6ffb-b13a-4eef-bcda-999732aadfdc","Demo1"
"Files.ReadWrite.All","Delegated","a4cb3ce3-fdd3-4d74-9f01-6c8119d1d583","Adobe Acrobat Reader","55aa7ab7-a04b-4623-ba3b-04cda52e667f","79229509-1381-4264-ada6-0ecbe408f435","Microsoft Graph","Principal","a9eb6ffb-b13a-4eef-bcda-999732aadfdc","Demo1"
"Files.Read.All","Delegated","a4cb3ce3-fdd3-4d74-9f01-6c8119d1d583","Adobe Acrobat Reader","55aa7ab7-a04b-4623-ba3b-04cda52e667f","79229509-1381-4264-ada6-0ecbe408f435","Microsoft Graph","Principal","a9eb6ffb-b13a-4eef-bcda-999732aadfdc","Demo1"
"User.Read","Delegated","a4cb3ce3-fdd3-4d74-9f01-6c8119d1d583","Adobe Acrobat Reader","55aa7ab7-a04b-4623-ba3b-04cda52e667f","79229509-1381-4264-ada6-0ecbe408f435","Microsoft Graph","Principal","a9eb6ffb-b13a-4eef-bcda-999732aadfdc","Demo1"
"UserAuthenticationMethod.Read.All","Delegated","9e430361-3045-4111-be99-85bc23a5c207","Microsoft Graph PowerShell","72f988bf-86f1-41af-91ab-2d7cd011db47","79229509-1381-4264-ada6-0ecbe408f435","Microsoft Graph","AllPrincipals",,
"UserAuthenticationMethod.ReadWrite.All","Delegated","9e430361-3045-4111-be99-85bc23a5c207","Microsoft Graph PowerShell","72f988bf-86f1-41af-91ab-2d7cd011db47","79229509-1381-4264-ada6-0ecbe408f435","Microsoft Graph","AllPrincipals",,
"openid","Delegated","9e430361-3045-4111-be99-85bc23a5c207","Microsoft Graph PowerShell","72f988bf-86f1-41af-91ab-2d7cd011db47","79229509-1381-4264-ada6-0ecbe408f435","Microsoft Graph","AllPrincipals",,
"profile","Delegated","9e430361-3045-4111-be99-85bc23a5c207","Microsoft Graph PowerShell","72f988bf-86f1-41af-91ab-2d7cd011db47","79229509-1381-4264-ada6-0ecbe408f435","Microsoft Graph","AllPrincipals",,
"offline_access","Delegated","9e430361-3045-4111-be99-85bc23a5c207","Microsoft Graph PowerShell","72f988bf-86f1-41af-91ab-2d7cd011db47","79229509-1381-4264-ada6-0ecbe408f435","Microsoft Graph","AllPrincipals",,
"User.Read","Delegated","9e430361-3045-4111-be99-85bc23a5c207","Microsoft Graph PowerShell","72f988bf-86f1-41af-91ab-2d7cd011db47","79229509-1381-4264-ada6-0ecbe408f435","Microsoft Graph","AllPrincipals",,
"DeviceManagementConfiguration.Read.All","Delegated","9e430361-3045-4111-be99-85bc23a5c207","Microsoft Graph PowerShell","72f988bf-86f1-41af-91ab-2d7cd011db47","79229509-1381-4264-ada6-0ecbe408f435","Microsoft Graph","AllPrincipals",,
"DeviceManagementManagedDevices.Read.All","Delegated","9e430361-3045-4111-be99-85bc23a5c207","Microsoft Graph PowerShell","72f988bf-86f1-41af-91ab-2d7cd011db47","79229509-1381-4264-ada6-0ecbe408f435","Microsoft Graph","AllPrincipals",,
"DelegatedPermissionGrant.ReadWrite.All","Delegated","9e430361-3045-4111-be99-85bc23a5c207","Microsoft Graph PowerShell","72f988bf-86f1-41af-91ab-2d7cd011db47","79229509-1381-4264-ada6-0ecbe408f435","Microsoft Graph","Principal","06563ae8-c6fc-4364-b4d2-e11fe23537e4","Eswar Koneti"
"openid","Delegated","9e430361-3045-4111-be99-85bc23a5c207","Microsoft Graph PowerShell","72f988bf-86f1-41af-91ab-2d7cd011db47","79229509-1381-4264-ada6-0ecbe408f435","Microsoft Graph","Principal","06563ae8-c6fc-4364-b4d2-e11fe23537e4","Eswar Koneti"
"profile","Delegated","9e430361-3045-4111-be99-85bc23a5c207","Microsoft Graph PowerShell","72f988bf-86f1-41af-91ab-2d7cd011db47","79229509-1381-4264-ada6-0ecbe408f435","Microsoft Graph","Principal","06563ae8-c6fc-4364-b4d2-e11fe23537e4","Eswar Koneti"
"offline_access","Delegated","9e430361-3045-4111-be99-85bc23a5c207","Microsoft Graph PowerShell","72f988bf-86f1-41af-91ab-2d7cd011db47","79229509-1381-4264-ada6-0ecbe408f435","Microsoft Graph","Principal","06563ae8-c6fc-4364-b4d2-e11fe23537e4","Eswar Koneti"
"DeviceManagementManagedDevices.ReadWrite.All","Delegated","9e430361-3045-4111-be99-85bc23a5c207","Microsoft Graph PowerShell","72f988bf-86f1-41af-91ab-2d7cd011db47","79229509-1381-4264-ada6-0ecbe408f435","Microsoft Graph","Principal","06563ae8-c6fc-4364-b4d2-e11fe23537e4","Eswar Koneti"
"DeviceManagementServiceConfig.ReadWrite.All","Delegated","9e430361-3045-4111-be99-85bc23a5c207","Microsoft Graph PowerShell","72f988bf-86f1-41af-91ab-2d7cd011db47","79229509-1381-4264-ada6-0ecbe408f435","Microsoft Graph","Principal","06563ae8-c6fc-4364-b4d2-e11fe23537e4","Eswar Koneti"
"DeviceManagementManagedDevices.ReadWrite.All","Delegated","9e430361-3045-4111-be99-85bc23a5c207","Microsoft Graph PowerShell","72f988bf-86f1-41af-91ab-2d7cd011db47","79229509-1381-4264-ada6-0ecbe408f435","Microsoft Graph","Principal","943d158d-b03a-47ea-9f6d-53d3ffdc35ed","Demo2"
"DeviceManagementConfiguration.ReadWrite.All","Delegated","9e430361-3045-4111-be99-85bc23a5c207","Microsoft Graph PowerShell","72f988bf-86f1-41af-91ab-2d7cd011db47","79229509-1381-4264-ada6-0ecbe408f435","Microsoft Graph","Principal","943d158d-b03a-47ea-9f6d-53d3ffdc35ed","Demo2"
"User.Read","Delegated","6a226bb0-4e95-49b5-8c44-5b1e7ae9f767","Intune - API","3992590e-6f9b-4aa1-aa9f-d7717c111b07","79229509-1381-4264-ada6-0ecbe408f435","Microsoft Graph","AllPrincipals",,
"Agreement.Read.All","Delegated","78cbe513-5b9b-428f-a37f-e57faa7e5289","idPowerToys","10407d69-1ba5-4bec-8ebe-9af2f0b9e06a","79229509-1381-4264-ada6-0ecbe408f435","Microsoft Graph","Principal","06563ae8-c6fc-4364-b4d2-e11fe23537e4","Eswar Koneti"
"CrossTenantInformation.ReadBasic.All","Delegated","78cbe513-5b9b-428f-a37f-e57faa7e5289","idPowerToys","10407d69-1ba5-4bec-8ebe-9af2f0b9e06a","79229509-1381-4264-ada6-0ecbe408f435","Microsoft Graph","Principal","06563ae8-c6fc-4364-b4d2-e11fe23537e4","Eswar Koneti"
"Directory.Read.All","Delegated","78cbe513-5b9b-428f-a37f-e57faa7e5289","idPowerToys","10407d69-1ba5-4bec-8ebe-9af2f0b9e06a","79229509-1381-4264-ada6-0ecbe408f435","Microsoft Graph","Principal","06563ae8-c6fc-4364-b4d2-e11fe23537e4","Eswar Koneti"
"Policy.Read.All","Delegated","78cbe513-5b9b-428f-a37f-e57faa7e5289","idPowerToys","10407d69-1ba5-4bec-8ebe-9af2f0b9e06a","79229509-1381-4264-ada6-0ecbe408f435","Microsoft Graph","Principal","06563ae8-c6fc-4364-b4d2-e11fe23537e4","Eswar Koneti"
"User.Read","Delegated","78cbe513-5b9b-428f-a37f-e57faa7e5289","idPowerToys","10407d69-1ba5-4bec-8ebe-9af2f0b9e06a","79229509-1381-4264-ada6-0ecbe408f435","Microsoft Graph","Principal","06563ae8-c6fc-4364-b4d2-e11fe23537e4","Eswar Koneti"
"openid","Delegated","78cbe513-5b9b-428f-a37f-e57faa7e5289","idPowerToys","10407d69-1ba5-4bec-8ebe-9af2f0b9e06a","79229509-1381-4264-ada6-0ecbe408f435","Microsoft Graph","Principal","06563ae8-c6fc-4364-b4d2-e11fe23537e4","Eswar Koneti"
"profile","Delegated","78cbe513-5b9b-428f-a37f-e57faa7e5289","idPowerToys","10407d69-1ba5-4bec-8ebe-9af2f0b9e06a","79229509-1381-4264-ada6-0ecbe408f435","Microsoft Graph","Principal","06563ae8-c6fc-4364-b4d2-e11fe23537e4","Eswar Koneti"
"offline_access","Delegated","78cbe513-5b9b-428f-a37f-e57faa7e5289","idPowerToys","10407d69-1ba5-4bec-8ebe-9af2f0b9e06a","79229509-1381-4264-ada6-0ecbe408f435","Microsoft Graph","Principal","06563ae8-c6fc-4364-b4d2-e11fe23537e4","Eswar Koneti"
"user_impersonation","Delegated","76599883-57d6-41f7-abb2-985889976241","SCCMClient-CB1","3992590e-6f9b-4aa1-aa9f-d7717c111b07","12452c27-ad99-47b5-be03-f11b19956337","SCCMServerApp-CB1","AllPrincipals",,
"user_impersonation","Delegated","e55a794a-bc67-4867-a298-b7c047ef54cf","SCCMAdminClientApp-CB1","3992590e-6f9b-4aa1-aa9f-d7717c111b07","37fcac0f-bccb-4657-bc46-86dc1ddf20f5","SCCMAdminApp-CB1","AllPrincipals",,
"user_impersonation","Delegated","d658e66a-c142-4777-882f-dbaffa1f7479","SCCMClientapp-CB1","3992590e-6f9b-4aa1-aa9f-d7717c111b07","9653e945-304d-48f8-98e2-daf86b274f6b","SCCMWebapp-CB1","AllPrincipals",,
"profile","Delegated","ee1e17a2-1511-40ea-abad-219a2f3c9f53","StudentAmbassadors-API","72f988bf-86f1-41af-91ab-2d7cd011db47","79229509-1381-4264-ada6-0ecbe408f435","Microsoft Graph","AllPrincipals",,
"offline_access","Delegated","ee1e17a2-1511-40ea-abad-219a2f3c9f53","StudentAmbassadors-API","72f988bf-86f1-41af-91ab-2d7cd011db47","79229509-1381-4264-ada6-0ecbe408f435","Microsoft Graph","AllPrincipals",,
"email","Delegated","ee1e17a2-1511-40ea-abad-219a2f3c9f53","StudentAmbassadors-API","72f988bf-86f1-41af-91ab-2d7cd011db47","79229509-1381-4264-ada6-0ecbe408f435","Microsoft Graph","AllPrincipals",,
"openid","Delegated","ee1e17a2-1511-40ea-abad-219a2f3c9f53","StudentAmbassadors-API","72f988bf-86f1-41af-91ab-2d7cd011db47","79229509-1381-4264-ada6-0ecbe408f435","Microsoft Graph","AllPrincipals",,
"Directory.AccessAsUser.All","Delegated","f7f7fc92-8cc9-4433-bceb-299854a42f23","PnP Management Shell","73da091f-a58d-405f-9015-9bd386425255","3167ece0-7143-42a1-ad48-9fd8e3093639","Windows Azure Active Directory","AllPrincipals",,
"user_impersonation","Delegated","f7f7fc92-8cc9-4433-bceb-299854a42f23","PnP Management Shell","73da091f-a58d-405f-9015-9bd386425255","1176e1a8-4f9a-40f5-b128-72335adc0478","Windows Azure Service Management API","AllPrincipals",,
"RecordsManagement.ReadWrite.All","Delegated","f7f7fc92-8cc9-4433-bceb-299854a42f23","PnP Management Shell","73da091f-a58d-405f-9015-9bd386425255","79229509-1381-4264-ada6-0ecbe408f435","Microsoft Graph","AllPrincipals",,
"ExternalConnection.ReadWrite.All","Delegated","f7f7fc92-8cc9-4433-bceb-299854a42f23","PnP Management Shell","73da091f-a58d-405f-9015-9bd386425255","79229509-1381-4264-ada6-0ecbe408f435","Microsoft Graph","AllPrincipals",,
"ServiceMessageViewpoint.Write","Delegated","f7f7fc92-8cc9-4433-bceb-299854a42f23","PnP Management Shell","73da091f-a58d-405f-9015-9bd386425255","79229509-1381-4264-ada6-0ecbe408f435","Microsoft Graph","AllPrincipals",,
"Place.Read.All","Delegated","f7f7fc92-8cc9-4433-bceb-299854a42f23","PnP Management Shell","73da091f-a58d-405f-9015-9bd386425255","79229509-1381-4264-ada6-0ecbe408f435","Microsoft Graph","AllPrincipals",,
"InformationProtectionPolicy.Read","Delegated","f7f7fc92-8cc9-4433-bceb-299854a42f23","PnP Management Shell","73da091f-a58d-405f-9015-9bd386425255","79229509-1381-4264-ada6-0ecbe408f435","Microsoft Graph","AllPrincipals",,
"Chat.Read","Delegated","f7f7fc92-8cc9-4433-bceb-299854a42f23","PnP Management Shell","73da091f-a58d-405f-9015-9bd386425255","79229509-1381-4264-ada6-0ecbe408f435","Microsoft Graph","AllPrincipals",,
"Chat.ReadWrite","Delegated","f7f7fc92-8cc9-4433-bceb-299854a42f23","PnP Management Shell","73da091f-a58d-405f-9015-9bd386425255","79229509-1381-4264-ada6-0ecbe408f435","Microsoft Graph","AllPrincipals",,
"Policy.Read.All","Delegated","f7f7fc92-8cc9-4433-bceb-299854a42f23","PnP Management Shell","73da091f-a58d-405f-9015-9bd386425255","79229509-1381-4264-ada6-0ecbe408f435","Microsoft Graph","AllPrincipals",,
"AppCatalog.ReadWrite.All","Delegated","f7f7fc92-8cc9-4433-bceb-299854a42f23","PnP Management Shell","73da091f-a58d-405f-9015-9bd386425255","79229509-1381-4264-ada6-0ecbe408f435","Microsoft Graph","AllPrincipals",,
"AuditLog.Read.All","Delegated","f7f7fc92-8cc9-4433-bceb-299854a42f23","PnP Management Shell","73da091f-a58d-405f-9015-9bd386425255","79229509-1381-4264-ada6-0ecbe408f435","Microsoft Graph","AllPrincipals",,
"SecurityEvents.Read.All","Delegated","f7f7fc92-8cc9-4433-bceb-299854a42f23","PnP Management Shell","73da091f-a58d-405f-9015-9bd386425255","79229509-1381-4264-ada6-0ecbe408f435","Microsoft Graph","AllPrincipals",,
"Notes.Read.All","Delegated","f7f7fc92-8cc9-4433-bceb-299854a42f23","PnP Management Shell","73da091f-a58d-405f-9015-9bd386425255","79229509-1381-4264-ada6-0ecbe408f435","Microsoft Graph","AllPrincipals",,
"User.Invite.All","Delegated","f7f7fc92-8cc9-4433-bceb-299854a42f23","PnP Management Shell","73da091f-a58d-405f-9015-9bd386425255","79229509-1381-4264-ada6-0ecbe408f435","Microsoft Graph","AllPrincipals",,
"Reports.Read.All","Delegated","f7f7fc92-8cc9-4433-bceb-299854a42f23","PnP Management Shell","73da091f-a58d-405f-9015-9bd386425255","79229509-1381-4264-ada6-0ecbe408f435","Microsoft Graph","AllPrincipals",,
"Mail.Read.Shared","Delegated","f7f7fc92-8cc9-4433-bceb-299854a42f23","PnP Management Shell","73da091f-a58d-405f-9015-9bd386425255","79229509-1381-4264-ada6-0ecbe408f435","Microsoft Graph","AllPrincipals",,
"Group.ReadWrite.All","Delegated","f7f7fc92-8cc9-4433-bceb-299854a42f23","PnP Management Shell","73da091f-a58d-405f-9015-9bd386425255","79229509-1381-4264-ada6-0ecbe408f435","Microsoft Graph","AllPrincipals",,
"Directory.ReadWrite.All","Delegated","f7f7fc92-8cc9-4433-bceb-299854a42f23","PnP Management Shell","73da091f-a58d-405f-9015-9bd386425255","79229509-1381-4264-ada6-0ecbe408f435","Microsoft Graph","AllPrincipals",,
"Directory.AccessAsUser.All","Delegated","f7f7fc92-8cc9-4433-bceb-299854a42f23","PnP Management Shell","73da091f-a58d-405f-9015-9bd386425255","79229509-1381-4264-ada6-0ecbe408f435","Microsoft Graph","AllPrincipals",,
"Mail.ReadWrite","Delegated","f7f7fc92-8cc9-4433-bceb-299854a42f23","PnP Management Shell","73da091f-a58d-405f-9015-9bd386425255","79229509-1381-4264-ada6-0ecbe408f435","Microsoft Graph","AllPrincipals",,
"Mail.Send","Delegated","f7f7fc92-8cc9-4433-bceb-299854a42f23","PnP Management Shell","73da091f-a58d-405f-9015-9bd386425255","79229509-1381-4264-ada6-0ecbe408f435","Microsoft Graph","AllPrincipals",,
"Calendars.Read","Delegated","f7f7fc92-8cc9-4433-bceb-299854a42f23","PnP Management Shell","73da091f-a58d-405f-9015-9bd386425255","79229509-1381-4264-ada6-0ecbe408f435","Microsoft Graph","AllPrincipals",,
"IdentityProvider.ReadWrite.All","Delegated","f7f7fc92-8cc9-4433-bceb-299854a42f23","PnP Management Shell","73da091f-a58d-405f-9015-9bd386425255","79229509-1381-4264-ada6-0ecbe408f435","Microsoft Graph","AllPrincipals",,
"Bookings.Read.All","Delegated","f7f7fc92-8cc9-4433-bceb-299854a42f23","PnP Management Shell","73da091f-a58d-405f-9015-9bd386425255","79229509-1381-4264-ada6-0ecbe408f435","Microsoft Graph","AllPrincipals",,
"OnlineMeetings.Read","Delegated","f7f7fc92-8cc9-4433-bceb-299854a42f23","PnP Management Shell","73da091f-a58d-405f-9015-9bd386425255","79229509-1381-4264-ada6-0ecbe408f435","Microsoft Graph","AllPrincipals",,
"ChannelMessage.Send","Delegated","f7f7fc92-8cc9-4433-bceb-299854a42f23","PnP Management Shell","73da091f-a58d-405f-9015-9bd386425255","79229509-1381-4264-ada6-0ecbe408f435","Microsoft Graph","AllPrincipals",,
"TeamsTab.ReadWrite.All","Delegated","f7f7fc92-8cc9-4433-bceb-299854a42f23","PnP Management Shell","73da091f-a58d-405f-9015-9bd386425255","79229509-1381-4264-ada6-0ecbe408f435","Microsoft Graph","AllPrincipals",,
"ChannelSettings.ReadWrite.All","Delegated","f7f7fc92-8cc9-4433-bceb-299854a42f23","PnP Management Shell","73da091f-a58d-405f-9015-9bd386425255","79229509-1381-4264-ada6-0ecbe408f435","Microsoft Graph","AllPrincipals",,
"TeamSettings.ReadWrite.All","Delegated","f7f7fc92-8cc9-4433-bceb-299854a42f23","PnP Management Shell","73da091f-a58d-405f-9015-9bd386425255","79229509-1381-4264-ada6-0ecbe408f435","Microsoft Graph","AllPrincipals",,
"TeamMember.ReadWrite.All","Delegated","f7f7fc92-8cc9-4433-bceb-299854a42f23","PnP Management Shell","73da091f-a58d-405f-9015-9bd386425255","79229509-1381-4264-ada6-0ecbe408f435","Microsoft Graph","AllPrincipals",,
"ChannelMember.ReadWrite.All","Delegated","f7f7fc92-8cc9-4433-bceb-299854a42f23","PnP Management Shell","73da091f-a58d-405f-9015-9bd386425255","79229509-1381-4264-ada6-0ecbe408f435","Microsoft Graph","AllPrincipals",,
"ChannelMessage.Read.All","Delegated","f7f7fc92-8cc9-4433-bceb-299854a42f23","PnP Management Shell","73da091f-a58d-405f-9015-9bd386425255","79229509-1381-4264-ada6-0ecbe408f435","Microsoft Graph","AllPrincipals",,
"TeamsAppInstallation.ReadWriteForUser","Delegated","f7f7fc92-8cc9-4433-bceb-299854a42f23","PnP Management Shell","73da091f-a58d-405f-9015-9bd386425255","79229509-1381-4264-ada6-0ecbe408f435","Microsoft Graph","AllPrincipals",,
"Team.Create","Delegated","f7f7fc92-8cc9-4433-bceb-299854a42f23","PnP Management Shell","73da091f-a58d-405f-9015-9bd386425255","79229509-1381-4264-ada6-0ecbe408f435","Microsoft Graph","AllPrincipals",,
"ServiceMessage.Read.All","Delegated","f7f7fc92-8cc9-4433-bceb-299854a42f23","PnP Management Shell","73da091f-a58d-405f-9015-9bd386425255","79229509-1381-4264-ada6-0ecbe408f435","Microsoft Graph","AllPrincipals",,
"ServiceHealth.Read.All","Delegated","f7f7fc92-8cc9-4433-bceb-299854a42f23","PnP Management Shell","73da091f-a58d-405f-9015-9bd386425255","79229509-1381-4264-ada6-0ecbe408f435","Microsoft Graph","AllPrincipals",,
"Tasks.ReadWrite","Delegated","f7f7fc92-8cc9-4433-bceb-299854a42f23","PnP Management Shell","73da091f-a58d-405f-9015-9bd386425255","79229509-1381-4264-ada6-0ecbe408f435","Microsoft Graph","AllPrincipals",,
"OnlineMeetingTranscript.Read.All","Delegated","f7f7fc92-8cc9-4433-bceb-299854a42f23","PnP Management Shell","73da091f-a58d-405f-9015-9bd386425255","79229509-1381-4264-ada6-0ecbe408f435","Microsoft Graph","AllPrincipals",,
"TermStore.ReadWrite.All","Delegated","f7f7fc92-8cc9-4433-bceb-299854a42f23","PnP Management Shell","73da091f-a58d-405f-9015-9bd386425255","456070e6-ad95-4fdd-bf2c-9da346c7ce7a","Office 365 SharePoint Online","AllPrincipals",,
"AllSites.FullControl","Delegated","f7f7fc92-8cc9-4433-bceb-299854a42f23","PnP Management Shell","73da091f-a58d-405f-9015-9bd386425255","456070e6-ad95-4fdd-bf2c-9da346c7ce7a","Office 365 SharePoint Online","AllPrincipals",,
"User.ReadWrite.All","Delegated","f7f7fc92-8cc9-4433-bceb-299854a42f23","PnP Management Shell","73da091f-a58d-405f-9015-9bd386425255","456070e6-ad95-4fdd-bf2c-9da346c7ce7a","Office 365 SharePoint Online","AllPrincipals",,
"User","Delegated","f7f7fc92-8cc9-4433-bceb-299854a42f23","PnP Management Shell","73da091f-a58d-405f-9015-9bd386425255","4a0f16ae-557d-42b5-b4fe-a6562f9235a9","PowerApps Service","AllPrincipals",,
"ActivityFeed.Read","Delegated","f7f7fc92-8cc9-4433-bceb-299854a42f23","PnP Management Shell","73da091f-a58d-405f-9015-9bd386425255","e739f95d-e257-46d4-90a9-2438cd1d64f0","Office 365 Management APIs","AllPrincipals",,
"ServiceHealth.Read","Delegated","f7f7fc92-8cc9-4433-bceb-299854a42f23","PnP Management Shell","73da091f-a58d-405f-9015-9bd386425255","e739f95d-e257-46d4-90a9-2438cd1d64f0","Office 365 Management APIs","AllPrincipals",,
"user_impersonation","Delegated","f7f7fc92-8cc9-4433-bceb-299854a42f23","PnP Management Shell","73da091f-a58d-405f-9015-9bd386425255","9fd5dec1-7e9b-454a-85e5-738192f7d133","Dataverse","AllPrincipals",,
"Dataset.Read.All","Delegated","f7f7fc92-8cc9-4433-bceb-299854a42f23","PnP Management Shell","73da091f-a58d-405f-9015-9bd386425255","2cd2592c-b467-45f0-bc8d-ac21e6565b63","Power BI Service","AllPrincipals",,
"Organization.Read.All","Delegated","0bd8b289-3fb9-449f-a72d-80de6e11c10c","Azure AD Assessment","72f988bf-86f1-41af-91ab-2d7cd011db47","79229509-1381-4264-ada6-0ecbe408f435","Microsoft Graph","Principal","06563ae8-c6fc-4364-b4d2-e11fe23537e4","Eswar Koneti"
"RoleManagement.Read.Directory","Delegated","0bd8b289-3fb9-449f-a72d-80de6e11c10c","Azure AD Assessment","72f988bf-86f1-41af-91ab-2d7cd011db47","79229509-1381-4264-ada6-0ecbe408f435","Microsoft Graph","Principal","06563ae8-c6fc-4364-b4d2-e11fe23537e4","Eswar Koneti"
"Application.Read.All","Delegated","0bd8b289-3fb9-449f-a72d-80de6e11c10c","Azure AD Assessment","72f988bf-86f1-41af-91ab-2d7cd011db47","79229509-1381-4264-ada6-0ecbe408f435","Microsoft Graph","Principal","06563ae8-c6fc-4364-b4d2-e11fe23537e4","Eswar Koneti"
"User.Read.All","Delegated","0bd8b289-3fb9-449f-a72d-80de6e11c10c","Azure AD Assessment","72f988bf-86f1-41af-91ab-2d7cd011db47","79229509-1381-4264-ada6-0ecbe408f435","Microsoft Graph","Principal","06563ae8-c6fc-4364-b4d2-e11fe23537e4","Eswar Koneti"
"Group.Read.All","Delegated","0bd8b289-3fb9-449f-a72d-80de6e11c10c","Azure AD Assessment","72f988bf-86f1-41af-91ab-2d7cd011db47","79229509-1381-4264-ada6-0ecbe408f435","Microsoft Graph","Principal","06563ae8-c6fc-4364-b4d2-e11fe23537e4","Eswar Koneti"
"Policy.Read.All","Delegated","0bd8b289-3fb9-449f-a72d-80de6e11c10c","Azure AD Assessment","72f988bf-86f1-41af-91ab-2d7cd011db47","79229509-1381-4264-ada6-0ecbe408f435","Microsoft Graph","Principal","06563ae8-c6fc-4364-b4d2-e11fe23537e4","Eswar Koneti"
"Directory.Read.All","Delegated","0bd8b289-3fb9-449f-a72d-80de6e11c10c","Azure AD Assessment","72f988bf-86f1-41af-91ab-2d7cd011db47","79229509-1381-4264-ada6-0ecbe408f435","Microsoft Graph","Principal","06563ae8-c6fc-4364-b4d2-e11fe23537e4","Eswar Koneti"
"SecurityEvents.Read.All","Delegated","0bd8b289-3fb9-449f-a72d-80de6e11c10c","Azure AD Assessment","72f988bf-86f1-41af-91ab-2d7cd011db47","79229509-1381-4264-ada6-0ecbe408f435","Microsoft Graph","Principal","06563ae8-c6fc-4364-b4d2-e11fe23537e4","Eswar Koneti"
"UserAuthenticationMethod.Read.All","Delegated","0bd8b289-3fb9-449f-a72d-80de6e11c10c","Azure AD Assessment","72f988bf-86f1-41af-91ab-2d7cd011db47","79229509-1381-4264-ada6-0ecbe408f435","Microsoft Graph","Principal","06563ae8-c6fc-4364-b4d2-e11fe23537e4","Eswar Koneti"
"AuditLog.Read.All","Delegated","0bd8b289-3fb9-449f-a72d-80de6e11c10c","Azure AD Assessment","72f988bf-86f1-41af-91ab-2d7cd011db47","79229509-1381-4264-ada6-0ecbe408f435","Microsoft Graph","Principal","06563ae8-c6fc-4364-b4d2-e11fe23537e4","Eswar Koneti"
"Reports.Read.All","Delegated","0bd8b289-3fb9-449f-a72d-80de6e11c10c","Azure AD Assessment","72f988bf-86f1-41af-91ab-2d7cd011db47","79229509-1381-4264-ada6-0ecbe408f435","Microsoft Graph","Principal","06563ae8-c6fc-4364-b4d2-e11fe23537e4","Eswar Koneti"
"openid","Delegated","0bd8b289-3fb9-449f-a72d-80de6e11c10c","Azure AD Assessment","72f988bf-86f1-41af-91ab-2d7cd011db47","79229509-1381-4264-ada6-0ecbe408f435","Microsoft Graph","Principal","06563ae8-c6fc-4364-b4d2-e11fe23537e4","Eswar Koneti"
"profile","Delegated","0bd8b289-3fb9-449f-a72d-80de6e11c10c","Azure AD Assessment","72f988bf-86f1-41af-91ab-2d7cd011db47","79229509-1381-4264-ada6-0ecbe408f435","Microsoft Graph","Principal","06563ae8-c6fc-4364-b4d2-e11fe23537e4","Eswar Koneti"
"offline_access","Delegated","0bd8b289-3fb9-449f-a72d-80de6e11c10c","Azure AD Assessment","72f988bf-86f1-41af-91ab-2d7cd011db47","79229509-1381-4264-ada6-0ecbe408f435","Microsoft Graph","Principal","06563ae8-c6fc-4364-b4d2-e11fe23537e4","Eswar Koneti"
