{"@odata.context":"https://graph.microsoft.com/v1.0/$metadata#authenticationMethodConfigurations/$entity","@odata.type":"#microsoft.graph.emailAuthenticationMethodConfiguration","id":"Email","state":"enabled","allowExternalIdToUseEmailOtp":"default","excludeTargets":[],"includeTargets@odata.context":"https://graph.microsoft.com/v1.0/$metadata#policies/authenticationMethodsPolicy/authenticationMethodConfigurations(\u0027Email\u0027)/microsoft.graph.emailAuthenticationMethodConfiguration/includeTargets","includeTargets":[]}
