id,consentType,clientId,principalId,resourceId,scope
"k3O0uLSqlUqoS_K_xXIbbODsZzFDcaFCrUif2OMJNjk","AllPrincipals","b8b47393-aab4-4a95-a84b-f2bfc5721b6c",,"3167ece0-7143-42a1-ad48-9fd8e3093639","User.Read Directory.Read.All"
"DPlptVjZFEeWYLaWchAFpwmVInmBE2RCraYOy-QI9DU","AllPrincipals","b569f90c-d958-4714-9660-b696721005a7",,"79229509-1381-4264-ada6-0ecbe408f435"," User.Read openid email profile offline_access"
"DPlptVjZFEeWYLaWchAFpwmVInmBE2RCraYOy-QI9DXoOlYG_MZkQ7TS4R_iNTfk","Principal","b569f90c-d958-4714-9660-b696721005a7","06563ae8-c6fc-4364-b4d2-e11fe23537e4","79229509-1381-4264-ada6-0ecbe408f435"," User.Read openid email profile offline_access"
"o5q1dd9uEUWwIUZJkd5g2peKlvewjzdNk0sst5lB0Vo","AllPrincipals","75b59aa3-6edf-4511-b021-464991de60da",,"f7968a97-8fb0-4d37-934b-2cb79941d15a","EWS.AccessAsUser.All"
"E0_85uwl-0aE_cshqFiIru9HcqxqWqxDkbK_0ckZvPs","AllPrincipals","e6fc4f13-25ec-46fb-84fd-cb21a85888ae",,"ac7247ef-5a6a-43ac-91b2-bfd1c919bcfb","user_impersonation"
"xMuYqSml5U-B1tP4zdpIIuDsZzFDcaFCrUif2OMJNjk","AllPrincipals","a998cbc4-a529-4fe5-81d6-d3f8cdda4822",,"3167ece0-7143-42a1-ad48-9fd8e3093639","User.Read"
"0HgNlv4WKEyzVj24sjRhpki4ITvmN69Et1laupXv9hg","AllPrincipals","960d78d0-16fe-4c28-b356-3db8b23461a6",,"3b21b848-37e6-44af-b759-5aba95eff618","user_impersonation"
"biAX42GHYkWa96GsJ5xPaQmVInmBE2RCraYOy-QI9DU","AllPrincipals","e317206e-8761-4562-9af7-a1ac279c4f69",,"79229509-1381-4264-ada6-0ecbe408f435","Directory.AccessAsUser.All Policy.ReadWrite.ConditionalAccess User.Read"
"j1c1pCqXPUO8h5aUk5tBeeDsZzFDcaFCrUif2OMJNjk","AllPrincipals","a435578f-972a-433d-bc87-9694939b4179",,"3167ece0-7143-42a1-ad48-9fd8e3093639","Directory.AccessAsUser.All"
"cDqiIzOT3EaP9jIim-5XwcVkWN9Uxq5PjJrS0KX7JQ8","AllPrincipals","23a23a70-9333-46dc-8ff6-32229bee57c1",,"df5864c5-c654-4fae-8c9a-d2d0a5fb250f","user_impersonation"
"qwEo0QuBCk-oh7MJSs6ybQmVInmBE2RCraYOy-QI9DXoOlYG_MZkQ7TS4R_iNTfk","Principal","d12801ab-810b-4f0a-a887-b3094aceb26d","06563ae8-c6fc-4364-b4d2-e11fe23537e4","79229509-1381-4264-ada6-0ecbe408f435","User.Read"
"qwEo0QuBCk-oh7MJSs6ybZeKlvewjzdNk0sst5lB0VroOlYG_MZkQ7TS4R_iNTfk","Principal","d12801ab-810b-4f0a-a887-b3094aceb26d","06563ae8-c6fc-4364-b4d2-e11fe23537e4","f7968a97-8fb0-4d37-934b-2cb79941d15a","EAS.AccessAsUser.All Exchange.Manage"
"5i8uUC4Q0UK0mHKnbTLcZ1ghkAjWOFVPgKaRgID3hHI","AllPrincipals","502e2fe6-102e-42d1-b498-72a76d32dc67",,"08902158-38d6-4f55-80a6-918080f78472","user_impersonation"
"FHJ2nkX4YUiIBUh0jzaP1uDsZzFDcaFCrUif2OMJNjk","AllPrincipals","9e767214-f845-4861-8805-48748f368fd6",,"3167ece0-7143-42a1-ad48-9fd8e3093639","User.Read Group.Read.All"
"FHJ2nkX4YUiIBUh0jzaP1uDsZzFDcaFCrUif2OMJNjnoOlYG_MZkQ7TS4R_iNTfk","Principal","9e767214-f845-4861-8805-48748f368fd6","06563ae8-c6fc-4364-b4d2-e11fe23537e4","3167ece0-7143-42a1-ad48-9fd8e3093639","User.Read Group.Read.All"
"FHJ2nkX4YUiIBUh0jzaP1gmVInmBE2RCraYOy-QI9DU","AllPrincipals","9e767214-f845-4861-8805-48748f368fd6",,"79229509-1381-4264-ada6-0ecbe408f435","DeviceManagementManagedDevices.PrivilegedOperations.All DeviceManagementManagedDevices.ReadWrite.All DeviceManagementRBAC.ReadWrite.All DeviceManagementApps.ReadWrite.All DeviceManagementConfiguration.ReadWrite.All DeviceManagementServiceConfig.ReadWrite.All Group.ReadWrite.All Directory.Read.All openid User.ReadWrite.All Policy.Read.All Policy.ReadWrite.ConditionalAccess Application.Read.All Organization.ReadWrite.All profile offline_access"
"FHJ2nkX4YUiIBUh0jzaP1gmVInmBE2RCraYOy-QI9DXoOlYG_MZkQ7TS4R_iNTfk","Principal","9e767214-f845-4861-8805-48748f368fd6","06563ae8-c6fc-4364-b4d2-e11fe23537e4","79229509-1381-4264-ada6-0ecbe408f435","DeviceManagementManagedDevices.PrivilegedOperations.All DeviceManagementManagedDevices.ReadWrite.All DeviceManagementRBAC.ReadWrite.All DeviceManagementApps.ReadWrite.All DeviceManagementConfiguration.ReadWrite.All DeviceManagementServiceConfig.ReadWrite.All Group.ReadWrite.All Directory.Read.All openid"
"2XPrIWuXQk2dqm0Ed-S3Q6FTUpFIpNNLguE_WLFSokc","AllPrincipals","21eb73d9-976b-4d42-9daa-6d0477e4b743",,"915253a1-a448-4bd3-82e1-3f58b152a247","user_impersonation"
"gbpgmj58zEWiIrilnf2JO-DsZzFDcaFCrUif2OMJNjnoOlYG_MZkQ7TS4R_iNTfk","Principal","9a60ba81-7c3e-45cc-a222-b8a59dfd893b","06563ae8-c6fc-4364-b4d2-e11fe23537e4","3167ece0-7143-42a1-ad48-9fd8e3093639","User.Read"
"MtycDe6Ld0mvZJBiA3jTsMWTep9Q9m5LizgD_wd0nHU","AllPrincipals","0d9cdc32-8bee-4977-af64-90620378d3b0",,"9f7a93c5-f650-4b6e-8b38-03ff07749c75","Data.Read"
"cM0xRVTBn0Cty7xx09iA6wmVInmBE2RCraYOy-QI9DU","AllPrincipals","4531cd70-c154-409f-adcb-bc71d3d880eb",,"79229509-1381-4264-ada6-0ecbe408f435","User.Read"
"c1zgZvSNUkqEinIgPq72wwmVInmBE2RCraYOy-QI9DU","AllPrincipals","66e05c73-8df4-4a52-848a-72203eaef6c3",,"79229509-1381-4264-ada6-0ecbe408f435","User.Read"
"mb9NSaApfkm-rNrMmPQMV-kfZa3Nm4xOnjWF7dj17KM","AllPrincipals","494dbf99-29a0-497e-beac-dacc98f40c57",,"ad651fe9-9bcd-4e8c-9e35-85edd8f5eca3","user_impersonation"
"GSMYqFv_Y0WLrxeVuScyXuDsZzFDcaFCrUif2OMJNjk","AllPrincipals","a8182319-ff5b-4563-8baf-1795b927325e",,"3167ece0-7143-42a1-ad48-9fd8e3093639","User.Read"
"luegDCRd-0C73QiM0ZX1DgmVInmBE2RCraYOy-QI9DXoOlYG_MZkQ7TS4R_iNTfk","Principal","0ca0e796-5d24-40fb-bbdd-088cd195f50e","06563ae8-c6fc-4364-b4d2-e11fe23537e4","79229509-1381-4264-ada6-0ecbe408f435"," openid profile email"
"Kpt9JC7fokiLHemXowlctwmVInmBE2RCraYOy-QI9DU","AllPrincipals","247d9b2a-df2e-48a2-8b1d-e997a3095cb7",,"79229509-1381-4264-ada6-0ecbe408f435","Calendars.ReadWrite Contacts.ReadWrite DeviceManagementApps.Read.All DeviceManagementApps.ReadWrite.All DeviceManagementConfiguration.Read.All DeviceManagementConfiguration.ReadWrite.All DeviceManagementManagedDevices.PrivilegedOperations.All DeviceManagementManagedDevices.Read.All DeviceManagementManagedDevices.ReadWrite.All DeviceManagementRBAC.Read.All DeviceManagementRBAC.ReadWrite.All DeviceManagementServiceConfig.Read.All DeviceManagementServiceConfig.ReadWrite.All Directory.AccessAsUser.All Directory.ReadWrite.All Files.ReadWrite.All Group.ReadWrite.All IdentityRiskEvent.Read.All Mail.ReadWrite MailboxSettings.ReadWrite Notes.ReadWrite.All openid People.Read profile Reports.Read.All Sites.ReadWrite.All Tasks.ReadWrite User.ReadBasic.All User.ReadWrite User.ReadWrite.All User.Read offline_access"
"Kpt9JC7fokiLHemXowlctwmVInmBE2RCraYOy-QI9DXoOlYG_MZkQ7TS4R_iNTfk","Principal","247d9b2a-df2e-48a2-8b1d-e997a3095cb7","06563ae8-c6fc-4364-b4d2-e11fe23537e4","79229509-1381-4264-ada6-0ecbe408f435"," openid profile User.ReadWrite User.ReadBasic.All Sites.ReadWrite.All Contacts.ReadWrite People.Read Notes.ReadWrite.All Tasks.ReadWrite Mail.ReadWrite Files.ReadWrite.All Calendars.ReadWrite Calendars.Read Calendars.Read.Shared Reports.Read.All"
"ym4o86qBYkaQrwQWlL8qfeDsZzFDcaFCrUif2OMJNjk","AllPrincipals","f3286eca-81aa-4662-90af-041694bf2a7d",,"3167ece0-7143-42a1-ad48-9fd8e3093639","User.Read"
"G1YdMiV0502lsa-thS9l1QmVInmBE2RCraYOy-QI9DU","AllPrincipals","321d561b-7425-4de7-a5b1-afad852f65d5",,"79229509-1381-4264-ada6-0ecbe408f435","offline_access DeviceManagementConfiguration.Read.All DeviceManagementConfiguration.ReadWrite.All DeviceManagementRBAC.Read.All User.Read Group.Read.All Directory.AccessAsUser.All openid email profile GroupMember.Read.All"
"xvyTe_rrrkOWKw4r0_yz9QmVInmBE2RCraYOy-QI9DU","AllPrincipals","7b93fcc6-ebfa-43ae-962b-0e2bd3fcb3f5",,"79229509-1381-4264-ada6-0ecbe408f435","openid"
"xvyTe_rrrkOWKw4r0_yz9RtWHTIldOdNpbGvrYUvZdU","AllPrincipals","7b93fcc6-ebfa-43ae-962b-0e2bd3fcb3f5",,"321d561b-7425-4de7-a5b1-afad852f65d5","Wonderland.User"
"okKLFoVpH0ymbSg24pGlJgmVInmBE2RCraYOy-QI9DU","AllPrincipals","168b42a2-6985-4c1f-a66d-2836e291a526",,"79229509-1381-4264-ada6-0ecbe408f435","User.Read"
"sL49w89ZpUO8MdevFbyYBQmVInmBE2RCraYOy-QI9DU","AllPrincipals","c33dbeb0-59cf-43a5-bc31-d7af15bc9805",,"79229509-1381-4264-ada6-0ecbe408f435"," openid profile"
"Vpko3JSnGkGtp4-WjNhM5uDsZzFDcaFCrUif2OMJNjk","AllPrincipals","dc289956-a794-411a-ada7-8f968cd84ce6",,"3167ece0-7143-42a1-ad48-9fd8e3093639","User.Read"
"Vpko3JSnGkGtp4-WjNhM5gmVInmBE2RCraYOy-QI9DU","AllPrincipals","dc289956-a794-411a-ada7-8f968cd84ce6",,"79229509-1381-4264-ada6-0ecbe408f435","Directory.Read.All Mail.Send Sites.Read.All Sites.FullControl.All User.Read"
"Vpko3JSnGkGtp4-WjNhM5uZwYEWVrd1Pvyydo0bHzno","AllPrincipals","dc289956-a794-411a-ada7-8f968cd84ce6",,"456070e6-ad95-4fdd-bf2c-9da346c7ce7a","AllSites.FullControl TermStore.ReadWrite.All"
"XPVmRY8KZESOYWiNF09SZwmVInmBE2RCraYOy-QI9DU","AllPrincipals","4566f55c-0a8f-4464-8e61-688d174f5267",,"79229509-1381-4264-ada6-0ecbe408f435"," Files.ReadWrite.All User.Read Mail.Read openid profile offline_access"
"4zzLpNP9dE2fAWyBGdHVgwmVInmBE2RCraYOy-QI9DX7b-upOrHvTrzamZcyqt_c","Principal","a4cb3ce3-fdd3-4d74-9f01-6c8119d1d583","a9eb6ffb-b13a-4eef-bcda-999732aadfdc","79229509-1381-4264-ada6-0ecbe408f435"," openid offline_access profile Files.ReadWrite.All Files.Read.All User.Read"
"YQNDnkUwEUG-mYW8I6XCBwmVInmBE2RCraYOy-QI9DU","AllPrincipals","9e430361-3045-4111-be99-85bc23a5c207",,"79229509-1381-4264-ada6-0ecbe408f435","UserAuthenticationMethod.Read.All UserAuthenticationMethod.ReadWrite.All openid profile offline_access User.Read DeviceManagementConfiguration.Read.All DeviceManagementManagedDevices.Read.All"
"YQNDnkUwEUG-mYW8I6XCBwmVInmBE2RCraYOy-QI9DXoOlYG_MZkQ7TS4R_iNTfk","Principal","9e430361-3045-4111-be99-85bc23a5c207","06563ae8-c6fc-4364-b4d2-e11fe23537e4","79229509-1381-4264-ada6-0ecbe408f435"," DelegatedPermissionGrant.ReadWrite.All openid profile offline_access DeviceManagementManagedDevices.ReadWrite.All DeviceManagementServiceConfig.ReadWrite.All"
"YQNDnkUwEUG-mYW8I6XCBwmVInmBE2RCraYOy-QI9DWNFT2UOrDqR59tU9P_3DXt","Principal","9e430361-3045-4111-be99-85bc23a5c207","943d158d-b03a-47ea-9f6d-53d3ffdc35ed","79229509-1381-4264-ada6-0ecbe408f435","DeviceManagementManagedDevices.ReadWrite.All DeviceManagementConfiguration.ReadWrite.All"
"sGsiapVOtUmMRFseeun3ZwmVInmBE2RCraYOy-QI9DU","AllPrincipals","6a226bb0-4e95-49b5-8c44-5b1e7ae9f767",,"79229509-1381-4264-ada6-0ecbe408f435","User.Read"
"E-XLeJtbj0Kjf-V_qn5SiQmVInmBE2RCraYOy-QI9DXoOlYG_MZkQ7TS4R_iNTfk","Principal","78cbe513-5b9b-428f-a37f-e57faa7e5289","06563ae8-c6fc-4364-b4d2-e11fe23537e4","79229509-1381-4264-ada6-0ecbe408f435"," Agreement.Read.All CrossTenantInformation.ReadBasic.All Directory.Read.All Policy.Read.All User.Read openid profile offline_access"
"g5hZdtZX90GrsphYiZdiQScsRRKZrbVHvgPxGxmVYzc","AllPrincipals","76599883-57d6-41f7-abb2-985889976241",,"12452c27-ad99-47b5-be03-f11b19956337","user_impersonation"
"Snla5We8Z0iimLfAR-9Uzw-s_DfLvFdGvEaG3B3fIPU","AllPrincipals","e55a794a-bc67-4867-a298-b7c047ef54cf",,"37fcac0f-bccb-4657-bc46-86dc1ddf20f5","user_impersonation"
"auZY1kLBd0eIL9uv-h90eUXpU5ZNMPhImOLa-GsnT2s","AllPrincipals","d658e66a-c142-4777-882f-dbaffa1f7479",,"9653e945-304d-48f8-98e2-daf86b274f6b","user_impersonation"
"ohce7hEV6kCrrSGaLzyfUwmVInmBE2RCraYOy-QI9DU","AllPrincipals","ee1e17a2-1511-40ea-abad-219a2f3c9f53",,"79229509-1381-4264-ada6-0ecbe408f435"," profile offline_access email openid"
"kvz398mMM0S86ymYVKQvI-DsZzFDcaFCrUif2OMJNjk","AllPrincipals","f7f7fc92-8cc9-4433-bceb-299854a42f23",,"3167ece0-7143-42a1-ad48-9fd8e3093639","Directory.AccessAsUser.All"
"kvz398mMM0S86ymYVKQvI6jhdhGaT_VAsShyM1rcBHg","AllPrincipals","f7f7fc92-8cc9-4433-bceb-299854a42f23",,"1176e1a8-4f9a-40f5-b128-72335adc0478","user_impersonation"
"kvz398mMM0S86ymYVKQvIwmVInmBE2RCraYOy-QI9DU","AllPrincipals","f7f7fc92-8cc9-4433-bceb-299854a42f23",,"79229509-1381-4264-ada6-0ecbe408f435","RecordsManagement.ReadWrite.All ExternalConnection.ReadWrite.All ServiceMessageViewpoint.Write Place.Read.All InformationProtectionPolicy.Read Chat.Read Chat.ReadWrite Policy.Read.All AppCatalog.ReadWrite.All AuditLog.Read.All SecurityEvents.Read.All Notes.Read.All User.Invite.All Reports.Read.All Mail.Read.Shared Group.ReadWrite.All Directory.ReadWrite.All Directory.AccessAsUser.All Mail.ReadWrite Mail.Send Calendars.Read IdentityProvider.ReadWrite.All Bookings.Read.All OnlineMeetings.Read ChannelMessage.Send TeamsTab.ReadWrite.All ChannelSettings.ReadWrite.All TeamSettings.ReadWrite.All TeamMember.ReadWrite.All ChannelMember.ReadWrite.All ChannelMessage.Read.All TeamsAppInstallation.ReadWriteForUser Team.Create ServiceMessage.Read.All ServiceHealth.Read.All Tasks.ReadWrite OnlineMeetingTranscript.Read.All"
"kvz398mMM0S86ymYVKQvI-ZwYEWVrd1Pvyydo0bHzno","AllPrincipals","f7f7fc92-8cc9-4433-bceb-299854a42f23",,"456070e6-ad95-4fdd-bf2c-9da346c7ce7a","TermStore.ReadWrite.All AllSites.FullControl User.ReadWrite.All"
"kvz398mMM0S86ymYVKQvI64WD0p9VbVCtP6mVi-SNak","AllPrincipals","f7f7fc92-8cc9-4433-bceb-299854a42f23",,"4a0f16ae-557d-42b5-b4fe-a6562f9235a9","User"
"kvz398mMM0S86ymYVKQvI135OedX4tRGkKkkOM0dZPA","AllPrincipals","f7f7fc92-8cc9-4433-bceb-299854a42f23",,"e739f95d-e257-46d4-90a9-2438cd1d64f0","ActivityFeed.Read ServiceHealth.Read"
"kvz398mMM0S86ymYVKQvI8He1Z-bfkpFheVzgZL30TM","AllPrincipals","f7f7fc92-8cc9-4433-bceb-299854a42f23",,"9fd5dec1-7e9b-454a-85e5-738192f7d133","user_impersonation"
"kvz398mMM0S86ymYVKQvIyxZ0ixntPBFvI2sIeZWW2M","AllPrincipals","f7f7fc92-8cc9-4433-bceb-299854a42f23",,"2cd2592c-b467-45f0-bc8d-ac21e6565b63","Dataset.Read.All"
"ibLYC7k_n0SnLYDebhHBDAmVInmBE2RCraYOy-QI9DXoOlYG_MZkQ7TS4R_iNTfk","Principal","0bd8b289-3fb9-449f-a72d-80de6e11c10c","06563ae8-c6fc-4364-b4d2-e11fe23537e4","79229509-1381-4264-ada6-0ecbe408f435"," Organization.Read.All RoleManagement.Read.Directory Application.Read.All User.Read.All Group.Read.All Policy.Read.All Directory.Read.All SecurityEvents.Read.All UserAuthenticationMethod.Read.All AuditLog.Read.All Reports.Read.All openid profile offline_access"
