{
    "id":  "3992590e-6f9b-4aa1-aa9f-d7717c111b07",
    "displayName":  "Eskonr",
    "technicalNotificationMails":  [
                                       "eswarkoneti@outlook.com"
                                   ],
    "verifiedDomains":  [
                            {
                                "capabilities":  "Email, OfficeCommunicationsOnline, Intune",
                                "isDefault":  true,
                                "isInitial":  false,
                                "name":  "eskonr.com",
                                "type":  "Managed"
                            },
                            {
                                "capabilities":  "None",
                                "isDefault":  false,
                                "isInitial":  false,
                                "name":  "koneti.mail.onmicrosoft.com",
                                "type":  "Managed"
                            },
                            {
                                "capabilities":  "Email, OfficeCommunicationsOnline",
                                "isDefault":  false,
                                "isInitial":  true,
                                "name":  "koneti.onmicrosoft.com",
                                "type":  "Managed"
                            }
                        ]
}
