"id","templateId","displayName","isBuiltIn","isEnabled"
"62e90394-69f5-4237-9190-012177145e10","62e90394-69f5-4237-9190-012177145e10","Global Administrator","True","True"
"10dae51f-b6af-4016-8d66-8c2a99b929b3","10dae51f-b6af-4016-8d66-8c2a99b929b3","Guest User","True","True"
"2af84b1e-32c8-42b7-82bc-daa82404023b","2af84b1e-32c8-42b7-82bc-daa82404023b","Restricted Guest User","True","True"
"95e79109-95c0-4d8e-aee3-d01accf2d47b","95e79109-95c0-4d8e-aee3-d01accf2d47b","Guest Inviter","True","True"
"fe930be7-5e62-47db-91af-98c3a49a38b1","fe930be7-5e62-47db-91af-98c3a49a38b1","User Administrator","True","True"
"729827e3-9c14-49f7-bb1b-9608f156bbb8","729827e3-9c14-49f7-bb1b-9608f156bbb8","Helpdesk Administrator","True","True"
"f023fd81-a637-4b56-95fd-791ac0226033","f023fd81-a637-4b56-95fd-791ac0226033","Service Support Administrator","True","True"
"b0f54661-2d74-4c50-afa3-1ec803f12efe","b0f54661-2d74-4c50-afa3-1ec803f12efe","Billing Administrator","True","True"
"a0b1b346-4d3e-4e8b-98f8-753987be4970","a0b1b346-4d3e-4e8b-98f8-753987be4970","User","True","True"
"4ba39ca4-527c-499a-b93d-d9b492c50246","4ba39ca4-527c-499a-b93d-d9b492c50246","Partner Tier1 Support","True","True"
"e00e864a-17c5-4a4b-9c06-f5b95a8d5bd8","e00e864a-17c5-4a4b-9c06-f5b95a8d5bd8","Partner Tier2 Support","True","True"
"88d8e3e3-8f55-4a1e-953a-9b9898b8876b","88d8e3e3-8f55-4a1e-953a-9b9898b8876b","Directory Readers","True","True"
"9360feb5-f418-4baa-8175-e2a00bac4301","9360feb5-f418-4baa-8175-e2a00bac4301","Directory Writers","True","True"
"29232cdf-9323-42fd-ade2-1d097af3e4de","29232cdf-9323-42fd-ade2-1d097af3e4de","Exchange Administrator","True","True"
"f28a1f50-f6e7-4571-818b-6a12f2af6b6c","f28a1f50-f6e7-4571-818b-6a12f2af6b6c","SharePoint Administrator","True","True"
"75941009-915a-4869-abe7-691bff18279e","75941009-915a-4869-abe7-691bff18279e","Skype for Business Administrator","True","True"
"d405c6df-0af8-4e3b-95e4-4d06e542189e","d405c6df-0af8-4e3b-95e4-4d06e542189e","Device Users","True","True"
"9f06204d-73c1-4d4c-880a-6edb90606fd8","9f06204d-73c1-4d4c-880a-6edb90606fd8","Azure AD Joined Device Local Administrator","True","True"
"9c094953-4995-41c8-84c8-3ebb9b32c93f","9c094953-4995-41c8-84c8-3ebb9b32c93f","Device Join","True","True"
"c34f683f-4d5a-4403-affd-6615e00e3a7f","c34f683f-4d5a-4403-affd-6615e00e3a7f","Workplace Device Join","True","True"
"17315797-102d-40b4-93e0-432062caca18","17315797-102d-40b4-93e0-432062caca18","Compliance Administrator","True","True"
"d29b2b05-8046-44ba-8758-1e26182fcf32","d29b2b05-8046-44ba-8758-1e26182fcf32","Directory Synchronization Accounts","True","True"
"2b499bcd-da44-4968-8aec-78e1674fa64d","2b499bcd-da44-4968-8aec-78e1674fa64d","Device Managers","True","True"
"9b895d92-2cd3-44c7-9d02-a6ac2d5ea5c3","9b895d92-2cd3-44c7-9d02-a6ac2d5ea5c3","Application Administrator","True","True"
"cf1c38e5-3621-4004-a7cb-879624dced7c","cf1c38e5-3621-4004-a7cb-879624dced7c","Application Developer","True","True"
"5d6b6bb7-de71-4623-b4af-96380a352509","5d6b6bb7-de71-4623-b4af-96380a352509","Security Reader","True","True"
"194ae4cb-b126-40b2-bd5b-6091b380977d","194ae4cb-b126-40b2-bd5b-6091b380977d","Security Administrator","True","True"
"e8611ab8-c189-46e8-94e1-60213ab1f814","e8611ab8-c189-46e8-94e1-60213ab1f814","Privileged Role Administrator","True","True"
"3a2c62db-5318-420d-8d74-23affee5d9d5","3a2c62db-5318-420d-8d74-23affee5d9d5","Intune Administrator","True","True"
"158c047a-c907-4556-b7ef-446551a6b5f7","158c047a-c907-4556-b7ef-446551a6b5f7","Cloud Application Administrator","True","True"
"5c4f9dcd-47dc-4cf7-8c9a-9e4207cbfc91","5c4f9dcd-47dc-4cf7-8c9a-9e4207cbfc91","Customer LockBox Access Approver","True","True"
"44367163-eba1-44c3-98af-f5787879f96a","44367163-eba1-44c3-98af-f5787879f96a","Dynamics 365 Administrator","True","True"
"a9ea8996-122f-4c74-9520-8edcd192826c","a9ea8996-122f-4c74-9520-8edcd192826c","Fabric Administrator","True","True"
"b1be1c3e-b65d-4f19-8427-f6fa0d97feb9","b1be1c3e-b65d-4f19-8427-f6fa0d97feb9","Conditional Access Administrator","True","True"
"4a5d8f65-41da-4de4-8968-e035b65339cf","4a5d8f65-41da-4de4-8968-e035b65339cf","Reports Reader","True","True"
"790c1fb9-7f7d-4f88-86a1-ef1f95c05c1b","790c1fb9-7f7d-4f88-86a1-ef1f95c05c1b","Message Center Reader","True","True"
"7495fdc4-34c4-4d15-a289-98788ce399fd","7495fdc4-34c4-4d15-a289-98788ce399fd","Azure Information Protection Administrator","True","True"
"38a96431-2bdf-4b4c-8b6e-5d3d8abac1a4","38a96431-2bdf-4b4c-8b6e-5d3d8abac1a4","Desktop Analytics Administrator","True","True"
"4d6ac14f-3453-41d0-bef9-a3e0c569773a","4d6ac14f-3453-41d0-bef9-a3e0c569773a","License Administrator","True","True"
"7698a772-787b-4ac8-901f-60d6b08affd2","7698a772-787b-4ac8-901f-60d6b08affd2","Cloud Device Administrator","True","True"
"c4e39bd9-1100-46d3-8c65-fb160da0071f","c4e39bd9-1100-46d3-8c65-fb160da0071f","Authentication Administrator","True","True"
"7be44c8a-adaf-4e2a-84d6-ab2649e08a13","7be44c8a-adaf-4e2a-84d6-ab2649e08a13","Privileged Authentication Administrator","True","True"
"baf37b3a-610e-45da-9e62-d9d1e5e8914b","baf37b3a-610e-45da-9e62-d9d1e5e8914b","Teams Communications Administrator","True","True"
"f70938a0-fc10-4177-9e90-2178f8765737","f70938a0-fc10-4177-9e90-2178f8765737","Teams Communications Support Engineer","True","True"
"fcf91098-03e3-41a9-b5ba-6f0ec8188a12","fcf91098-03e3-41a9-b5ba-6f0ec8188a12","Teams Communications Support Specialist","True","True"
"69091246-20e8-4a56-aa4d-066075b2a7a8","69091246-20e8-4a56-aa4d-066075b2a7a8","Teams Administrator","True","True"
"eb1f4a8d-243a-41f0-9fbd-c7cdf6c5ef7c","eb1f4a8d-243a-41f0-9fbd-c7cdf6c5ef7c","Insights Administrator","True","True"
"ac16e43d-7b2d-40e0-ac05-243ff356ab5b","ac16e43d-7b2d-40e0-ac05-243ff356ab5b","Message Center Privacy Reader","True","True"
"6e591065-9bad-43ed-90f3-e9424366d2f0","6e591065-9bad-43ed-90f3-e9424366d2f0","External ID User Flow Administrator","True","True"
"0f971eea-41eb-4569-a71e-57bb8a3eff1e","0f971eea-41eb-4569-a71e-57bb8a3eff1e","External ID User Flow Attribute Administrator","True","True"
"aaf43236-0c0d-4d5f-883a-6955382ac081","aaf43236-0c0d-4d5f-883a-6955382ac081","B2C IEF Keyset Administrator","True","True"
"3edaf663-341e-4475-9f94-5c398ef6c070","3edaf663-341e-4475-9f94-5c398ef6c070","B2C IEF Policy Administrator","True","True"
"be2f45a1-457d-42af-a067-6ec1fa63bc45","be2f45a1-457d-42af-a067-6ec1fa63bc45","External Identity Provider Administrator","True","True"
"e6d1a23a-da11-4be4-9570-befc86d067a7","e6d1a23a-da11-4be4-9570-befc86d067a7","Compliance Data Administrator","True","True"
"5f2222b1-57c3-48ba-8ad5-d4759f1fde6f","5f2222b1-57c3-48ba-8ad5-d4759f1fde6f","Security Operator","True","True"
"74ef975b-6605-40af-a5d2-b9539d836353","74ef975b-6605-40af-a5d2-b9539d836353","Kaizala Administrator","True","True"
"f2ef992c-3afb-46b9-b7cf-a126ee74c451","f2ef992c-3afb-46b9-b7cf-a126ee74c451","Global Reader","True","True"
"0964bb5e-9bdb-4d7b-ac29-58e794862a40","0964bb5e-9bdb-4d7b-ac29-58e794862a40","Search Administrator","True","True"
"8835291a-918c-4fd7-a9ce-faa49f0cf7d9","8835291a-918c-4fd7-a9ce-faa49f0cf7d9","Search Editor","True","True"
"966707d0-3269-4727-9be2-8c3a10f19b9d","966707d0-3269-4727-9be2-8c3a10f19b9d","Password Administrator","True","True"
"644ef478-e28f-4e28-b9dc-3fdde9aa0b1f","644ef478-e28f-4e28-b9dc-3fdde9aa0b1f","Printer Administrator","True","True"
"e8cef6f1-e4bd-4ea8-bc07-4b8d950f4477","e8cef6f1-e4bd-4ea8-bc07-4b8d950f4477","Printer Technician","True","True"
"0526716b-113d-4c15-b2c8-68e3c22b9f80","0526716b-113d-4c15-b2c8-68e3c22b9f80","Authentication Policy Administrator","True","True"
"fdd7a751-b60b-444a-984c-02652fe8fa1c","fdd7a751-b60b-444a-984c-02652fe8fa1c","Groups Administrator","True","True"
"11648597-926c-4cf3-9c36-bcebb0ba8dcc","11648597-926c-4cf3-9c36-bcebb0ba8dcc","Power Platform Administrator","True","True"
"e3973bdf-4987-49ae-837a-ba8e231c7286","e3973bdf-4987-49ae-837a-ba8e231c7286","Azure DevOps Administrator","True","True"
"8ac3fc64-6eca-42ea-9e69-59f4c7b60eb2","8ac3fc64-6eca-42ea-9e69-59f4c7b60eb2","Hybrid Identity Administrator","True","True"
"2b745bdf-0803-4d80-aa65-822c4493daac","2b745bdf-0803-4d80-aa65-822c4493daac","Office Apps Administrator","True","True"
"d37c8bed-0711-4417-ba38-b4abe66ce4c2","d37c8bed-0711-4417-ba38-b4abe66ce4c2","Network Administrator","True","True"
"31e939ad-9672-4796-9c2e-873181342d2d","31e939ad-9672-4796-9c2e-873181342d2d","Insights Business Leader","True","True"
"3d762c5a-1b6c-493f-843e-55a3b42923d4","3d762c5a-1b6c-493f-843e-55a3b42923d4","Teams Devices Administrator","True","True"
"c430b396-e693-46cc-96f3-db01bf8bb62a","c430b396-e693-46cc-96f3-db01bf8bb62a","Attack Simulation Administrator","True","True"
"9c6df0f2-1e7c-4dc3-b195-66dfbd24aa8f","9c6df0f2-1e7c-4dc3-b195-66dfbd24aa8f","Attack Payload Author","True","True"
"75934031-6c7e-415a-99d7-48dbd49e875e","75934031-6c7e-415a-99d7-48dbd49e875e","Usage Summary Reports Reader","True","True"
"b5a8dcf3-09d5-43a9-a639-8e29ef291470","b5a8dcf3-09d5-43a9-a639-8e29ef291470","Knowledge Administrator","True","True"
"744ec460-397e-42ad-a462-8b3f9747a02c","744ec460-397e-42ad-a462-8b3f9747a02c","Knowledge Manager","True","True"
"8329153b-31d0-4727-b945-745eb3bc5f31","8329153b-31d0-4727-b945-745eb3bc5f31","Domain Name Administrator","True","True"
"8424c6f0-a189-499e-bbd0-26c1753c96d4","8424c6f0-a189-499e-bbd0-26c1753c96d4","Attribute Definition Administrator","True","True"
"58a13ea3-c632-46ae-9ee0-9c0d43cd7f3d","58a13ea3-c632-46ae-9ee0-9c0d43cd7f3d","Attribute Assignment Administrator","True","True"
"1d336d2c-4ae8-42ef-9711-b3604ce3fc2c","1d336d2c-4ae8-42ef-9711-b3604ce3fc2c","Attribute Definition Reader","True","True"
"ffd52fa5-98dc-465c-991d-fc073eb59f8f","ffd52fa5-98dc-465c-991d-fc073eb59f8f","Attribute Assignment Reader","True","True"
"31392ffb-586c-42d1-9346-e59415a2cc4e","31392ffb-586c-42d1-9346-e59415a2cc4e","Exchange Recipient Administrator","True","True"
"45d8d3c5-c802-45c6-b32a-1d70b5e1e86e","45d8d3c5-c802-45c6-b32a-1d70b5e1e86e","Identity Governance Administrator","True","True"
"892c5842-a9a6-463a-8041-72aa08ca3cf6","892c5842-a9a6-463a-8041-72aa08ca3cf6","Cloud App Security Administrator","True","True"
"32696413-001a-46ae-978c-ce0f6b3620d2","32696413-001a-46ae-978c-ce0f6b3620d2","Windows Update Deployment Administrator","True","True"
"11451d60-acb2-45eb-a7d6-43d0f0125c13","11451d60-acb2-45eb-a7d6-43d0f0125c13","Windows 365 Administrator","True","True"
"3f1acade-1e04-4fbc-9b69-f0302cd84aef","3f1acade-1e04-4fbc-9b69-f0302cd84aef","Edge Administrator","True","True"
"810a2642-a034-447f-a5e8-41beaa378541","810a2642-a034-447f-a5e8-41beaa378541","Yammer Administrator","True","True"
"25a516ed-2fa0-40ea-a2d0-12923a21473a","25a516ed-2fa0-40ea-a2d0-12923a21473a","Authentication Extensibility Administrator","True","True"
"e300d9e7-4a2b-4295-9eff-f1c78b36cc98","e300d9e7-4a2b-4295-9eff-f1c78b36cc98","Virtual Visits Administrator","True","True"
"25df335f-86eb-4119-b717-0ff02de207e9","25df335f-86eb-4119-b717-0ff02de207e9","Insights Analyst","True","True"
"1501b917-7653-4ff9-a4b5-203eaf33784f","1501b917-7653-4ff9-a4b5-203eaf33784f","Microsoft Hardware Warranty Administrator","True","True"
"281fe777-fb20-4fbb-b7a3-ccebce5b0d96","281fe777-fb20-4fbb-b7a3-ccebce5b0d96","Microsoft Hardware Warranty Specialist","True","True"
"112ca1a2-15ad-4102-995e-45b0bc479a6a","112ca1a2-15ad-4102-995e-45b0bc479a6a","Tenant Creator","True","True"
"59d46f88-662b-457b-bceb-5c3809e5908f","59d46f88-662b-457b-bceb-5c3809e5908f","Lifecycle Workflows Administrator","True","True"
"92b086b3-e367-4ef2-b869-1de128fb986e","92b086b3-e367-4ef2-b869-1de128fb986e","Viva Goals Administrator","True","True"
"27460883-1df1-4691-b032-3b79643e5e63","27460883-1df1-4691-b032-3b79643e5e63","User Experience Success Manager","True","True"
"af78dc32-cf4d-46f9-ba4e-4428526346b5","af78dc32-cf4d-46f9-ba4e-4428526346b5","Permissions Management Administrator","True","True"
"507f53e4-4e52-4077-abd3-d2e1558b6ea2","507f53e4-4e52-4077-abd3-d2e1558b6ea2","Organizational Messages Writer","True","True"
"ac434307-12b9-4fa1-a708-88bf58caabc1","ac434307-12b9-4fa1-a708-88bf58caabc1","Global Secure Access Administrator","True","True"
"87761b17-1ed2-4af3-9acd-92a150038160","87761b17-1ed2-4af3-9acd-92a150038160","Viva Pulse Administrator","True","True"
"dd13091a-6207-4fc0-82ba-3641e056ab95","dd13091a-6207-4fc0-82ba-3641e056ab95","Extended Directory User Administrator","True","True"
"68d1d781-25ce-4a48-90af-e2cd58abc549","68d1d781-25ce-4a48-90af-e2cd58abc549","FATTYASSWARROLE","False","True"
