id,directoryScopeId,directoryScopeObjectId,directoryScopeDisplayName,directoryScopeType,roleDefinitionId,roleDefinitionTemplateId,roleDefinitionDisplayName,principalId,principalDisplayName,principalType,principalMail,principalOtherMails,memberType,assignmentType,startDateTime,endDateTime
"lAPpYvVpN0KRkAEhdxReEOg6Vgb8xmRDtNLhH-I1N-Q-1","/","3992590e-6f9b-4aa1-aa9f-d7717c111b07","Eskonr","tenant","62e90394-69f5-4237-9190-012177145e10","62e90394-69f5-4237-9190-012177145e10","Global Administrator","06563ae8-c6fc-4364-b4d2-e11fe23537e4","Eswar Koneti","user","eswar@eskonr.com","eswar.k.raju@hotmail.com","Direct","Assigned",,
"lAPpYvVpN0KRkAEhdxReECEIsHOb1ftJt7rnxOVrBSU-1","/","3992590e-6f9b-4aa1-aa9f-d7717c111b07","Eskonr","tenant","62e90394-69f5-4237-9190-012177145e10","62e90394-69f5-4237-9190-012177145e10","Global Administrator","73b00821-d59b-49fb-b7ba-e7c4e56b0525","Alpeshkumar Rajput","user","alpesh@eskonr.com",,"Direct","Assigned",,
"zZtJK0TaaEmK7HjhZ0-mTW6RQqwb2GZKosgumLTvsdY-1","/","3992590e-6f9b-4aa1-aa9f-d7717c111b07","Eskonr","tenant","2b499bcd-da44-4968-8aec-78e1674fa64d","2b499bcd-da44-4968-8aec-78e1674fa64d","Device Managers","ac42916e-d81b-4a66-a2c8-2e98b4efb1d6","On-premises MDM application","servicePrincipal",,,"Direct","Assigned",,
"4-PYiFWPHkqVOpuYmLiHa7jHXoxgadFDjKeSemIfWpQ-1","/","3992590e-6f9b-4aa1-aa9f-d7717c111b07","Eskonr","tenant","88d8e3e3-8f55-4a1e-953a-9b9898b8876b","88d8e3e3-8f55-4a1e-953a-9b9898b8876b","Directory Readers","8c5ec7b8-6960-43d1-8ca7-927a621f5a94","Microsoft.Azure.SyncFabric","servicePrincipal",,,"Direct","Assigned",,
"4-PYiFWPHkqVOpuYmLiHa9cJNtII2f1IjPUt3LagYRw-1","/","3992590e-6f9b-4aa1-aa9f-d7717c111b07","Eskonr","tenant","88d8e3e3-8f55-4a1e-953a-9b9898b8876b","88d8e3e3-8f55-4a1e-953a-9b9898b8876b","Directory Readers","d23609d7-d908-48fd-8cf5-2ddcb6a0611c","MicrosoftAzureActiveAuthn","servicePrincipal",,,"Direct","Assigned",,
"22IsOhhTDUKNdCOv_uXZ1S3CXx-VG0NLiIulSLpFZp8-1","/","3992590e-6f9b-4aa1-aa9f-d7717c111b07","Eskonr","tenant","3a2c62db-5318-420d-8d74-23affee5d9d5","3a2c62db-5318-420d-8d74-23affee5d9d5","Intune Administrator","1f5fc22d-1b95-4b43-888b-a548ba45669f","Eswar Koneti","user","eswar.koneti@eskonr.com",,"Direct","Assigned",,
"BSub0kaAukSHWB4mGC_PMgfevCEdSrFNlSjgVZROQts-1","/","3992590e-6f9b-4aa1-aa9f-d7717c111b07","Eskonr","tenant","d29b2b05-8046-44ba-8758-1e26182fcf32","d29b2b05-8046-44ba-8758-1e26182fcf32","Directory Synchronization Accounts","21bcde07-4a1d-4db1-9528-e055944e42db","On-Premises Directory Synchronization Service Account","user",,,"Direct","Assigned",,
"LJnv8vs6uUa3z6Em7nTEUYU-RgItm_xAtTe8qBvBlXE-1","/","3992590e-6f9b-4aa1-aa9f-d7717c111b07","Eskonr","tenant","f2ef992c-3afb-46b9-b7cf-a126ee74c451","f2ef992c-3afb-46b9-b7cf-a126ee74c451","Global Reader","02463e85-9b2d-40fc-b537-bca81bc19571","admin","user","admin@eskonr.com",,"Direct","Assigned",,
"TSAGn8FzTE2ICm7bkGBv2C3CXx-VG0NLiIulSLpFZp8-1","/","3992590e-6f9b-4aa1-aa9f-d7717c111b07","Eskonr","tenant","9f06204d-73c1-4d4c-880a-6edb90606fd8","9f06204d-73c1-4d4c-880a-6edb90606fd8","Azure AD Joined Device Local Administrator","1f5fc22d-1b95-4b43-888b-a548ba45669f","Eswar Koneti","user","eswar.koneti@eskonr.com",,"Direct","Assigned",,
"0gJe1hQCdEaOXXZvszDiwHTtSScpKg9IrvBJAmeSDWw-1","/","3992590e-6f9b-4aa1-aa9f-d7717c111b07","Eskonr","tenant","d65e02d2-0214-4674-8e5d-766fb330e2c0","d65e02d2-0214-4674-8e5d-766fb330e2c0","Email Verified User Creator","2749ed74-2a29-480f-aef0-490267920d6c","Microsoft Rights Management Services","servicePrincipal",,,"Direct","Assigned",,
"0gJe1hQCdEaOXXZvszDiwCu-V5Q0FvRNhp5lRI2IfSo-1","/","3992590e-6f9b-4aa1-aa9f-d7717c111b07","Eskonr","tenant","d65e02d2-0214-4674-8e5d-766fb330e2c0","d65e02d2-0214-4674-8e5d-766fb330e2c0","Email Verified User Creator","9457be2b-1634-4df4-869e-65448d887d2a","Microsoft Office 365 Portal","servicePrincipal",,,"Direct","Assigned",,
"NIwd6_WsDUaEJMHxpvvbhXTtSScpKg9IrvBJAmeSDWw-1","/","3992590e-6f9b-4aa1-aa9f-d7717c111b07","Eskonr","tenant","eb1d8c34-acf5-460d-8424-c1f1a6fbdb85","eb1d8c34-acf5-460d-8424-c1f1a6fbdb85","AdHoc License Administrator","2749ed74-2a29-480f-aef0-490267920d6c","Microsoft Rights Management Services","servicePrincipal",,,"Direct","Assigned",,
"NIwd6_WsDUaEJMHxpvvbhSu-V5Q0FvRNhp5lRI2IfSo-1","/","3992590e-6f9b-4aa1-aa9f-d7717c111b07","Eskonr","tenant","eb1d8c34-acf5-460d-8424-c1f1a6fbdb85","eb1d8c34-acf5-460d-8424-c1f1a6fbdb85","AdHoc License Administrator","9457be2b-1634-4df4-869e-65448d887d2a","Microsoft Office 365 Portal","servicePrincipal",,,"Direct","Assigned",,
"3ywjKSOT_UKt4h0JevPk3mDYm11Lr-lCvl0BwihgomQ-1","/","3992590e-6f9b-4aa1-aa9f-d7717c111b07","Eskonr","tenant","29232cdf-9323-42fd-ade2-1d097af3e4de","29232cdf-9323-42fd-ade2-1d097af3e4de","Exchange Administrator","5d9bd860-af4b-42e9-be5d-01c22860a264","AdminDroid Service Application","servicePrincipal",,,"Direct","Assigned",,
"RhIJaeggVkqqTQZgdbKnqNUQurwm0nlAvqgFKupBeOA-1","/","3992590e-6f9b-4aa1-aa9f-d7717c111b07","Eskonr","tenant","69091246-20e8-4a56-aa4d-066075b2a7a8","69091246-20e8-4a56-aa4d-066075b2a7a8","Teams Administrator","bcba10d5-d226-4079-bea8-052aea4178e0","Robert","user","Robert@eskonr.com",,"Direct","Assigned",,
"egSMFQfJVkW370RlUaa193B6hTV81tVCrFgqNa2z1rI-1","/","3992590e-6f9b-4aa1-aa9f-d7717c111b07","Eskonr","tenant","158c047a-c907-4556-b7ef-446551a6b5f7","158c047a-c907-4556-b7ef-446551a6b5f7","Cloud Application Administrator","35857a70-d67c-42d5-ac58-2a35adb3d6b2","Vincent","user",,,"Direct","Assigned",,
