id,appId,servicePrincipalType,displayName,accountEnabled,appOwnerOrganizationId
"08902158-38d6-4f55-80a6-918080f78472","32aea99b-db46-43dd-9158-b7f85f742237","Application","CMTP-ServerApp","True","3992590e-6f9b-4aa1-aa9f-d7717c111b07"
"0b910798-612b-460e-b48b-712846f57572","388c5fa0-d6b8-4fc5-b108-e7141ce49425","Application","SCCMServerApp-CB1","True","3992590e-6f9b-4aa1-aa9f-d7717c111b07"
"0bd8b289-3fb9-449f-a72d-80de6e11c10c","68bc31c0-f891-4f4c-9309-c6104f7be41b","Application","Azure AD Assessment","True","72f988bf-86f1-41af-91ab-2d7cd011db47"
"0ca0e796-5d24-40fb-bbdd-088cd195f50e","b40c5461-8421-49de-97b8-b82f4467c611","Application","MVP Summit","True","72f988bf-86f1-41af-91ab-2d7cd011db47"
"0d9cdc32-8bee-4977-af64-90620378d3b0","b98fe4a3-5939-4676-94d3-0f6ce289e00a","Application","MEM-Reporting","True","3992590e-6f9b-4aa1-aa9f-d7717c111b07"
"1176e1a8-4f9a-40f5-b128-72335adc0478","797f4846-ba00-4fd7-ba43-dac1f8f63013","Application","Windows Azure Service Management API","True","f8cdef31-a31e-4b4a-93e4-5f571e91255a"
"12452c27-ad99-47b5-be03-f11b19956337","517eb379-e01a-4aab-a409-1a27c6d2a91e","Application","SCCMServerApp-CB1","True","3992590e-6f9b-4aa1-aa9f-d7717c111b07"
"168b42a2-6985-4c1f-a66d-2836e291a526","52c551f3-dfa2-4969-9fa9-617ebabccdf1","Application","MonitorCAPolicies","True","3992590e-6f9b-4aa1-aa9f-d7717c111b07"
"1a467285-a090-43e3-bf55-6c005e06318a","b70724a1-24b3-417b-8026-1d9c2b0539ea","Application","ServerApp-CB1","True","3992590e-6f9b-4aa1-aa9f-d7717c111b07"
"2112f3ab-3e71-4e1e-9d3a-3bb2d296fb21","6fbfed8d-8d09-4eb6-a71f-303fa8a9651b","ManagedIdentity","fattyasswar","True",
"21eb73d9-976b-4d42-9daa-6d0477e4b743","8dfd7de0-3e13-4729-9290-a19f0a3fd88b","Application","SCCMClientAppVM","True","3992590e-6f9b-4aa1-aa9f-d7717c111b07"
"23a23a70-9333-46dc-8ff6-32229bee57c1","85009094-6fe2-4f6a-8827-6e894f191ded","Application","CMCB-ClientApp","True","3992590e-6f9b-4aa1-aa9f-d7717c111b07"
"23bd7b99-148c-4fab-9d7c-35aa4e2f3560","a14e03cd-91f0-4747-b6dc-64f7d8d23571","Application","ConfigMgrSvc_b6967224-b42a-4a41-8bd8-6f47438ebbe3","True","3992590e-6f9b-4aa1-aa9f-d7717c111b07"
"247d9b2a-df2e-48a2-8b1d-e997a3095cb7","de8bc8b5-d9f9-48b1-a8ad-b748da725064","Application","Graph explorer","True","72f988bf-86f1-41af-91ab-2d7cd011db47"
"2749ed74-2a29-480f-aef0-490267920d6c","00000012-0000-0000-c000-000000000000","Application","Microsoft Rights Management Services","True","f8cdef31-a31e-4b4a-93e4-5f571e91255a"
"29b5fcfd-2e85-4c44-a01a-d06951f0305f","268d804e-5aeb-488c-8992-d5e4bc8ed27b","Application","ConfigMgr Desktop Analytics","True","3992590e-6f9b-4aa1-aa9f-d7717c111b07"
"2cd2592c-b467-45f0-bc8d-ac21e6565b63","00000009-0000-0000-c000-000000000000","Application","Power BI Service","True","f8cdef31-a31e-4b4a-93e4-5f571e91255a"
"3167ece0-7143-42a1-ad48-9fd8e3093639","00000002-0000-0000-c000-000000000000","Application","Windows Azure Active Directory","True","f8cdef31-a31e-4b4a-93e4-5f571e91255a"
"321d561b-7425-4de7-a5b1-afad852f65d5","7df479b7-0467-4b13-9da1-e231d1d2b793","Application","HP MEM Connector Services","True","ca7981a2-785a-463d-b82a-3db87dfc3ce6"
"37fcac0f-bccb-4657-bc46-86dc1ddf20f5","4911ac0c-824b-4e19-8dcf-3811e77b5e7b","Application","SCCMAdminApp-CB1","True","3992590e-6f9b-4aa1-aa9f-d7717c111b07"
"3b21b848-37e6-44af-b759-5aba95eff618","9dcce69a-5eb7-46e2-a410-3e7ad2c7beb7","Application","CMTP Web App","True","3992590e-6f9b-4aa1-aa9f-d7717c111b07"
"3ea2ed65-ce42-4bf5-8e2c-697a489d4e7c","33aae7ad-a38f-4afb-b9d5-51f18c2703c8","Application","ConfigMgrSvc_81acdef9-1ea4-4f7e-ad67-ba0a5b5f941a","True","3992590e-6f9b-4aa1-aa9f-d7717c111b07"
"4531cd70-c154-409f-adcb-bc71d3d880eb","3d3b3c7a-c57e-4c79-8a41-bb55d7ff35ae","Application","Universal Print Onboarding","True","72f988bf-86f1-41af-91ab-2d7cd011db47"
"456070e6-ad95-4fdd-bf2c-9da346c7ce7a","00000003-0000-0ff1-ce00-000000000000","Application","Office 365 SharePoint Online","True","f8cdef31-a31e-4b4a-93e4-5f571e91255a"
"4566f55c-0a8f-4464-8e61-688d174f5267","cf90ab8f-8091-4c2d-b6a9-0b89a3312382","Application","Adobe Acrobat Reader for PDF","True","fa7b1b5a-7b34-4387-94ae-d2c178decee1"
"494dbf99-29a0-497e-beac-dacc98f40c57","77e1c051-e196-42ba-85bd-0f07787966a6","Application","SCCMWebappPKI","True","3992590e-6f9b-4aa1-aa9f-d7717c111b07"
"4a0f16ae-557d-42b5-b4fe-a6562f9235a9","475226c6-020e-4fb2-8a90-7a972cbfc1d4","Application","PowerApps Service","True","f8cdef31-a31e-4b4a-93e4-5f571e91255a"
"502e2fe6-102e-42d1-b498-72a76d32dc67","588250ea-f71b-4454-9623-f149c870fb98","Application","CMTP-ClientApp","True","3992590e-6f9b-4aa1-aa9f-d7717c111b07"
"52cb9dd7-ae83-460a-9055-d21ec527919e","eebb791c-f8c8-4021-8579-f60f923ddada","Application","ConfigMgrSvc_2411ad74-3de5-4e94-979f-a36d454d3286","True","3992590e-6f9b-4aa1-aa9f-d7717c111b07"
"58ab076f-15e1-4339-a615-78af49df04ea","557c67cf-c916-4293-8373-d584996f60ae","Application","Configuration Manager Microservice","True","f8cdef31-a31e-4b4a-93e4-5f571e91255a"
"5d9bd860-af4b-42e9-be5d-01c22860a264","1736cdcf-248b-4703-a8db-d98b44de275d","Application","AdminDroid Service Application","True","3992590e-6f9b-4aa1-aa9f-d7717c111b07"
"66e05c73-8df4-4a52-848a-72203eaef6c3","c0fb1319-f427-48e6-b101-53e346165fcd","Application","AdminDroid Office 365 Reporter - Sign In","True","7228f07f-efee-4159-9393-be6efb253fd0"
"68ace5e6-14b2-411e-bd26-25b25ad4c677","cc15fd57-2c6c-4117-a88c-83b1d56b4bbe","Application","Microsoft Teams Services","True","f8cdef31-a31e-4b4a-93e4-5f571e91255a"
"6a226bb0-4e95-49b5-8c44-5b1e7ae9f767","359c5d43-ffaf-4bdf-b8a7-f59fb1b3ca3f","Application","Intune - API","True","3992590e-6f9b-4aa1-aa9f-d7717c111b07"
"70530289-fb06-4dce-beb6-d77853b44fb0","ab215202-ebbd-4917-86a4-222573465666","Application","SCCMMsfb","True","3992590e-6f9b-4aa1-aa9f-d7717c111b07"
"729928c1-030e-43fb-9620-2d8056fddd73","5a07a186-e221-46e6-987d-66f278ac6d0f","Application","ConfigMgrSvc_f21a15ca-b2c5-412e-8ca2-e0ad9b2094c3","True","3992590e-6f9b-4aa1-aa9f-d7717c111b07"
"75b59aa3-6edf-4511-b021-464991de60da","516e4bcb-86da-4cfe-92cb-435c1e8dbf71","Application","Nine for Office 365","True","04cb3f5c-4ca6-48d1-bac2-b6ad9ba82800"
"76599883-57d6-41f7-abb2-985889976241","b63292ad-68db-477b-bfe6-651ba37d8f07","Application","SCCMClient-CB1","True","3992590e-6f9b-4aa1-aa9f-d7717c111b07"
"78cbe513-5b9b-428f-a37f-e57faa7e5289","6ce0484b-2ae6-4458-b2b9-b3369f42fd6f","Application","idPowerToys","True","10407d69-1ba5-4bec-8ebe-9af2f0b9e06a"
"79229509-1381-4264-ada6-0ecbe408f435","00000003-0000-0000-c000-000000000000","Application","Microsoft Graph","True","f8cdef31-a31e-4b4a-93e4-5f571e91255a"
"7a92f230-6092-4f34-af89-4f7889df7a4f","3678c9e9-9681-447a-974d-d19f668fcd88","Application","Microsoft Tunnel Gateway","True","f8cdef31-a31e-4b4a-93e4-5f571e91255a"
"7b93fcc6-ebfa-43ae-962b-0e2bd3fcb3f5","60326dcb-406c-4c2b-87c1-d91f7914572c","Application","HP Connect for MEM","True","ca7981a2-785a-463d-b82a-3db87dfc3ce6"
"8c5ec7b8-6960-43d1-8ca7-927a621f5a94","00000014-0000-0000-c000-000000000000","Application","Microsoft.Azure.SyncFabric","True","f8cdef31-a31e-4b4a-93e4-5f571e91255a"
"915253a1-a448-4bd3-82e1-3f58b152a247","fe47ab09-38b5-4339-916d-7fb96656d3f8","Application","SCCMServerAppVM01","True","3992590e-6f9b-4aa1-aa9f-d7717c111b07"
"941a0a1d-6d89-49b0-ad86-b3e4a04ab311","dda27c27-f274-469f-8005-cce10f270009","Application","AADPasswordProtectionProxy","True","f8cdef31-a31e-4b4a-93e4-5f571e91255a"
"9457be2b-1634-4df4-869e-65448d887d2a","00000006-0000-0ff1-ce00-000000000000","Application","Microsoft Office 365 Portal","True","f8cdef31-a31e-4b4a-93e4-5f571e91255a"
"960d78d0-16fe-4c28-b356-3db8b23461a6","28bbeedb-a439-4b4f-8062-111b56e5135f","Application","CMTP Client App","True","3992590e-6f9b-4aa1-aa9f-d7717c111b07"
"9653e945-304d-48f8-98e2-daf86b274f6b","56d41d92-34d6-44ad-9b86-074aeeaa5c55","Application","SCCMWebapp-CB1","True","3992590e-6f9b-4aa1-aa9f-d7717c111b07"
"9a60ba81-7c3e-45cc-a222-b8a59dfd893b","04147409-c066-4a0c-964e-84b436365678","Application","Power BI Community","True","72f988bf-86f1-41af-91ab-2d7cd011db47"
"9e430361-3045-4111-be99-85bc23a5c207","14d82eec-204b-4c2f-b7e8-296a70dab67e","Application","Microsoft Graph PowerShell","True","72f988bf-86f1-41af-91ab-2d7cd011db47"
"9e767214-f845-4861-8805-48748f368fd6","d1ddf0e4-d672-4dae-b554-9d5bdfd93547","Application","Microsoft Intune PowerShell","True","72f988bf-86f1-41af-91ab-2d7cd011db47"
"9f7a93c5-f650-4b6e-8b38-03ff07749c75","ca7f3f0b-7d91-482c-8e09-c5d840d0eac5","Application","Log Analytics API","True","f8cdef31-a31e-4b4a-93e4-5f571e91255a"
"9fd5dec1-7e9b-454a-85e5-738192f7d133","00000007-0000-0000-c000-000000000000","Application","Dataverse","True","f8cdef31-a31e-4b4a-93e4-5f571e91255a"
"a435578f-972a-433d-bc87-9694939b4179","ec33ccf2-44c3-48fe-b730-3f8b3ea561fc","Application","AdminDroid Office 365 Reporter","True","7228f07f-efee-4159-9393-be6efb253fd0"
"a4cb3ce3-fdd3-4d74-9f01-6c8119d1d583","c999586d-3bb6-4858-9d08-8815d444bb54","Application","Adobe Acrobat Reader","True","55aa7ab7-a04b-4623-ba3b-04cda52e667f"
"a8182319-ff5b-4563-8baf-1795b927325e","dafd8110-a79e-4eb5-bdcf-be2136fdcee3","Application","Intune Certificate Connector","True","3992590e-6f9b-4aa1-aa9f-d7717c111b07"
"a998cbc4-a529-4fe5-81d6-d3f8cdda4822","c2b3bb2d-34bb-46d7-bc1f-94480c1345a0","Application","MALogAnalyticsReader","True","72f988bf-86f1-41af-91ab-2d7cd011db47"
"ac42916e-d81b-4a66-a2c8-2e98b4efb1d6","4d5b9c16-febe-4f16-8b80-60ab0334ca53","Application","On-premises MDM application","True","3992590e-6f9b-4aa1-aa9f-d7717c111b07"
"ac7247ef-5a6a-43ac-91b2-bfd1c919bcfb","1a8f46ad-7b5e-4256-927c-2c9c6271601a","Application","CMCBClientWebApp","True","3992590e-6f9b-4aa1-aa9f-d7717c111b07"
"acdf6cc0-aee8-48e9-8295-de6739e4a76d","71e60468-8fab-4d70-811f-93ed0bb47ba9","Application","ConfigMgr-MsfB01","True","3992590e-6f9b-4aa1-aa9f-d7717c111b07"
"ad651fe9-9bcd-4e8c-9e35-85edd8f5eca3","d781c564-dbde-4bfe-b86f-9c091492210c","Application","SCCMServerappPKI","True","3992590e-6f9b-4aa1-aa9f-d7717c111b07"
"aeca6be7-7a2e-4eac-b88d-08645c6166a9","c161e42e-d4df-4a3d-9b42-e7a3c31f59d4","Application","Microsoft Intune API","True","f8cdef31-a31e-4b4a-93e4-5f571e91255a"
"afa385dc-e42c-4846-96df-26ee79a28514","d7bf0042-a6be-495e-ac61-c45b1711e118","Application","PatchMyPC","True","3992590e-6f9b-4aa1-aa9f-d7717c111b07"
"b0a1a436-0eea-4a3e-ad42-ca5baa28dbb3","d4ebce55-015a-49b5-a083-c84d1797ae8c","Application","Microsoft Intune Enrollment","True","f8cdef31-a31e-4b4a-93e4-5f571e91255a"
"b569f90c-d958-4714-9660-b696721005a7","09213cdc-9f30-4e82-aa6f-9b6e8d82dab3","Application","MS Tech Comm","True","72f988bf-86f1-41af-91ab-2d7cd011db47"
"b8b47393-aab4-4a95-a84b-f2bfc5721b6c","b8456c59-1230-44c7-a4a2-99b085333e84","Application","Microsoft Pin Reset Service Production","True","72f988bf-86f1-41af-91ab-2d7cd011db47"
"c33dbeb0-59cf-43a5-bc31-d7af15bc9805","fe6aa35b-7da8-44fd-a44e-e2d4bafbdab5","Application","Modern Workplace Tools","True","72f988bf-86f1-41af-91ab-2d7cd011db47"
"c7c6484f-1440-4f67-ad34-860ef0471b12","04d7a777-856c-4e6d-a05a-c343dd0e6144","Application","ConfigMgrSvc_3fd8c0b9-f262-4444-a2bf-e71c29b8a01d","True","3992590e-6f9b-4aa1-aa9f-d7717c111b07"
"d12801ab-810b-4f0a-a887-b3094aceb26d","8b4ba9dd-3ea5-4e5f-86f1-ddba2230dcf2","Application","BlueMail","True","9e4c9d49-35ac-4066-a368-ad04ad551f90"
"d23609d7-d908-48fd-8cf5-2ddcb6a0611c","0000001a-0000-0000-c000-000000000000","Application","MicrosoftAzureActiveAuthn","True","f8cdef31-a31e-4b4a-93e4-5f571e91255a"
"d658e66a-c142-4777-882f-dbaffa1f7479","91336f93-7417-4902-a45c-761ea5e29c4a","Application","SCCMClientapp-CB1","True","3992590e-6f9b-4aa1-aa9f-d7717c111b07"
"dc289956-a794-411a-ada7-8f968cd84ce6","5d9fff84-5b34-4204-bc91-3aaf5f298c5d","Application","SharePointPnP.ProvisioningApp.Tenant","True","73da091f-a58d-405f-9015-9bd386425255"
"df5864c5-c654-4fae-8c9a-d2d0a5fb250f","0472b9ae-03ef-4cc3-92aa-0d164913358e","Application","CMCB-ServerApp","True","3992590e-6f9b-4aa1-aa9f-d7717c111b07"
"e0309dec-3650-4c1a-992b-d94f1e2087f2","65df6238-dca0-4057-a6a5-fbf7558e24f6","Application","DACMCB","True","3992590e-6f9b-4aa1-aa9f-d7717c111b07"
"e317206e-8761-4562-9af7-a1ac279c4f69","e0f6f66f-62c9-4f8a-bf4c-3289c75edafe","Application","CA API","True","3992590e-6f9b-4aa1-aa9f-d7717c111b07"
"e55a794a-bc67-4867-a298-b7c047ef54cf","e673db13-20e3-4ad7-ab8f-dc641704e7fb","Application","SCCMAdminClientApp-CB1","True","3992590e-6f9b-4aa1-aa9f-d7717c111b07"
"e6fc4f13-25ec-46fb-84fd-cb21a85888ae","553996d3-e2ca-4cfc-a4b1-2011ce46e25f","Application","CMCBNativeClient","True","3992590e-6f9b-4aa1-aa9f-d7717c111b07"
"e739f95d-e257-46d4-90a9-2438cd1d64f0","c5393580-f805-4401-95e8-94b7a6ef2fc2","Application","Office 365 Management APIs","True","f8cdef31-a31e-4b4a-93e4-5f571e91255a"
"ee1e17a2-1511-40ea-abad-219a2f3c9f53","207dc477-d52c-4b13-a9ef-6427dce99900","Application","StudentAmbassadors-API","True","72f988bf-86f1-41af-91ab-2d7cd011db47"
"f13d15ba-84ad-4a80-bfd4-7afa246570cd","7671699c-d7e0-4671-948b-98cc21dfdf80","Application","P2P Server","True","3992590e-6f9b-4aa1-aa9f-d7717c111b07"
"f3286eca-81aa-4662-90af-041694bf2a7d","5907c3e7-ce29-421b-be1f-7cc7bce71c84","Application","Dolby - Workday","True","3992590e-6f9b-4aa1-aa9f-d7717c111b07"
"f5fd0c81-c180-4925-81c5-f9a524693250","0000000a-0000-0000-c000-000000000000","Application","Microsoft.Intune","True","f8cdef31-a31e-4b4a-93e4-5f571e91255a"
"f7968a97-8fb0-4d37-934b-2cb79941d15a","00000002-0000-0ff1-ce00-000000000000","Application","Office 365 Exchange Online","True","f8cdef31-a31e-4b4a-93e4-5f571e91255a"
"f7f7fc92-8cc9-4433-bceb-299854a42f23","31359c7f-bd7e-475c-86db-fdb8c937548e","Application","PnP Management Shell","True","73da091f-a58d-405f-9015-9bd386425255"
