id,userPrincipalName,displayName,userType,accountEnabled,onPremisesSyncEnabled,onPremisesImmutableId,mail,otherMails,AADLicense,lastInteractiveSignInDateTime,lastNonInteractiveSignInDateTime,isMfaRegistered,isMfaCapable,methodsRegistered,defaultMfaMethod
"a9eb6ffb-b13a-4eef-bcda-999732aadfdc","Demo1@eskonr.com","Demo1","Member","True","True","True","Demo1@eskonr.com",,"AADP2","","","True","True","mobilePhone;microsoftAuthenticatorPush;softwareOneTimePasscode","microsoftAuthenticatorPush"
"5d2f4711-3e9a-4525-8800-695e25a84d41","Demo4@eskonr.com","Demo4","Member","True","True","True","demo4@eskonr.com",,"AADP2","","","False","False","",""
"1f5fc22d-1b95-4b43-888b-a548ba45669f","eswar.koneti@eskonr.com","Eswar Koneti","Member","True","True","True","eswar.koneti@eskonr.com",,"AADP2","","","True","True","mobilePhone;microsoftAuthenticatorPush;softwareOneTimePasscode","microsoftAuthenticatorPush"
"06563ae8-c6fc-4364-b4d2-e11fe23537e4","eswar@eskonr.com","Eswar Koneti","Member","True","False","False","eswar@eskonr.com","eswar.k.raju@hotmail.com","AADP2","","","True","True","windowsHelloForBusiness;mobilePhone;microsoftAuthenticatorPush;softwareOneTimePasscode","microsoftAuthenticatorPush"
"78e734ea-d048-4754-a90e-d6076f58d007","Demo6@eskonr.com","Demo6","Member","True","True","True","Demo6@koneti.onmicrosoft.com",,"None","","","False","False","",""
"21bcde07-4a1d-4db1-9528-e055944e42db","Sync_SG-DC01_9094756286af@koneti.onmicrosoft.com","On-Premises Directory Synchronization Service Account","Member","True","True","False",,,"None","","","False","False","",""
"73b00821-d59b-49fb-b7ba-e7c4e56b0525","alpesh@eskonr.com","Alpeshkumar Rajput","Member","True","False","False","alpesh@eskonr.com",,"AADP2","","","True","True","email;mobilePhone;fido2SecurityKey","mobilePhone"
"35857a70-d67c-42d5-ac58-2a35adb3d6b2","Vincent@eskonr.com","Vincent","Member","True","False","False",,,"None","","","False","False","",""
"02463e85-9b2d-40fc-b537-bca81bc19571","admin@eskonr.com","admin","Member","True","False","False","admin@eskonr.com",,"AADP2","","","True","True","mobilePhone","mobilePhone"
"bcba10d5-d226-4079-bea8-052aea4178e0","Robert@eskonr.com","Robert","Member","True","False","False","Robert@eskonr.com",,"None","","","False","False","",""
"943d158d-b03a-47ea-9f6d-53d3ffdc35ed","Demo2@eskonr.com","Demo2","Member","True","True","True","Demo2@eskonr.com",,"AADP2","","","True","True","mobilePhone;microsoftAuthenticatorPush;softwareOneTimePasscode","microsoftAuthenticatorPush"
