[{"id":"a98fd7a7-e3ed-470c-bd0f-020129e2103c","userPrincipalName":"AADConnect@eskonr.com","userDisplayName":"AADConnect","userType":"member","isAdmin":false,"isSsprRegistered":false,"isSsprEnabled":false,"isSsprCapable":false,"isMfaRegistered":false,"isMfaCapable":false,"isPasswordlessCapable":false,"methodsRegistered":[],"defaultMfaMethod":"none","isSystemPreferredAuthenticationMethodEnabled":false,"systemPreferredAuthenticationMethods":[],"userPreferredMethodForSecondaryAuthentication":"none","lastUpdatedDateTime":"2023-09-08T12:56:54.6605575Z"},{"id":"73b00821-d59b-49fb-b7ba-e7c4e56b0525","userPrincipalName":"alpesh@eskonr.com","userDisplayName":"Alpeshkumar Rajput","userType":"member","isAdmin":true,"isSsprRegistered":true,"isSsprEnabled":true,"isSsprCapable":true,"isMfaRegistered":true,"isMfaCapable":true,"isPasswordlessCapable":true,"methodsRegistered":["email","mobilePhone","fido2SecurityKey"],"defaultMfaMethod":"mobilePhone","isSystemPreferredAuthenticationMethodEnabled":false,"systemPreferredAuthenticationMethods":[],"userPreferredMethodForSecondaryAuthentication":"sms","lastUpdatedDateTime":"2023-09-08T12:56:54.6734309Z"},{"id":"6972b831-7a47-4572-8cd6-1fb2796df04b","userPrincipalName":"CMCB.CP@eskonr.com","userDisplayName":"CMCB CP","userType":"member","isAdmin":false,"isSsprRegistered":false,"isSsprEnabled":false,"isSsprCapable":false,"isMfaRegistered":false,"isMfaCapable":false,"isPasswordlessCapable":false,"methodsRegistered":[],"defaultMfaMethod":"none","isSystemPreferredAuthenticationMethodEnabled":false,"systemPreferredAuthenticationMethods":[],"userPreferredMethodForSecondaryAuthentication":"none","lastUpdatedDateTime":"2023-09-08T12:56:54.6640604Z"},{"id":"5c5985ef-99c7-43c7-a893-d8e21a86414d","userPrincipalName":"CMCB.DJ@eskonr.com","userDisplayName":"CMCB DJ","userType":"member","isAdmin":false,"isSsprRegistered":false,"isSsprEnabled":false,"isSsprCapable":false,"isMfaRegistered":false,"isMfaCapable":false,"isPasswordlessCapable":false,"methodsRegistered":[],"defaultMfaMethod":"none","isSystemPreferredAuthenticationMethodEnabled":false,"systemPreferredAuthenticationMethods":[],"userPreferredMethodForSecondaryAuthentication":"none","lastUpdatedDateTime":"2023-09-08T12:56:54.6624885Z"},{"id":"91f8ef71-dd82-45ef-9022-acd996a276cf","userPrincipalName":"CMCB.NAA@eskonr.com","userDisplayName":"CMCB NAA","userType":"member","isAdmin":false,"isSsprRegistered":false,"isSsprEnabled":false,"isSsprCapable":false,"isMfaRegistered":false,"isMfaCapable":false,"isPasswordlessCapable":false,"methodsRegistered":[],"defaultMfaMethod":"none","isSystemPreferredAuthenticationMethodEnabled":false,"systemPreferredAuthenticationMethods":[],"userPreferredMethodForSecondaryAuthentication":"none","lastUpdatedDateTime":"2023-09-08T12:56:54.6672772Z"},{"id":"5b0e8ff7-2996-4ee0-8830-e3b07030e1f2","userPrincipalName":"CMCB.SQL@eskonr.com","userDisplayName":"CMCB SQL","userType":"member","isAdmin":false,"isSsprRegistered":false,"isSsprEnabled":false,"isSsprCapable":false,"isMfaRegistered":false,"isMfaCapable":false,"isPasswordlessCapable":false,"methodsRegistered":[],"defaultMfaMethod":"none","isSystemPreferredAuthenticationMethodEnabled":false,"systemPreferredAuthenticationMethods":[],"userPreferredMethodForSecondaryAuthentication":"none","lastUpdatedDateTime":"2023-09-08T12:56:54.6753681Z"},{"id":"bfc7b485-54ce-43a3-86e4-6debeb07b1e9","userPrincipalName":"CMCB.SSRS@eskonr.com","userDisplayName":"CMCB SSRS","userType":"member","isAdmin":false,"isSsprRegistered":false,"isSsprEnabled":false,"isSsprCapable":false,"isMfaRegistered":false,"isMfaCapable":false,"isPasswordlessCapable":false,"methodsRegistered":[],"defaultMfaMethod":"none","isSystemPreferredAuthenticationMethodEnabled":false,"systemPreferredAuthenticationMethods":[],"userPreferredMethodForSecondaryAuthentication":"none","lastUpdatedDateTime":"2023-09-08T12:56:54.6784205Z"},{"id":"c4951286-6de5-424c-807e-7bb4d44cd53d","userPrincipalName":"dj@eskonr.com","userDisplayName":"DJ","userType":"member","isAdmin":false,"isSsprRegistered":false,"isSsprEnabled":false,"isSsprCapable":false,"isMfaRegistered":false,"isMfaCapable":false,"isPasswordlessCapable":false,"methodsRegistered":[],"defaultMfaMethod":"none","isSystemPreferredAuthenticationMethodEnabled":false,"systemPreferredAuthenticationMethods":[],"userPreferredMethodForSecondaryAuthentication":"none","lastUpdatedDateTime":"2023-09-08T12:56:54.664905Z"},{"id":"a9eb6ffb-b13a-4eef-bcda-999732aadfdc","userPrincipalName":"Demo1@eskonr.com","userDisplayName":"Demo1","userType":"member","isAdmin":false,"isSsprRegistered":false,"isSsprEnabled":false,"isSsprCapable":false,"isMfaRegistered":true,"isMfaCapable":true,"isPasswordlessCapable":false,"methodsRegistered":["mobilePhone","microsoftAuthenticatorPush","softwareOneTimePasscode"],"defaultMfaMethod":"microsoftAuthenticatorPush","isSystemPreferredAuthenticationMethodEnabled":false,"systemPreferredAuthenticationMethods":[],"userPreferredMethodForSecondaryAuthentication":"push","lastUpdatedDateTime":"2023-09-08T12:56:54.6578842Z"},{"id":"943d158d-b03a-47ea-9f6d-53d3ffdc35ed","userPrincipalName":"Demo2@eskonr.com","userDisplayName":"Demo2","userType":"member","isAdmin":false,"isSsprRegistered":false,"isSsprEnabled":false,"isSsprCapable":false,"isMfaRegistered":true,"isMfaCapable":true,"isPasswordlessCapable":false,"methodsRegistered":["mobilePhone","microsoftAuthenticatorPush","softwareOneTimePasscode"],"defaultMfaMethod":"microsoftAuthenticatorPush","isSystemPreferredAuthenticationMethodEnabled":false,"systemPreferredAuthenticationMethods":[],"userPreferredMethodForSecondaryAuthentication":"push","lastUpdatedDateTime":"2023-09-08T12:56:54.6664305Z"},{"id":"c0e7f4f7-f847-480d-b277-23571f75a879","userPrincipalName":"Demo3@eskonr.com","userDisplayName":"Demo3","userType":"member","isAdmin":false,"isSsprRegistered":false,"isSsprEnabled":false,"isSsprCapable":false,"isMfaRegistered":false,"isMfaCapable":false,"isPasswordlessCapable":false,"methodsRegistered":[],"defaultMfaMethod":"none","isSystemPreferredAuthenticationMethodEnabled":false,"systemPreferredAuthenticationMethods":[],"userPreferredMethodForSecondaryAuthentication":"none","lastUpdatedDateTime":"2023-09-08T12:56:54.6774498Z"},{"id":"5d2f4711-3e9a-4525-8800-695e25a84d41","userPrincipalName":"Demo4@eskonr.com","userDisplayName":"Demo4","userType":"member","isAdmin":false,"isSsprRegistered":false,"isSsprEnabled":false,"isSsprCapable":false,"isMfaRegistered":false,"isMfaCapable":false,"isPasswordlessCapable":false,"methodsRegistered":[],"defaultMfaMethod":"none","isSystemPreferredAuthenticationMethodEnabled":false,"systemPreferredAuthenticationMethods":[],"userPreferredMethodForSecondaryAuthentication":"none","lastUpdatedDateTime":"2023-09-08T12:56:54.6720798Z"},{"id":"1c73761d-d001-499b-b54c-bddac25e7b30","userPrincipalName":"Demo5@eskonr.com","userDisplayName":"Demo5","userType":"member","isAdmin":false,"isSsprRegistered":false,"isSsprEnabled":false,"isSsprCapable":false,"isMfaRegistered":false,"isMfaCapable":false,"isPasswordlessCapable":false,"methodsRegistered":[],"defaultMfaMethod":"none","isSystemPreferredAuthenticationMethodEnabled":false,"systemPreferredAuthenticationMethods":[],"userPreferredMethodForSecondaryAuthentication":"none","lastUpdatedDateTime":"2023-09-08T12:56:54.6763339Z"},{"id":"78e734ea-d048-4754-a90e-d6076f58d007","userPrincipalName":"Demo6@eskonr.com","userDisplayName":"Demo6","userType":"member","isAdmin":false,"isSsprRegistered":false,"isSsprEnabled":false,"isSsprCapable":false,"isMfaRegistered":false,"isMfaCapable":false,"isPasswordlessCapable":false,"methodsRegistered":[],"defaultMfaMethod":"none","isSystemPreferredAuthenticationMethodEnabled":false,"systemPreferredAuthenticationMethods":[],"userPreferredMethodForSecondaryAuthentication":"none","lastUpdatedDateTime":"2023-09-08T12:56:54.6792212Z"},{"id":"6c300e6d-b53f-4cac-a9b2-81f0113e8db7","userPrincipalName":"Demo7@eskonr.com","userDisplayName":"Demo7","userType":"member","isAdmin":false,"isSsprRegistered":false,"isSsprEnabled":false,"isSsprCapable":false,"isMfaRegistered":false,"isMfaCapable":false,"isPasswordlessCapable":false,"methodsRegistered":[],"defaultMfaMethod":"none","isSystemPreferredAuthenticationMethodEnabled":false,"systemPreferredAuthenticationMethods":[],"userPreferredMethodForSecondaryAuthentication":"none","lastUpdatedDateTime":"2023-09-08T12:56:54.656253Z"},{"id":"64e32d9b-5b25-4aac-a5a1-6ac137ba6725","userPrincipalName":"Dummy01@koneti.onmicrosoft.com","userDisplayName":"Dummy01","userType":"member","isAdmin":false,"isSsprRegistered":false,"isSsprEnabled":false,"isSsprCapable":false,"isMfaRegistered":false,"isMfaCapable":false,"isPasswordlessCapable":false,"methodsRegistered":[],"defaultMfaMethod":"none","isSystemPreferredAuthenticationMethodEnabled":false,"systemPreferredAuthenticationMethods":[],"userPreferredMethodForSecondaryAuthentication":"none","lastUpdatedDateTime":"2023-09-08T12:56:54.6609578Z"},{"id":"06563ae8-c6fc-4364-b4d2-e11fe23537e4","userPrincipalName":"eswar@eskonr.com","userDisplayName":"Eswar Koneti","userType":"member","isAdmin":true,"isSsprRegistered":true,"isSsprEnabled":true,"isSsprCapable":true,"isMfaRegistered":true,"isMfaCapable":true,"isPasswordlessCapable":true,"methodsRegistered":["windowsHelloForBusiness","mobilePhone","microsoftAuthenticatorPush","softwareOneTimePasscode"],"defaultMfaMethod":"microsoftAuthenticatorPush","isSystemPreferredAuthenticationMethodEnabled":false,"systemPreferredAuthenticationMethods":[],"userPreferredMethodForSecondaryAuthentication":"push","lastUpdatedDateTime":"2023-09-08T12:56:54.6804526Z"},{"id":"1f5fc22d-1b95-4b43-888b-a548ba45669f","userPrincipalName":"eswar.koneti@eskonr.com","userDisplayName":"Eswar Koneti","userType":"member","isAdmin":false,"isSsprRegistered":false,"isSsprEnabled":false,"isSsprCapable":false,"isMfaRegistered":true,"isMfaCapable":true,"isPasswordlessCapable":false,"methodsRegistered":["mobilePhone","microsoftAuthenticatorPush","softwareOneTimePasscode"],"defaultMfaMethod":"microsoftAuthenticatorPush","isSystemPreferredAuthenticationMethodEnabled":false,"systemPreferredAuthenticationMethods":[],"userPreferredMethodForSecondaryAuthentication":"push","lastUpdatedDateTime":"2023-09-08T12:56:54.6560488Z"},{"id":"21bcde07-4a1d-4db1-9528-e055944e42db","userPrincipalName":"Sync_SG-DC01_9094756286af@koneti.onmicrosoft.com","userDisplayName":"On-Premises Directory Synchronization Service Account","userType":"member","isAdmin":false,"isSsprRegistered":false,"isSsprEnabled":false,"isSsprCapable":false,"isMfaRegistered":false,"isMfaCapable":false,"isPasswordlessCapable":false,"methodsRegistered":[],"defaultMfaMethod":"none","isSystemPreferredAuthenticationMethodEnabled":false,"systemPreferredAuthenticationMethods":[],"userPreferredMethodForSecondaryAuthentication":"none","lastUpdatedDateTime":"2023-09-08T12:56:54.6587027Z"},{"id":"23b5a5df-2820-48c4-b1f2-46d34934ba7c","userPrincipalName":"prasad@eskonr.com","userDisplayName":"Prasad Kudalkar","userType":"member","isAdmin":false,"isSsprRegistered":false,"isSsprEnabled":false,"isSsprCapable":false,"isMfaRegistered":false,"isMfaCapable":false,"isPasswordlessCapable":false,"methodsRegistered":[],"defaultMfaMethod":"none","isSystemPreferredAuthenticationMethodEnabled":false,"systemPreferredAuthenticationMethods":[],"userPreferredMethodForSecondaryAuthentication":"none","lastUpdatedDateTime":"2023-09-08T12:56:54.6700302Z"},{"id":"bcba10d5-d226-4079-bea8-052aea4178e0","userPrincipalName":"Robert@eskonr.com","userDisplayName":"Robert","userType":"member","isAdmin":false,"isSsprRegistered":false,"isSsprEnabled":false,"isSsprCapable":false,"isMfaRegistered":false,"isMfaCapable":false,"isPasswordlessCapable":false,"methodsRegistered":[],"defaultMfaMethod":"none","isSystemPreferredAuthenticationMethodEnabled":false,"systemPreferredAuthenticationMethods":[],"userPreferredMethodForSecondaryAuthentication":"none","lastUpdatedDateTime":"2023-09-08T12:56:54.6743228Z"},{"id":"f509e72a-ef93-446d-8cac-289fb701eada","userPrincipalName":"SG-Room1@eskonr.com","userDisplayName":"SG-Room1","userType":"member","isAdmin":false,"isSsprRegistered":false,"isSsprEnabled":false,"isSsprCapable":false,"isMfaRegistered":false,"isMfaCapable":false,"isPasswordlessCapable":false,"methodsRegistered":[],"defaultMfaMethod":"none","isSystemPreferredAuthenticationMethodEnabled":false,"systemPreferredAuthenticationMethods":[],"userPreferredMethodForSecondaryAuthentication":"none","lastUpdatedDateTime":"2023-09-08T12:56:54.6772244Z"},{"id":"40c92742-4c9d-48e6-bac7-b42ac4ea8546","userPrincipalName":"sgdahrm1@eskonr.com","userDisplayName":"SG_DAH_Test_Room01","userType":"member","isAdmin":false,"isSsprRegistered":false,"isSsprEnabled":false,"isSsprCapable":false,"isMfaRegistered":false,"isMfaCapable":false,"isPasswordlessCapable":false,"methodsRegistered":[],"defaultMfaMethod":"none","isSystemPreferredAuthenticationMethodEnabled":false,"systemPreferredAuthenticationMethods":[],"userPreferredMethodForSecondaryAuthentication":"none","lastUpdatedDateTime":"2023-09-08T12:56:54.6680085Z"},{"id":"b1eccc7b-a289-4e96-9e4d-6dbbc8a7645e","userPrincipalName":"support@eskonr.com","userDisplayName":"Support","userType":"member","isAdmin":false,"isSsprRegistered":false,"isSsprEnabled":false,"isSsprCapable":false,"isMfaRegistered":false,"isMfaCapable":false,"isPasswordlessCapable":false,"methodsRegistered":[],"defaultMfaMethod":"none","isSystemPreferredAuthenticationMethodEnabled":false,"systemPreferredAuthenticationMethods":[],"userPreferredMethodForSecondaryAuthentication":"none","lastUpdatedDateTime":"2023-09-08T12:56:54.655426Z"},{"id":"35857a70-d67c-42d5-ac58-2a35adb3d6b2","userPrincipalName":"Vincent@eskonr.com","userDisplayName":"Vincent","userType":"member","isAdmin":true,"isSsprRegistered":true,"isSsprEnabled":true,"isSsprCapable":true,"isMfaRegistered":false,"isMfaCapable":false,"isPasswordlessCapable":false,"methodsRegistered":[],"defaultMfaMethod":"none","isSystemPreferredAuthenticationMethodEnabled":false,"systemPreferredAuthenticationMethods":[],"userPreferredMethodForSecondaryAuthentication":"none","lastUpdatedDateTime":"2023-09-08T12:56:54.6811441Z"},{"id":"02463e85-9b2d-40fc-b537-bca81bc19571","userPrincipalName":"admin@eskonr.com","userDisplayName":"admin","userType":"member","isAdmin":false,"isSsprRegistered":false,"isSsprEnabled":false,"isSsprCapable":false,"isMfaRegistered":true,"isMfaCapable":true,"isPasswordlessCapable":false,"methodsRegistered":["mobilePhone"],"defaultMfaMethod":"mobilePhone","isSystemPreferredAuthenticationMethodEnabled":false,"systemPreferredAuthenticationMethods":[],"userPreferredMethodForSecondaryAuthentication":"sms","lastUpdatedDateTime":"2023-09-08T12:56:54.6616287Z"},{"id":"e06fe011-1e37-4ae1-a1c9-76427318dd3d","userPrincipalName":"eswar.koneti_prudential.com.sg#EXT#@koneti.onmicrosoft.com","userDisplayName":"eswar.koneti","userType":"guest","isAdmin":false,"isSsprRegistered":false,"isSsprEnabled":false,"isSsprCapable":false,"isMfaRegistered":false,"isMfaCapable":false,"isPasswordlessCapable":false,"methodsRegistered":[],"defaultMfaMethod":"none","isSystemPreferredAuthenticationMethodEnabled":false,"systemPreferredAuthenticationMethods":[],"userPreferredMethodForSecondaryAuthentication":"none","lastUpdatedDateTime":"2023-09-08T12:56:54.6758825Z"},{"id":"ff17e1f9-b314-4742-99cd-1565bc8ad224","userPrincipalName":"shared@eskonr.com","userDisplayName":"shared","userType":"member","isAdmin":false,"isSsprRegistered":false,"isSsprEnabled":false,"isSsprCapable":false,"isMfaRegistered":true,"isMfaCapable":true,"isPasswordlessCapable":false,"methodsRegistered":["microsoftAuthenticatorPush","softwareOneTimePasscode"],"defaultMfaMethod":"microsoftAuthenticatorPush","isSystemPreferredAuthenticationMethodEnabled":false,"systemPreferredAuthenticationMethods":[],"userPreferredMethodForSecondaryAuthentication":"push","lastUpdatedDateTime":"2023-09-08T12:56:54.6576515Z"},{"id":"76c1ea08-c730-4091-bb1f-28d18a6884ef","userPrincipalName":"svc_vmstartstop@eskonr.com","userDisplayName":"svc vmstartstop","userType":"member","isAdmin":false,"isSsprRegistered":false,"isSsprEnabled":false,"isSsprCapable":false,"isMfaRegistered":false,"isMfaCapable":false,"isPasswordlessCapable":false,"methodsRegistered":[],"defaultMfaMethod":"none","isSystemPreferredAuthenticationMethodEnabled":false,"systemPreferredAuthenticationMethods":[],"userPreferredMethodForSecondaryAuthentication":"none","lastUpdatedDateTime":"2023-09-08T12:56:54.6689948Z"},{"id":"e7b8c494-1c99-49f7-92c3-f0cb60da7cc1","userPrincipalName":"svc-vmstartstop@eskonr.com","userDisplayName":"svc-vmstartstop","userType":"member","isAdmin":false,"isSsprRegistered":false,"isSsprEnabled":false,"isSsprCapable":false,"isMfaRegistered":false,"isMfaCapable":false,"isPasswordlessCapable":false,"methodsRegistered":[],"defaultMfaMethod":"none","isSystemPreferredAuthenticationMethodEnabled":false,"systemPreferredAuthenticationMethods":[],"userPreferredMethodForSecondaryAuthentication":"none","lastUpdatedDateTime":"2023-09-08T12:56:54.6782846Z"},{"id":"d6f79cdd-dcdb-48b1-ac91-f0604597ade2","userPrincipalName":"svc_DA@koneti.onmicrosoft.com","userDisplayName":"svc_DA","userType":"member","isAdmin":false,"isSsprRegistered":false,"isSsprEnabled":false,"isSsprCapable":false,"isMfaRegistered":false,"isMfaCapable":false,"isPasswordlessCapable":false,"methodsRegistered":[],"defaultMfaMethod":"none","isSystemPreferredAuthenticationMethodEnabled":false,"systemPreferredAuthenticationMethods":[],"userPreferredMethodForSecondaryAuthentication":"none","lastUpdatedDateTime":"2023-09-08T12:56:54.6632642Z"},{"id":"da324bfb-e916-48a6-9e18-7736365bc859","userPrincipalName":"svc_ndes@eskonr.com","userDisplayName":"svc_ndes","userType":"member","isAdmin":false,"isSsprRegistered":false,"isSsprEnabled":false,"isSsprCapable":false,"isMfaRegistered":false,"isMfaCapable":false,"isPasswordlessCapable":false,"methodsRegistered":[],"defaultMfaMethod":"none","isSystemPreferredAuthenticationMethodEnabled":false,"systemPreferredAuthenticationMethods":[],"userPreferredMethodForSecondaryAuthentication":"none","lastUpdatedDateTime":"2023-09-08T12:56:54.671023Z"},{"id":"39d0ecf6-5bce-4ca8-9e46-7399e4b1b175","userPrincipalName":"test1@eskonr.com","userDisplayName":"test1","userType":"member","isAdmin":false,"isSsprRegistered":false,"isSsprEnabled":false,"isSsprCapable":false,"isMfaRegistered":false,"isMfaCapable":false,"isPasswordlessCapable":false,"methodsRegistered":[],"defaultMfaMethod":"none","isSystemPreferredAuthenticationMethodEnabled":false,"systemPreferredAuthenticationMethods":[],"userPreferredMethodForSecondaryAuthentication":"none","lastUpdatedDateTime":"2023-09-08T12:56:54.6596844Z"}]