{
  "WorkItem": {
    "AffectedComponent": {
      "Name": "",
      "DisplayName": ""
    },
    "ClosedComment": "",
    "ClosedDate": "2011-11-15T14:21:29.46-08:00",
    "CommentCount": 0,
    "Custom": null,
    "Description": "Implement an interface to provide list of management points that are used by ccmsetup.exe /MP parameter. This allows installing clients over BITS.",
    "LastUpdatedDate": "2013-05-16T04:24:55.693-07:00",
    "PlannedForRelease": "SCCM Client Actions Tool v0.8",
    "ReleaseVisibleToPublic": true,
    "Priority": {
      "Name": "Medium",
      "Severity": 100,
      "Id": 2
    },
    "ProjectName": "sccmcat",
    "ReportedDate": "2011-10-12T23:20:20.44-07:00",
    "Status": {
      "Name": "Closed",
      "Id": 4
    },
    "ReasonClosed": {
      "Name": "Unassigned"
    },
    "Summary": "Add support for using management point sources when installing clients",
    "Type": {
      "Name": "Feature",
      "Id": 1
    },
    "VoteCount": 2,
    "Id": 631
  },
  "FileAttachments": [],
  "Comments": []
}