{
  "WorkItem": {
    "AffectedComponent": {
      "Name": "",
      "DisplayName": ""
    },
    "ClosedComment": "",
    "ClosedDate": "2011-11-15T14:21:32.587-08:00",
    "CommentCount": 0,
    "Custom": null,
    "Description": "In \"Other Actions\" it would be great to be able to see the computer's OU or DN.",
    "LastUpdatedDate": "2013-05-16T04:24:56.837-07:00",
    "PlannedForRelease": "SCCM Client Actions Tool v0.7.1",
    "ReleaseVisibleToPublic": true,
    "Priority": {
      "Name": "Medium",
      "Severity": 100,
      "Id": 2
    },
    "ProjectName": "sccmcat",
    "ReportedDate": "2011-09-08T03:16:50.43-07:00",
    "Status": {
      "Name": "Closed",
      "Id": 4
    },
    "ReasonClosed": {
      "Name": "Unassigned"
    },
    "Summary": "Get computer OU",
    "Type": {
      "Name": "Feature",
      "Id": 1
    },
    "VoteCount": 1,
    "Id": 548
  },
  "FileAttachments": [],
  "Comments": []
}