{
  "WorkItem": {
    "AffectedComponent": {
      "Name": "",
      "DisplayName": ""
    },
    "ClosedComment": "",
    "ClosedDate": "2011-11-15T14:21:30.553-08:00",
    "CommentCount": 0,
    "Custom": null,
    "Description": "When running SCCM CAT on Windows Server terminal services session and using integrated authentication, the account name that is shown in top right corner may be of some other session.",
    "LastUpdatedDate": "2013-05-16T04:24:55.25-07:00",
    "PlannedForRelease": "SCCM Client Actions Tool v0.8",
    "ReleaseVisibleToPublic": true,
    "Priority": {
      "Name": "Low",
      "Severity": 50,
      "Id": 1
    },
    "ProjectName": "sccmcat",
    "ReportedDate": "2011-10-20T03:42:55.14-07:00",
    "Status": {
      "Name": "Closed",
      "Id": 4
    },
    "ReasonClosed": {
      "Name": "Unassigned"
    },
    "Summary": "Incorrect account name is shown when running on terminal services",
    "Type": {
      "Name": "Issue",
      "Id": 3
    },
    "VoteCount": 1,
    "Id": 660
  },
  "FileAttachments": [],
  "Comments": []
}