{
  "WorkItem": {
    "AffectedComponent": {
      "Name": "",
      "DisplayName": ""
    },
    "ClosedComment": "Added &#34;Re-register ATL.DLL&#34; action in v0.6.",
    "ClosedDate": "2011-08-22T05:52:27.727-07:00",
    "CommentCount": 0,
    "Custom": null,
    "Description": "Within one of the health check is it possible to re-register the atl.dll? Doing this on workstations where the service is failing to install with a \"VAppRegHandler.dll\" error was corrected by re-registering this dll. \nhttp://social.technet.microsoft.com/Forums/en-US/configmgrgeneral/thread/252a063f-f380-4289-bbd3-2f55a77b6fa9\n \nRegards,\n \nBen",
    "LastUpdatedDate": "2013-05-16T04:24:58.41-07:00",
    "PlannedForRelease": "",
    "ReleaseVisibleToPublic": false,
    "Priority": {
      "Name": "Low",
      "Severity": 50,
      "Id": 1
    },
    "ProjectName": "sccmcat",
    "ReportedDate": "2011-07-11T23:20:25.293-07:00",
    "Status": {
      "Name": "Closed",
      "Id": 4
    },
    "ReasonClosed": {
      "Name": "Unassigned"
    },
    "Summary": "Add re-registering VAppRegHandler.dll option to health checks",
    "Type": {
      "Name": "Feature",
      "Id": 1
    },
    "VoteCount": 1,
    "Id": 427
  },
  "FileAttachments": [],
  "Comments": []
}