{
  "WorkItem": {
    "AffectedComponent": {
      "Name": "",
      "DisplayName": ""
    },
    "ClosedComment": "",
    "ClosedDate": null,
    "CommentCount": 0,
    "Custom": null,
    "Description": "When running a healthcheck and some of the target computers are reachable on network, but WMI can not be connected, these computers are not considered as unhealthy and therefore are not added to \"unhealthy computers\" list.",
    "LastUpdatedDate": "2013-06-14T00:29:27.593-07:00",
    "PlannedForRelease": "SCCM Client Actions Tool v1.0",
    "ReleaseVisibleToPublic": true,
    "Priority": {
      "Name": "High",
      "Severity": 150,
      "Id": 3
    },
    "ProjectName": "sccmcat",
    "ReportedDate": "2011-12-02T02:21:19.51-08:00",
    "Status": {
      "Name": "Resolved",
      "Id": 7
    },
    "ReasonClosed": {
      "Name": "Unassigned"
    },
    "Summary": "Consider computers with WMI connectivity issues as unhealthy",
    "Type": {
      "Name": "Issue",
      "Id": 3
    },
    "VoteCount": 1,
    "Id": 714
  },
  "FileAttachments": [],
  "Comments": []
}