{
  "WorkItem": {
    "AffectedComponent": {
      "Name": "",
      "DisplayName": ""
    },
    "ClosedComment": "This issue needs more technical details. The mentioned error message is shown if WMI query doesn&#39;t return more than 0 members of a specified collection.",
    "ClosedDate": "2011-10-12T00:26:28.89-07:00",
    "CommentCount": 0,
    "Custom": null,
    "Description": "Specify correct collection ID, click Load, enter site server name at prompt and get error \"Collection ****** doesn't exist or does not contain any resources\".  Verified Collection ID and resources (20+ systems).  Is there some connection that is not happening?  I have tried different admin credentials.",
    "LastUpdatedDate": "2013-05-16T04:24:56.67-07:00",
    "PlannedForRelease": "",
    "ReleaseVisibleToPublic": false,
    "Priority": {
      "Name": "Low",
      "Severity": 50,
      "Id": 1
    },
    "ProjectName": "sccmcat",
    "ReportedDate": "2011-09-12T16:14:25.603-07:00",
    "Status": {
      "Name": "Closed",
      "Id": 4
    },
    "ReasonClosed": {
      "Name": "Unassigned"
    },
    "Summary": "Unable to Import Collection from SCCM",
    "Type": {
      "Name": "Issue",
      "Id": 3
    },
    "VoteCount": 1,
    "Id": 554
  },
  "FileAttachments": [],
  "Comments": [
    {
      "Message": "Importing will run this WMI query on site server: SELECT * FROM SMS_CollectionMember_a WHERE CollectionID = '*******'. The mentioned error message appears if this query returns less than 1 records.",
      "PostedDate": "2011-09-13T05:55:01.44-07:00",
      "Id": -2147483648
    },
    {
      "Message": "",
      "PostedDate": "2011-10-12T00:26:28.89-07:00",
      "Id": -2147483648
    },
    {
      "Message": "",
      "PostedDate": "2013-02-21T16:59:34.093-08:00",
      "Id": -2147483648
    },
    {
      "Message": "",
      "PostedDate": "2013-05-16T04:24:56.67-07:00",
      "Id": -2147483648
    }
  ]
}