[
  {
    "Id": 427,
    "Title": "Add re-registering VAppRegHandler.dll option to health checks"
  },
  {
    "Id": 428,
    "Title": "Add support for multiple alternate credentials"
  },
  {
    "Id": 429,
    "Title": "Active site server can't be changed without restarting the tool"
  },
  {
    "Id": 430,
    "Title": "Add possibility to use the list of only unhealthy clients after health check"
  },
  {
    "Id": 521,
    "Title": "TimeZone Bias having additional characters thrown in."
  },
  {
    "Id": 522,
    "Title": "Log File Name"
  },
  {
    "Id": 538,
    "Title": "Copy file action"
  },
  {
    "Id": 548,
    "Title": "Get computer OU"
  },
  {
    "Id": 554,
    "Title": "Unable to Import Collection from SCCM"
  },
  {
    "Id": 566,
    "Title": "Show last logged on user"
  },
  {
    "Id": 606,
    "Title": "Allow disabling ping test"
  },
  {
    "Id": 628,
    "Title": "Add support for multiple client source paths for ccmsetup.exe"
  },
  {
    "Id": 629,
    "Title": "Add \"Wake On LAN\" action"
  },
  {
    "Id": 631,
    "Title": "Add support for using management point sources when installing clients"
  },
  {
    "Id": 633,
    "Title": "GUI interface for configuring client installation parameters"
  },
  {
    "Id": 660,
    "Title": "Incorrect account name is shown when running on terminal services"
  },
  {
    "Id": 675,
    "Title": "Show advertisements action"
  },
  {
    "Id": 680,
    "Title": "Windows 7 Support?"
  },
  {
    "Id": 691,
    "Title": "Create CCR Files action"
  },
  {
    "Id": 693,
    "Title": "SCCM CAT Version Update Notification"
  },
  {
    "Id": 694,
    "Title": "Add actions to modify FSP and SLP host names remotely"
  },
  {
    "Id": 698,
    "Title": "Resizable logging window"
  },
  {
    "Id": 699,
    "Title": "Auto install SCCM agent when missing"
  },
  {
    "Id": 700,
    "Title": "Optionally allow suppressing an action if computer is in use"
  },
  {
    "Id": 701,
    "Title": "Add action to query reboot pending state on computers"
  },
  {
    "Id": 714,
    "Title": "Consider computers with WMI connectivity issues as unhealthy"
  },
  {
    "Id": 715,
    "Title": "Reset security settings action"
  },
  {
    "Id": 716,
    "Title": "Reset NTFS file permissions action"
  },
  {
    "Id": 728,
    "Title": "Query for WUA version"
  },
  {
    "Id": 729,
    "Title": "Save offline computers in a file"
  },
  {
    "Id": 730,
    "Title": "Query for current WSUS location"
  },
  {
    "Id": 741,
    "Title": "Unhealthy target list update prompt bug"
  },
  {
    "Id": 743,
    "Title": "Hard Code Site Server"
  },
  {
    "Id": 765,
    "Title": "Create menu bar"
  },
  {
    "Id": 788,
    "Title": "Get uptime action"
  },
  {
    "Id": 807,
    "Title": "Get local MP"
  },
  {
    "Id": 818,
    "Title": "fixwmi.bat missing"
  },
  {
    "Id": 819,
    "Title": "Add PATCH property support in client install configuration GUI"
  },
  {
    "Id": 824,
    "Title": "Check patch status"
  },
  {
    "Id": 825,
    "Title": "Off Line Computers File Excellent! Add List of On Line as well?"
  },
  {
    "Id": 826,
    "Title": "Perhaps a stop execution button?"
  },
  {
    "Id": 832,
    "Title": "Consider wuauserv manual startup healthy on Windows 7"
  },
  {
    "Id": 907,
    "Title": "Error openning HTA"
  },
  {
    "Id": 917,
    "Title": "Random stops"
  },
  {
    "Id": 955,
    "Title": "Looping ping and cmd processes in v1.1"
  },
  {
    "Id": 1023,
    "Title": "Problem uninstalling client agent"
  },
  {
    "Id": 1116,
    "Title": "Count files in the inboxes\\despooler.box\\receive folder"
  },
  {
    "Id": 1151,
    "Title": "error install SCCM client with client actiion tools"
  },
  {
    "Id": 1448,
    "Title": "additional funktion"
  },
  {
    "Id": 1577,
    "Title": "Is anyone familiar with \"EnableRemoteConnect\" message?"
  },
  {
    "Id": 1618,
    "Title": "Issues while running the ClientActiontool"
  },
  {
    "Id": 1674,
    "Title": "Ports Used by CAT"
  },
  {
    "Id": 1678,
    "Title": "Error Installing SCCM agent using Client Action Tools"
  }
]