[
  {
    "Title": "Home",
    "Id": "761465",
    "ParentWikiTitle": "Home",
    "FileExtension": "html",
    "UpdatedDate": "2013-08-08T05:16:48.78-07:00",
    "FileAttachments": [
      {
        "Id": "02f4d3c4-3b92-4d39-bebf-2dc1343e06e8",
        "FileName": "image_2.png",
        "DownloadUri": "./761465/02f4d3c4-3b92-4d39-bebf-2dc1343e06e8"
      },
      {
        "Id": "ae0d04c4-d43f-446d-b3eb-7ce1fa19c737",
        "FileName": "image_thumb.png",
        "DownloadUri": "./761465/ae0d04c4-d43f-446d-b3eb-7ce1fa19c737"
      },
      {
        "Id": "8dcbebac-b669-4e46-af60-f4ced67b1d32",
        "FileName": "image_4.png",
        "DownloadUri": "./761465/8dcbebac-b669-4e46-af60-f4ced67b1d32"
      },
      {
        "Id": "a5b091c3-8c99-47c8-b13c-cb87d9b3241c",
        "FileName": "image_thumb_1.png",
        "DownloadUri": "./761465/a5b091c3-8c99-47c8-b13c-cb87d9b3241c"
      },
      {
        "Id": "2b9fe58c-9cbc-421a-a06d-5588f83a317a",
        "FileName": "image_2.png",
        "DownloadUri": "./761465/2b9fe58c-9cbc-421a-a06d-5588f83a317a"
      },
      {
        "Id": "28b96c46-63bd-4d98-95dd-2bc5afbeec36",
        "FileName": "image_thumb.png",
        "DownloadUri": "./761465/28b96c46-63bd-4d98-95dd-2bc5afbeec36"
      },
      {
        "Id": "ef0bac36-8f95-4dc7-9842-cb4d58741d2b",
        "FileName": "image_4.png",
        "DownloadUri": "./761465/ef0bac36-8f95-4dc7-9842-cb4d58741d2b"
      },
      {
        "Id": "d1fd2b3a-693b-4bc8-8db1-9d5d100ec25d",
        "FileName": "image_thumb_1.png",
        "DownloadUri": "./761465/d1fd2b3a-693b-4bc8-8db1-9d5d100ec25d"
      },
      {
        "Id": "45cdeff8-869d-46e1-a535-f9d570ade7c5",
        "FileName": "image_2.png",
        "DownloadUri": "./761465/45cdeff8-869d-46e1-a535-f9d570ade7c5"
      },
      {
        "Id": "f7ac44cf-7075-4b5a-94f9-e6c1762763ff",
        "FileName": "image_thumb.png",
        "DownloadUri": "./761465/f7ac44cf-7075-4b5a-94f9-e6c1762763ff"
      }
    ]
  },
  {
    "Title": "Documentation",
    "Id": "539330",
    "ParentWikiTitle": "Documentation",
    "FileExtension": "html",
    "UpdatedDate": "2012-02-28T01:19:10.427-08:00",
    "FileAttachments": []
  },
  {
    "Title": "Query Update Status",
    "Id": "539327",
    "ParentWikiTitle": "Other Actions",
    "FileExtension": "html",
    "UpdatedDate": "2012-02-28T01:12:34.747-08:00",
    "FileAttachments": [
      {
        "Id": "b84e99ab-1f3a-411b-8770-e0c79a6ba142",
        "FileName": "image_2.png",
        "DownloadUri": "./539327/b84e99ab-1f3a-411b-8770-e0c79a6ba142"
      },
      {
        "Id": "51e30f9c-f27c-4607-8995-162c71515716",
        "FileName": "image_thumb.png",
        "DownloadUri": "./539327/51e30f9c-f27c-4607-8995-162c71515716"
      }
    ]
  },
  {
    "Title": "Other Actions",
    "Id": "539326",
    "ParentWikiTitle": "Documentation",
    "FileExtension": "html",
    "UpdatedDate": "2012-02-28T01:10:26.167-08:00",
    "FileAttachments": [
      {
        "Id": "348d088f-995e-4cf4-9edd-0be803fc1ea7",
        "FileName": "image_2.png",
        "DownloadUri": "./539326/348d088f-995e-4cf4-9edd-0be803fc1ea7"
      },
      {
        "Id": "47395c1e-0f1d-46ba-9738-a2b719e931d9",
        "FileName": "image_thumb.png",
        "DownloadUri": "./539326/47395c1e-0f1d-46ba-9738-a2b719e931d9"
      },
      {
        "Id": "727a4be9-49b0-4670-a8ac-f7f71efdee87",
        "FileName": "image_2.png",
        "DownloadUri": "./539326/727a4be9-49b0-4670-a8ac-f7f71efdee87"
      },
      {
        "Id": "e24163eb-adae-4626-963e-17d55671e55e",
        "FileName": "image_thumb.png",
        "DownloadUri": "./539326/e24163eb-adae-4626-963e-17d55671e55e"
      }
    ]
  },
  {
    "Title": "Copy a File",
    "Id": "539322",
    "ParentWikiTitle": "Other Actions",
    "FileExtension": "html",
    "UpdatedDate": "2012-02-28T00:46:33.403-08:00",
    "FileAttachments": [
      {
        "Id": "7f764a40-9480-4228-8842-54bc757ee6be",
        "FileName": "image_2.png",
        "DownloadUri": "./539322/7f764a40-9480-4228-8842-54bc757ee6be"
      },
      {
        "Id": "11dab990-612b-49c8-8b60-36dc81fa1d4e",
        "FileName": "image_thumb.png",
        "DownloadUri": "./539322/11dab990-612b-49c8-8b60-36dc81fa1d4e"
      },
      {
        "Id": "a842b664-6f61-4f72-bd83-d55581269eeb",
        "FileName": "image_4.png",
        "DownloadUri": "./539322/a842b664-6f61-4f72-bd83-d55581269eeb"
      },
      {
        "Id": "33888e17-f3b3-4a58-8270-3ee6c16372ab",
        "FileName": "image_thumb_1.png",
        "DownloadUri": "./539322/33888e17-f3b3-4a58-8270-3ee6c16372ab"
      },
      {
        "Id": "349bbd1c-12c3-4592-ba1d-debf06aa94fe",
        "FileName": "image_6.png",
        "DownloadUri": "./539322/349bbd1c-12c3-4592-ba1d-debf06aa94fe"
      },
      {
        "Id": "504d2cab-5b7e-4116-ba22-6d40892d47e1",
        "FileName": "image_thumb_2.png",
        "DownloadUri": "./539322/504d2cab-5b7e-4116-ba22-6d40892d47e1"
      },
      {
        "Id": "9255fd79-4f06-4a49-b43f-d49c6ca9f657",
        "FileName": "image_8.png",
        "DownloadUri": "./539322/9255fd79-4f06-4a49-b43f-d49c6ca9f657"
      },
      {
        "Id": "b4eabd7b-631d-49f3-ad5e-329ad597951c",
        "FileName": "image_thumb_3.png",
        "DownloadUri": "./539322/b4eabd7b-631d-49f3-ad5e-329ad597951c"
      }
    ]
  },
  {
    "Title": "Check Client Version",
    "Id": "539319",
    "ParentWikiTitle": "Client Health Actions",
    "FileExtension": "html",
    "UpdatedDate": "2012-02-28T00:36:21.153-08:00",
    "FileAttachments": [
      {
        "Id": "b9bf3c90-ecec-4a75-8b61-b3ba26035f39",
        "FileName": "image_2.png",
        "DownloadUri": "./539319/b9bf3c90-ecec-4a75-8b61-b3ba26035f39"
      },
      {
        "Id": "707fb95d-7b7c-4a6c-91c6-eb695d73d113",
        "FileName": "image_thumb.png",
        "DownloadUri": "./539319/707fb95d-7b7c-4a6c-91c6-eb695d73d113"
      },
      {
        "Id": "4035ec23-2b32-4dbb-b4a4-f84b0cddb621",
        "FileName": "image_4.png",
        "DownloadUri": "./539319/4035ec23-2b32-4dbb-b4a4-f84b0cddb621"
      },
      {
        "Id": "e17b5b72-e968-487b-9ea0-1dfdad01358a",
        "FileName": "image_thumb_1.png",
        "DownloadUri": "./539319/e17b5b72-e968-487b-9ea0-1dfdad01358a"
      }
    ]
  },
  {
    "Title": "Check Assigned Site",
    "Id": "539318",
    "ParentWikiTitle": "Client Health Actions",
    "FileExtension": "html",
    "UpdatedDate": "2012-02-28T00:34:50.587-08:00",
    "FileAttachments": []
  },
  {
    "Title": "Check Services",
    "Id": "539317",
    "ParentWikiTitle": "Client Health Actions",
    "FileExtension": "html",
    "UpdatedDate": "2012-02-28T00:32:26.673-08:00",
    "FileAttachments": []
  },
  {
    "Title": "Check WMI",
    "Id": "539316",
    "ParentWikiTitle": "Client Health Actions",
    "FileExtension": "html",
    "UpdatedDate": "2012-02-28T00:30:48.377-08:00",
    "FileAttachments": []
  },
  {
    "Title": "Create and send CCR files",
    "Id": "539314",
    "ParentWikiTitle": "Client Agent Actions",
    "FileExtension": "html",
    "UpdatedDate": "2012-02-28T00:21:52.1-08:00",
    "FileAttachments": [
      {
        "Id": "c327e175-683d-417b-9646-85e12a7e4d0a",
        "FileName": "image_2.png",
        "DownloadUri": "./539314/c327e175-683d-417b-9646-85e12a7e4d0a"
      },
      {
        "Id": "f58ec59e-42bc-4a8e-9eb8-34a3d62b8259",
        "FileName": "image_thumb.png",
        "DownloadUri": "./539314/f58ec59e-42bc-4a8e-9eb8-34a3d62b8259"
      },
      {
        "Id": "1bfd163d-4a40-43b4-8bb5-04eb15a39a05",
        "FileName": "image_4.png",
        "DownloadUri": "./539314/1bfd163d-4a40-43b4-8bb5-04eb15a39a05"
      },
      {
        "Id": "e40c9d7d-3ee5-40f8-81af-ca3f7d7abfe2",
        "FileName": "image_thumb_1.png",
        "DownloadUri": "./539314/e40c9d7d-3ee5-40f8-81af-ca3f7d7abfe2"
      },
      {
        "Id": "82895c50-f3a4-4942-8eb1-ab26234ab30b",
        "FileName": "image_6.png",
        "DownloadUri": "./539314/82895c50-f3a4-4942-8eb1-ab26234ab30b"
      },
      {
        "Id": "05dc0695-e545-455e-b8a9-bc784ac4d557",
        "FileName": "image_thumb_2.png",
        "DownloadUri": "./539314/05dc0695-e545-455e-b8a9-bc784ac4d557"
      }
    ]
  },
  {
    "Title": "Generate New SCCM GUID",
    "Id": "539305",
    "ParentWikiTitle": "Client Agent Actions",
    "FileExtension": "html",
    "UpdatedDate": "2012-02-27T23:07:35.083-08:00",
    "FileAttachments": []
  },
  {
    "Title": "Using Alternate Credentials",
    "Id": "539304",
    "ParentWikiTitle": "Documentation",
    "FileExtension": "html",
    "UpdatedDate": "2012-02-27T23:01:20.777-08:00",
    "FileAttachments": [
      {
        "Id": "70f2d17c-85e2-4f4c-88b1-7626dd34e056",
        "FileName": "image_2.png",
        "DownloadUri": "./539304/70f2d17c-85e2-4f4c-88b1-7626dd34e056"
      },
      {
        "Id": "28cf20e3-08c5-4d95-b16b-ea889f833a88",
        "FileName": "image_thumb.png",
        "DownloadUri": "./539304/28cf20e3-08c5-4d95-b16b-ea889f833a88"
      },
      {
        "Id": "beca9bc9-a8bc-4cf0-9479-a8f9ffd9b275",
        "FileName": "image_4.png",
        "DownloadUri": "./539304/beca9bc9-a8bc-4cf0-9479-a8f9ffd9b275"
      },
      {
        "Id": "0235691d-e151-4129-9dbe-1144f02cd807",
        "FileName": "image_thumb_1.png",
        "DownloadUri": "./539304/0235691d-e151-4129-9dbe-1144f02cd807"
      },
      {
        "Id": "01e38eef-e830-4a99-a44e-73e6976e5c83",
        "FileName": "image_6.png",
        "DownloadUri": "./539304/01e38eef-e830-4a99-a44e-73e6976e5c83"
      },
      {
        "Id": "67816991-fc28-443f-8c47-1ecdab6cc868",
        "FileName": "image_thumb_2.png",
        "DownloadUri": "./539304/67816991-fc28-443f-8c47-1ecdab6cc868"
      }
    ]
  },
  {
    "Title": "Configuration File",
    "Id": "539303",
    "ParentWikiTitle": "Documentation",
    "FileExtension": "html",
    "UpdatedDate": "2012-02-27T22:58:45.65-08:00",
    "FileAttachments": [
      {
        "Id": "1fea4928-afcb-465a-abe1-f9988d7524f4",
        "FileName": "image_4.png",
        "DownloadUri": "./539303/1fea4928-afcb-465a-abe1-f9988d7524f4"
      },
      {
        "Id": "f718e8e1-92dd-4f20-9618-8f56d03a5859",
        "FileName": "image_thumb_1.png",
        "DownloadUri": "./539303/f718e8e1-92dd-4f20-9618-8f56d03a5859"
      },
      {
        "Id": "e0ea0e7b-51ef-4675-98ca-dfaac1e6a56f",
        "FileName": "image_2.png",
        "DownloadUri": "./539303/e0ea0e7b-51ef-4675-98ca-dfaac1e6a56f"
      },
      {
        "Id": "d8d10da8-9405-4d2e-9838-e9463f9150d3",
        "FileName": "image_thumb.png",
        "DownloadUri": "./539303/d8d10da8-9405-4d2e-9838-e9463f9150d3"
      }
    ]
  },
  {
    "Title": "Client Health Actions",
    "Id": "518592",
    "ParentWikiTitle": "Documentation",
    "FileExtension": "html",
    "UpdatedDate": "2012-01-11T01:22:22.013-08:00",
    "FileAttachments": [
      {
        "Id": "eb394a6b-4541-4536-8f58-0dd383e8e19b",
        "FileName": "image_2.png",
        "DownloadUri": "./518592/eb394a6b-4541-4536-8f58-0dd383e8e19b"
      },
      {
        "Id": "52023b42-7c43-415a-9a24-dab7a53c27f2",
        "FileName": "image_thumb.png",
        "DownloadUri": "./518592/52023b42-7c43-415a-9a24-dab7a53c27f2"
      },
      {
        "Id": "a2f425ab-fbc2-4ad8-8491-1d2c40adef6d",
        "FileName": "image_4.png",
        "DownloadUri": "./518592/a2f425ab-fbc2-4ad8-8491-1d2c40adef6d"
      },
      {
        "Id": "7b0d1548-90f8-4d16-8caa-f5e9ffd949de",
        "FileName": "image_thumb_1.png",
        "DownloadUri": "./518592/7b0d1548-90f8-4d16-8caa-f5e9ffd949de"
      }
    ]
  },
  {
    "Title": "Client Agent Actions",
    "Id": "518590",
    "ParentWikiTitle": "Documentation",
    "FileExtension": "html",
    "UpdatedDate": "2012-01-11T01:20:14.777-08:00",
    "FileAttachments": [
      {
        "Id": "9f9eaa11-340b-4f5a-a8a2-f926afa0b2ab",
        "FileName": "image_2.png",
        "DownloadUri": "./518590/9f9eaa11-340b-4f5a-a8a2-f926afa0b2ab"
      },
      {
        "Id": "6913bb70-8bb6-4a79-b17b-647dcd1ad1f2",
        "FileName": "image_thumb.png",
        "DownloadUri": "./518590/6913bb70-8bb6-4a79-b17b-647dcd1ad1f2"
      },
      {
        "Id": "d2d76b95-703e-4de8-8add-66f30c811b10",
        "FileName": "image_4.png",
        "DownloadUri": "./518590/d2d76b95-703e-4de8-8add-66f30c811b10"
      },
      {
        "Id": "8a6c0f34-00a7-48fe-a950-2049155479f7",
        "FileName": "image_thumb_1.png",
        "DownloadUri": "./518590/8a6c0f34-00a7-48fe-a950-2049155479f7"
      }
    ]
  },
  {
    "Title": "Full Health Check",
    "Id": "518583",
    "ParentWikiTitle": "Client Health Actions",
    "FileExtension": "html",
    "UpdatedDate": "2012-01-11T00:39:03.113-08:00",
    "FileAttachments": []
  },
  {
    "Title": "Client Schedule Actions",
    "Id": "516724",
    "ParentWikiTitle": "Documentation",
    "FileExtension": "html",
    "UpdatedDate": "2012-01-06T00:59:18.457-08:00",
    "FileAttachments": [
      {
        "Id": "fdd8d1e4-a7a3-4753-9c6e-a298924e6f47",
        "FileName": "image_2.png",
        "DownloadUri": "./516724/fdd8d1e4-a7a3-4753-9c6e-a298924e6f47"
      },
      {
        "Id": "bf774679-cb69-4ecb-88a6-e169ef5a82d6",
        "FileName": "image_thumb.png",
        "DownloadUri": "./516724/bf774679-cb69-4ecb-88a6-e169ef5a82d6"
      },
      {
        "Id": "7033400d-0d4a-401e-a5e0-e1fb00db04b1",
        "FileName": "image_4.png",
        "DownloadUri": "./516724/7033400d-0d4a-401e-a5e0-e1fb00db04b1"
      },
      {
        "Id": "996f94f7-a620-4a86-8a46-18234e5fed7c",
        "FileName": "image_thumb_1.png",
        "DownloadUri": "./516724/996f94f7-a620-4a86-8a46-18234e5fed7c"
      }
    ]
  },
  {
    "Title": "Advertisement Actions",
    "Id": "516719",
    "ParentWikiTitle": "Documentation",
    "FileExtension": "html",
    "UpdatedDate": "2012-01-06T00:47:36.643-08:00",
    "FileAttachments": [
      {
        "Id": "4ac1f416-c462-4790-9120-ee3450650914",
        "FileName": "image_2.png",
        "DownloadUri": "./516719/4ac1f416-c462-4790-9120-ee3450650914"
      },
      {
        "Id": "027b0e33-aa6a-41c5-955d-ef85195772b7",
        "FileName": "image_thumb.png",
        "DownloadUri": "./516719/027b0e33-aa6a-41c5-955d-ef85195772b7"
      },
      {
        "Id": "0a5f068c-08a6-4c72-9f2e-f7691bc58c1a",
        "FileName": "image_6.png",
        "DownloadUri": "./516719/0a5f068c-08a6-4c72-9f2e-f7691bc58c1a"
      },
      {
        "Id": "0851a9cc-bb30-427f-9fa9-86199920f234",
        "FileName": "image_thumb_2.png",
        "DownloadUri": "./516719/0851a9cc-bb30-427f-9fa9-86199920f234"
      },
      {
        "Id": "1568b83f-94ba-490f-8ccf-92f25a19fcce",
        "FileName": "image_8.png",
        "DownloadUri": "./516719/1568b83f-94ba-490f-8ccf-92f25a19fcce"
      },
      {
        "Id": "700cdf30-0bb6-4799-b91e-af3c150053b2",
        "FileName": "image_thumb_3.png",
        "DownloadUri": "./516719/700cdf30-0bb6-4799-b91e-af3c150053b2"
      },
      {
        "Id": "de6d337a-fafa-4462-aea0-03d982724007",
        "FileName": "image_4.png",
        "DownloadUri": "./516719/de6d337a-fafa-4462-aea0-03d982724007"
      },
      {
        "Id": "73e5009c-d345-4db2-b061-a11b5c4b86f4",
        "FileName": "image_thumb.png",
        "DownloadUri": "./516719/73e5009c-d345-4db2-b061-a11b5c4b86f4"
      }
    ]
  },
  {
    "Title": "Reset Security Settings",
    "Id": "516714",
    "ParentWikiTitle": "Other Actions",
    "FileExtension": "html",
    "UpdatedDate": "2012-01-06T00:37:37.683-08:00",
    "FileAttachments": []
  },
  {
    "Title": "Thank You!",
    "Id": "508392",
    "ParentWikiTitle": "Home",
    "FileExtension": "html",
    "UpdatedDate": "2011-12-14T13:40:05.223-08:00",
    "FileAttachments": []
  },
  {
    "Title": "Install SCCM Client",
    "Id": "497505",
    "ParentWikiTitle": "Client Agent Actions",
    "FileExtension": "html",
    "UpdatedDate": "2011-11-15T01:28:59.607-08:00",
    "FileAttachments": [
      {
        "Id": "f6a31843-3026-4f48-879c-e5b061d83ccb",
        "FileName": "image_2.png",
        "DownloadUri": "./497505/f6a31843-3026-4f48-879c-e5b061d83ccb"
      },
      {
        "Id": "3479e539-0d2d-4731-aea3-328284dd2482",
        "FileName": "image_thumb.png",
        "DownloadUri": "./497505/3479e539-0d2d-4731-aea3-328284dd2482"
      },
      {
        "Id": "11abaaa6-c501-4ded-8d36-1d3f96c536ae",
        "FileName": "image_4.png",
        "DownloadUri": "./497505/11abaaa6-c501-4ded-8d36-1d3f96c536ae"
      },
      {
        "Id": "6b3895b6-0697-4ee2-ba6d-75fecc1a1c8e",
        "FileName": "image_thumb_1.png",
        "DownloadUri": "./497505/6b3895b6-0697-4ee2-ba6d-75fecc1a1c8e"
      },
      {
        "Id": "faa8bcaa-9e8f-4b87-8509-f36985b6b0cb",
        "FileName": "image_6.png",
        "DownloadUri": "./497505/faa8bcaa-9e8f-4b87-8509-f36985b6b0cb"
      },
      {
        "Id": "f4298d90-a1b8-4544-b951-4df4e3cc159a",
        "FileName": "image_thumb_2.png",
        "DownloadUri": "./497505/f4298d90-a1b8-4544-b951-4df4e3cc159a"
      }
    ]
  },
  {
    "Title": "Get All Active Advertisements",
    "Id": "497497",
    "ParentWikiTitle": "Advertisement Actions",
    "FileExtension": "html",
    "UpdatedDate": "2011-11-15T01:09:30.937-08:00",
    "FileAttachments": []
  },
  {
    "Title": "Refresh Group Policies",
    "Id": "497485",
    "ParentWikiTitle": "Other Actions",
    "FileExtension": "html",
    "UpdatedDate": "2011-11-15T01:00:07.85-08:00",
    "FileAttachments": []
  },
  {
    "Title": "Query Advertisement Status",
    "Id": "497479",
    "ParentWikiTitle": "Advertisement Actions",
    "FileExtension": "html",
    "UpdatedDate": "2011-11-15T00:56:08.25-08:00",
    "FileAttachments": [
      {
        "Id": "9f6261b4-3152-4a45-b9f5-766dafa8bec2",
        "FileName": "image_thumb[3]_2.png",
        "DownloadUri": "./497479/9f6261b4-3152-4a45-b9f5-766dafa8bec2"
      },
      {
        "Id": "0b0c5b52-d102-41b8-b1e8-d1ce4b7642b7",
        "FileName": "image_thumb[3]_thumb.png",
        "DownloadUri": "./497479/0b0c5b52-d102-41b8-b1e8-d1ce4b7642b7"
      },
      {
        "Id": "066fd86d-55f2-4d0a-b2e3-daa1f5ae5c94",
        "FileName": "image_thumb[5]_2.png",
        "DownloadUri": "./497479/066fd86d-55f2-4d0a-b2e3-daa1f5ae5c94"
      },
      {
        "Id": "a0bea012-775e-4014-8acd-85d8ce4c061e",
        "FileName": "image_thumb[5]_thumb.png",
        "DownloadUri": "./497479/a0bea012-775e-4014-8acd-85d8ce4c061e"
      }
    ]
  },
  {
    "Title": "Wake On LAN",
    "Id": "497473",
    "ParentWikiTitle": "Other Actions",
    "FileExtension": "html",
    "UpdatedDate": "2011-11-15T00:46:19.497-08:00",
    "FileAttachments": [
      {
        "Id": "478a957b-d467-4f35-8430-e0ad14c26666",
        "FileName": "image_2.png",
        "DownloadUri": "./497473/478a957b-d467-4f35-8430-e0ad14c26666"
      },
      {
        "Id": "427710c0-54b7-45ab-b38e-3e4fa49230cc",
        "FileName": "image_thumb.png",
        "DownloadUri": "./497473/427710c0-54b7-45ab-b38e-3e4fa49230cc"
      },
      {
        "Id": "de25634c-f6e0-46c4-b827-4b48be65d301",
        "FileName": "image_4.png",
        "DownloadUri": "./497473/de25634c-f6e0-46c4-b827-4b48be65d301"
      },
      {
        "Id": "a655fb7b-cbf7-4fd6-9a0b-9294681da141",
        "FileName": "image_thumb_1.png",
        "DownloadUri": "./497473/a655fb7b-cbf7-4fd6-9a0b-9294681da141"
      }
    ]
  },
  {
    "Title": "Logging",
    "Id": "469992",
    "ParentWikiTitle": "Documentation",
    "FileExtension": "html",
    "UpdatedDate": "2011-09-06T23:37:09.997-07:00",
    "FileAttachments": [
      {
        "Id": "935aff30-fcee-4e81-b82f-14c1c5deb945",
        "FileName": "image_2.png",
        "DownloadUri": "./469992/935aff30-fcee-4e81-b82f-14c1c5deb945"
      },
      {
        "Id": "45c83637-f811-48c4-a3b7-9c9b14a4d50b",
        "FileName": "image_thumb.png",
        "DownloadUri": "./469992/45c83637-f811-48c4-a3b7-9c9b14a4d50b"
      }
    ]
  },
  {
    "Title": "Specifying Computer List",
    "Id": "434419",
    "ParentWikiTitle": "Documentation",
    "FileExtension": "html",
    "UpdatedDate": "2011-06-07T09:42:29.2-07:00",
    "FileAttachments": [
      {
        "Id": "f26c8c9f-9f79-4c61-aa92-3eed3cd3f21b",
        "FileName": "image_2.png",
        "DownloadUri": "./434419/f26c8c9f-9f79-4c61-aa92-3eed3cd3f21b"
      },
      {
        "Id": "591b555b-7827-407f-b502-02473695c711",
        "FileName": "image_thumb.png",
        "DownloadUri": "./434419/591b555b-7827-407f-b502-02473695c711"
      },
      {
        "Id": "8b59e544-6dda-4b74-895d-233da73fb02e",
        "FileName": "image_4.png",
        "DownloadUri": "./434419/8b59e544-6dda-4b74-895d-233da73fb02e"
      },
      {
        "Id": "3f0d8da1-cd63-463c-82f6-647aa99404b8",
        "FileName": "image_thumb_1.png",
        "DownloadUri": "./434419/3f0d8da1-cd63-463c-82f6-647aa99404b8"
      },
      {
        "Id": "23634340-fae2-46af-9860-fc7e8ca44658",
        "FileName": "image_6.png",
        "DownloadUri": "./434419/23634340-fae2-46af-9860-fc7e8ca44658"
      },
      {
        "Id": "e4d8f7b4-406b-49d4-9271-8734c916fa67",
        "FileName": "image_thumb_2.png",
        "DownloadUri": "./434419/e4d8f7b4-406b-49d4-9271-8734c916fa67"
      },
      {
        "Id": "c0031def-d37c-4059-8921-160039ecd5b2",
        "FileName": "image_8.png",
        "DownloadUri": "./434419/c0031def-d37c-4059-8921-160039ecd5b2"
      },
      {
        "Id": "2df1e5e9-eb07-49eb-895c-8865156b9f0c",
        "FileName": "image_thumb_3.png",
        "DownloadUri": "./434419/2df1e5e9-eb07-49eb-895c-8865156b9f0c"
      },
      {
        "Id": "d948e22b-2278-4371-a4f0-43407f59910e",
        "FileName": "image_10.png",
        "DownloadUri": "./434419/d948e22b-2278-4371-a4f0-43407f59910e"
      },
      {
        "Id": "5f3b041f-82cd-452e-97a6-aca887e21e23",
        "FileName": "image_thumb_4.png",
        "DownloadUri": "./434419/5f3b041f-82cd-452e-97a6-aca887e21e23"
      },
      {
        "Id": "bc7240fd-22ac-4680-9f67-71935c35d773",
        "FileName": "image_12.png",
        "DownloadUri": "./434419/bc7240fd-22ac-4680-9f67-71935c35d773"
      },
      {
        "Id": "9b734dff-973a-41b1-a74e-9460bdc08819",
        "FileName": "image_thumb_5.png",
        "DownloadUri": "./434419/9b734dff-973a-41b1-a74e-9460bdc08819"
      },
      {
        "Id": "6642d69b-d3a6-49d5-898a-0a2740758a03",
        "FileName": "image_14.png",
        "DownloadUri": "./434419/6642d69b-d3a6-49d5-898a-0a2740758a03"
      },
      {
        "Id": "215da780-2758-4622-8d19-76f0759a575f",
        "FileName": "image_thumb_6.png",
        "DownloadUri": "./434419/215da780-2758-4622-8d19-76f0759a575f"
      },
      {
        "Id": "e926df2a-b230-4564-bbd4-519c3cb49cbd",
        "FileName": "image_16.png",
        "DownloadUri": "./434419/e926df2a-b230-4564-bbd4-519c3cb49cbd"
      },
      {
        "Id": "9e44a32f-3044-4d73-9db3-90ed64063c97",
        "FileName": "image_thumb_7.png",
        "DownloadUri": "./434419/9e44a32f-3044-4d73-9db3-90ed64063c97"
      },
      {
        "Id": "3dd57138-91c5-400f-91ca-d62c02c9a934",
        "FileName": "image_18.png",
        "DownloadUri": "./434419/3dd57138-91c5-400f-91ca-d62c02c9a934"
      },
      {
        "Id": "1c309e2a-165d-4fe3-bad7-2a05ecf99baf",
        "FileName": "image_thumb_8.png",
        "DownloadUri": "./434419/1c309e2a-165d-4fe3-bad7-2a05ecf99baf"
      }
    ]
  },
  {
    "Title": "Open client logs folders",
    "Id": "434333",
    "ParentWikiTitle": "Client Agent Actions",
    "FileExtension": "html",
    "UpdatedDate": "2011-06-07T07:02:01.237-07:00",
    "FileAttachments": [
      {
        "Id": "822bd762-10bb-46a6-9263-e4cdd2aea4a1",
        "FileName": "image_2.png",
        "DownloadUri": "./434333/822bd762-10bb-46a6-9263-e4cdd2aea4a1"
      },
      {
        "Id": "028dac0a-4601-433e-8689-6f20f66b1a39",
        "FileName": "image_thumb.png",
        "DownloadUri": "./434333/028dac0a-4601-433e-8689-6f20f66b1a39"
      }
    ]
  },
  {
    "Title": "Check Inventory",
    "Id": "429521",
    "ParentWikiTitle": "Client Health Actions",
    "FileExtension": "html",
    "UpdatedDate": "2011-05-26T23:44:59.507-07:00",
    "FileAttachments": []
  },
  {
    "Title": "Check Registry",
    "Id": "429520",
    "ParentWikiTitle": "Client Health Actions",
    "FileExtension": "html",
    "UpdatedDate": "2011-05-26T23:44:38.243-07:00",
    "FileAttachments": []
  },
  {
    "Title": "Check ADMIN$ Share",
    "Id": "429518",
    "ParentWikiTitle": "Client Health Actions",
    "FileExtension": "html",
    "UpdatedDate": "2011-05-26T23:44:08.75-07:00",
    "FileAttachments": []
  },
  {
    "Title": "Uninstall SCCM Client",
    "Id": "429498",
    "ParentWikiTitle": "Client Agent Actions",
    "FileExtension": "html",
    "UpdatedDate": "2011-05-26T23:31:48.373-07:00",
    "FileAttachments": []
  },
  {
    "Title": "Delete Certificates",
    "Id": "429492",
    "ParentWikiTitle": "Client Agent Actions",
    "FileExtension": "html",
    "UpdatedDate": "2011-05-26T23:28:08.397-07:00",
    "FileAttachments": []
  },
  {
    "Title": "Delete Trusted Root Key",
    "Id": "429490",
    "ParentWikiTitle": "Client Agent Actions",
    "FileExtension": "html",
    "UpdatedDate": "2011-05-26T23:27:02.45-07:00",
    "FileAttachments": []
  }
]
