{
  "WorkItem": {
    "AffectedComponent": {
      "Name": "",
      "DisplayName": ""
    },
    "ClosedComment": "",
    "ClosedDate": "2011-11-15T14:21:28.937-08:00",
    "CommentCount": 0,
    "Custom": null,
    "Description": "When installing SCCM client, a form is displayed that allows configuring all ccmsetup.exe parameters through HTML controls. Command line is put together based on control values.",
    "LastUpdatedDate": "2013-05-16T04:24:55.44-07:00",
    "PlannedForRelease": "SCCM Client Actions Tool v0.8",
    "ReleaseVisibleToPublic": true,
    "Priority": {
      "Name": "Medium",
      "Severity": 100,
      "Id": 2
    },
    "ProjectName": "sccmcat",
    "ReportedDate": "2011-10-13T03:46:08.347-07:00",
    "Status": {
      "Name": "Closed",
      "Id": 4
    },
    "ReasonClosed": {
      "Name": "Unassigned"
    },
    "Summary": "GUI interface for configuring client installation parameters",
    "Type": {
      "Name": "Feature",
      "Id": 1
    },
    "VoteCount": 2,
    "Id": 633
  },
  "FileAttachments": [],
  "Comments": []
}