{
  "WorkItem": {
    "AffectedComponent": {
      "Name": "",
      "DisplayName": ""
    },
    "ClosedComment": "",
    "ClosedDate": null,
    "CommentCount": 0,
    "Custom": null,
    "Description": "Add a possibility to change FSP and SLP values in SCCM client registry. This could be helpful when assigning clients to different site.\nRegistry values:\nSLP Server: HKEY_LOCAL_MACHINE\\SOFTWARE\\Microsoft\\CCM\\SMSSlp\nFSP Server: HKEY_LOCAL_MACHINE\\SOFTWARE\\Microsoft\\CCM\\FSP\\HostName",
    "LastUpdatedDate": "2013-06-14T00:29:28.587-07:00",
    "PlannedForRelease": "SCCM Client Actions Tool v1.0",
    "ReleaseVisibleToPublic": true,
    "Priority": {
      "Name": "Medium",
      "Severity": 100,
      "Id": 2
    },
    "ProjectName": "sccmcat",
    "ReportedDate": "2011-11-17T13:05:20.82-08:00",
    "Status": {
      "Name": "Resolved",
      "Id": 7
    },
    "ReasonClosed": {
      "Name": "Unassigned"
    },
    "Summary": "Add actions to modify FSP and SLP host names remotely",
    "Type": {
      "Name": "Feature",
      "Id": 1
    },
    "VoteCount": 1,
    "Id": 694
  },
  "FileAttachments": [],
  "Comments": []
}