{
  "WorkItem": {
    "AffectedComponent": {
      "Name": "",
      "DisplayName": ""
    },
    "ClosedComment": "Will not be implemented in SCCM CAT because of possible unwanted consequences on workstations.",
    "ClosedDate": "2012-01-09T23:28:16.233-08:00",
    "CommentCount": 0,
    "Custom": null,
    "Description": "Restore default NTFS permissions on system drive.\n \nFor XP: secedit /configure /cfg \"%systemroot%\\security\\templates\\setup security.inf\" /db waisaw.sdb /verbose\nFor Windows Vista+: icacls * /T /Q /C /RESET (not quite correct. Need to figure out correct approach).",
    "LastUpdatedDate": "2013-05-16T04:24:51.433-07:00",
    "PlannedForRelease": "",
    "ReleaseVisibleToPublic": false,
    "Priority": {
      "Name": "Low",
      "Severity": 50,
      "Id": 1
    },
    "ProjectName": "sccmcat",
    "ReportedDate": "2011-12-02T14:55:04.15-08:00",
    "Status": {
      "Name": "Closed",
      "Id": 4
    },
    "ReasonClosed": {
      "Name": "Unassigned"
    },
    "Summary": "Reset NTFS file permissions action",
    "Type": {
      "Name": "Feature",
      "Id": 1
    },
    "VoteCount": 1,
    "Id": 716
  },
  "FileAttachments": [],
  "Comments": []
}