{
  "WorkItem": {
    "AffectedComponent": {
      "Name": "",
      "DisplayName": ""
    },
    "ClosedComment": "Will not be implemented.",
    "ClosedDate": "2012-01-11T23:03:45.187-08:00",
    "CommentCount": 0,
    "Custom": null,
    "Description": "Add top menu to the tool that will provide better access to the tool functionality.",
    "LastUpdatedDate": "2013-05-16T04:24:49.627-07:00",
    "PlannedForRelease": "",
    "ReleaseVisibleToPublic": false,
    "Priority": {
      "Name": "Medium",
      "Severity": 100,
      "Id": 2
    },
    "ProjectName": "sccmcat",
    "ReportedDate": "2011-12-16T04:36:14.867-08:00",
    "Status": {
      "Name": "Closed",
      "Id": 4
    },
    "ReasonClosed": {
      "Name": "Unassigned"
    },
    "Summary": "Create menu bar",
    "Type": {
      "Name": "Feature",
      "Id": 1
    },
    "VoteCount": 1,
    "Id": 765
  },
  "FileAttachments": [],
  "Comments": []
}