{
  "WorkItem": {
    "AffectedComponent": {
      "Name": "",
      "DisplayName": ""
    },
    "ClosedComment": "",
    "ClosedDate": null,
    "CommentCount": 0,
    "Custom": null,
    "Description": "First of all, a great Thanks for introducing the ClientActiontool . It is indeed a very much helpful & multipurpose tool.\n\nWhile using this tool to change the SLP server name & Site code of windows based client machines , we are getting the following common errors in many machines :\n\n1. Failed to connect to registry via WMI on <machine id>. Error -2147217406 ()\n\n2. Failed to connect to WMI namespace \"root\\CIMV2\" on <machine id>. Error 70 (Permission denied)\n\n\nThe client machines are reporting to a primary SCCM server & the requirement is we need to change the SLP server ( & site code accordingly) of the machines towards a new Primary SCCM server ( already in production).\n\nNecessary Ports are already opened for new SCCM Primary server.\n\nPlease suggest the cause & remedy to solve the issues.\n\nThanks in advance.",
    "LastUpdatedDate": "2015-10-13T06:04:34-07:00",
    "PlannedForRelease": "",
    "ReleaseVisibleToPublic": false,
    "Priority": {
      "Name": "Unassigned",
      "Severity": 0,
      "Id": 0
    },
    "ProjectName": "sccmcat",
    "ReportedDate": "2015-10-13T06:04:34-07:00",
    "Status": {
      "Name": "Proposed",
      "Id": 1
    },
    "ReasonClosed": {
      "Name": "Unassigned"
    },
    "Summary": "Issues while running the ClientActiontool",
    "Type": {
      "Name": "Unassigned",
      "Id": 5
    },
    "VoteCount": 1,
    "Id": 1618
  },
  "FileAttachments": [],
  "Comments": []
}