{
  "WorkItem": {
    "AffectedComponent": {
      "Name": "",
      "DisplayName": ""
    },
    "ClosedComment": "",
    "ClosedDate": null,
    "CommentCount": 0,
    "Custom": null,
    "Description": "Hello,\n \nFirst of all, I must say an EXCELENT job done..This tool is awesome for what it is designed for. However, I am facing the following issue when trying to fix WMI on a machine.\n \n >> Fixing WMI...\n !! Failed to execute remote copy command (path \"C:\\WINNT\\TEMP\\fixwmi.bat\") on 201-TEST1! Error 4.\n \n \nAm I missing something?\n \nThanks\nr00724",
    "LastUpdatedDate": "2013-06-14T00:29:25.96-07:00",
    "PlannedForRelease": "Client Actions Tool v1.1",
    "ReleaseVisibleToPublic": true,
    "Priority": {
      "Name": "High",
      "Severity": 150,
      "Id": 3
    },
    "ProjectName": "sccmcat",
    "ReportedDate": "2012-01-12T07:56:23.4-08:00",
    "Status": {
      "Name": "Resolved",
      "Id": 7
    },
    "ReasonClosed": {
      "Name": "Unassigned"
    },
    "Summary": "fixwmi.bat missing",
    "Type": {
      "Name": "Issue",
      "Id": 3
    },
    "VoteCount": 2,
    "Id": 818
  },
  "FileAttachments": [],
  "Comments": [
    {
      "Message": "Can you specify what OS was that client computer running when this action failed? I'll try to reproduce this issue and see if I find some bug.",
      "PostedDate": "2012-01-12T14:26:42.397-08:00",
      "Id": -2147483648
    },
    {
      "Message": "",
      "PostedDate": "2012-01-13T03:53:56.347-08:00",
      "Id": -2147483648
    },
    {
      "Message": "Sure, I am running Windows XP SP3. ConfigMgr client is installed on the machine",
      "PostedDate": "2012-01-13T14:22:11.537-08:00",
      "Id": -2147483648
    },
    {
      "Message": "Can you confirm that once you've run Fix WMI action, \"C:\\WINNT\\TEMP\\fixwmi.bat\" is created in your computer (local computer from where you run the tool)? Does it exist?\r\nI assume the computer where you run the tool is not XP as %windir% environment variable value isn't C:\\WINDOWS, but C:\\WINNT?",
      "PostedDate": "2012-01-13T15:47:56.573-08:00",
      "Id": -2147483648
    },
    {
      "Message": "Actually, the %windir% variable is changed on the machine to C:\\WINNT as company's policy. This machine and all the other machines I intend to run this tool have customized image on them. To confirm, fixwmi.bat file does not get created when run the Fix WMI action.\r\n\r\nHope the details help.",
      "PostedDate": "2012-01-14T13:26:54.34-08:00",
      "Id": -2147483648
    },
    {
      "Message": "This will be fixed in next release. Current approach of using %windir%\\temp for any temporary files by the tool is problematic because this folder requires administrator rights. Next release will be using %TEMP% for any temporary files.",
      "PostedDate": "2012-02-08T08:26:39.513-08:00",
      "Id": -2147483648
    },
    {
      "Message": "",
      "PostedDate": "2012-02-08T08:32:11.777-08:00",
      "Id": -2147483648
    },
    {
      "Message": "",
      "PostedDate": "2012-02-10T08:46:27.107-08:00",
      "Id": -2147483648
    },
    {
      "Message": "",
      "PostedDate": "2012-02-28T01:54:01.467-08:00",
      "Id": -2147483648
    },
    {
      "Message": "",
      "PostedDate": "2013-02-21T16:59:29.263-08:00",
      "Id": -2147483648
    },
    {
      "Message": "",
      "PostedDate": "2013-05-16T04:24:48.573-07:00",
      "Id": -2147483648
    },
    {
      "Message": "",
      "PostedDate": "2013-05-16T04:24:48.713-07:00",
      "Id": -2147483648
    },
    {
      "Message": "",
      "PostedDate": "2013-06-14T00:29:25.96-07:00",
      "Id": -2147483648
    }
  ]
}