SUName,CollName,DeploymentName,DeployType,AvailableDate,DeadlineDate,RestartSer,RestartWrk,MWInstall,MWRestart
SUM_2018_July_Only_Server,PROD:Azure Operation Readiness,SUM_2018_July_Only_Server for PROD:Azure Operation Readiness,Required,31/7/2018 11:28,31/7/2018 11:45,FALSE,FALSE,TRUE,TRUE
3rd_Party_Updates_July_Only,PROD:Azure Operation Readiness,3rd_Party_Updates_July_Only for PROD:Azure Operation Readiness,Required,31/7/2018 11:28,31/7/2018 11:45,FALSE,FALSE,TRUE,TRUE
SUM_2018_July_Only_Server,UAT:Operation Readiness SG,SUM_2018_July_Only_Server for UAT:Operation Readiness MY,Required,25/7/2018 18:00,25/7/2018 21:00,FALSE,FALSE,TRUE,TRUE
3rd_Party_Updates_July_Only,UAT:Operation Readiness SG,SUM_2018_July_Only_Server for UAT:Operation Readiness MY,Required,25/7/2018 18:00,25/7/2018 21:00,FALSE,FALSE,TRUE,TRUE
SUM_2018_July_Only_Server,UAT:Operation Readiness TW,SUM_2018_July_Only_Server for UAT:Operation Readiness MY,Required,25/7/2018 18:00,25/7/2018 21:00,FALSE,FALSE,TRUE,TRUE
3rd_Party_Updates_July_Only,UAT:Operation Readiness TW,SUM_2018_July_Only_Server for UAT:Operation Readiness MY,Required,25/7/2018 18:00,25/7/2018 21:00,FALSE,FALSE,TRUE,TRUE
SUM_2018_July_Only_Server,UAT:Operation Readiness HK,SUM_2018_July_Only_Server for UAT:Operation Readiness MY,Required,25/7/2018 18:00,25/7/2018 21:00,FALSE,FALSE,TRUE,TRUE
3rd_Party_Updates_July_Only,UAT:Operation Readiness HK,SUM_2018_July_Only_Server for UAT:Operation Readiness MY,Required,25/7/2018 18:00,25/7/2018 21:00,FALSE,FALSE,TRUE,TRUE
