<ActionDescription Class="Group" GroupAsRegion="true" DisplayName="System Compliance" MnemonicDisplayName="System Compliance" Description="Shows the System Compliance for the selected update">
	<ShowOn>
		<string>ContextMenu</string>  
	</ShowOn>
	<ActionGroups>  
		<ActionDescription Class="Executable" DisplayName="System Compliance" MnemonicDisplayName="System Compliance" Description = "Shows the System Compliance for the selected update" RibbonDisplayType="TextAndSmallImage">
			<ShowOn>
				<string>ContextMenu</string> <!-- Context Menu -->
			</ShowOn>
			<ImagesDescription>
				<ResourceAssembly>
					<Assembly>AdminUI.UIResources.dll</Assembly>
					<Type>Microsoft.ConfigurationManagement.AdminConsole.UIResources.Properties.Resources.resources</Type>
				</ResourceAssembly>
				<ImageResourceName>Information</ImageResourceName>
			</ImagesDescription>
			<Executable>
				<FilePath>PowerShell.exe</FilePath>
				<Parameters>-noninteractive -windowstyle hidden -executionpolicy bypass -File "D:\Program Files\Microsoft Configuration Manager\bin\update.system.compliance.ps1" -SiteServer "##SUB:__SERVER##" -SUCIID "##SUB:CI_ID##"</Parameters>
			</Executable>
		</ActionDescription>
	</ActionGroups>
</ActionDescription>
