[
  {
    "Id": "0",
    "Name": "SCCM Client Actions Tool v1.11",
    "DevelopmentStatus": "Stable",
    "Description": "SCCM Client Actions Tool v1.11 is the latest version.\n\nIt comes with following changes since last version: \n* Fixed a bug when ping and cmd.exe kept running in endless loop after action progress was finished.\n* Fixed update checking from Codeplex RSS feed.\n\nThe tool is downloadable as a ZIP file that contains four files: \nClientActionsTool.hta – The tool itself. \nCmdkey.exe – command line tool for managing cached credentials. This is needed for alternate credentials feature when running the HTA on Windows XP. Cmdkey.exe is natively available starting from Windows Vista.\nWol.exe - command line tool from Gammadyne Corporation to send wake up packets to remote computers. \nConfig.ini – A configuration file for default settings. This file is not required to run the tool, but if it doesn’t exist, the tool may prompt for the data every time it’s run.\n\nOnly the HTA file is necessary to use this tool. After all, the concept of the tool is simplicity – “one click to rule them all” sort of thing. However, having cmdkey.exe in same folder is a requirement for using alternate credentials when running the HTA on Windows XP. The config.ini file improves usability by keeping default settings for every run.\n\nMake sure you know what one or another action does before initiating it on workstations in production environment! Some of the actions have been explained in documentation.\n\n[image:Donate to SCCM Client Actions Tool project using PayPal|https://www.paypalobjects.com/en_US/i/btn/btn_donateCC_LG.gif|https://www.paypal.com/cgi-bin/webscr?cmd=_s-xclick&hosted_button_id=MA5YPDLMYVWFJ]",
    "ReleasedDatge": "0001-01-01T00:00:00",
    "ModifiedDate": "2012-03-27T00:11:50.437-07:00",
    "Files": [
      {
        "Id": "f5f9ae96-9b2d-4aed-968b-0776b211e91e",
        "FileName": "ClientActionsTool.zip",
        "Url": "./0/f5f9ae96-9b2d-4aed-968b-0776b211e91e",
        "Type": "Application",
        "UploadDate": "2012-03-27T00:11:50.263-07:00"
      }
    ]
  },
  {
    "Id": "1",
    "Name": "Client Actions Tool v1.1",
    "DevelopmentStatus": "Stable",
    "Description": "SCCM Client Actions Tool v1.1 is the latest version.\n\nIt comes with following changes since last version: \n* Added stop button to stop the ongoing process.\n* Added action \"Query update status\".\n* Added option \"saveOnlineComputers\" in config.ini to enable saving list of online computers from last session.\n* Default value for \"LatestClientVersion\" set to SP2 R3 (4.00.6487.2157).\n* Wuauserv service manual startup mode is considered healthy on Windows 7.\n* Errors are now suppressed in checkReleasesRSS().\n* Use %TEMP% instead of %windir%\\temp\\ for any local scripts/files being created with HTA.\n* Fixed a bug when specified alternate credentials were not used after running ping action earlier.\n* Fixed a bug when process stopped at empty element if such element existed in targets array.\n\nThe tool is downloadable as a ZIP file that contains four files: \nClientActionsTool.hta – The tool itself. \nCmdkey.exe – command line tool for managing cached credentials. This is needed for alternate credentials feature when running the HTA on Windows XP. Cmdkey.exe is natively available starting from Windows Vista.\nWol.exe - command line tool from Gammadyne Corporation to send wake up packets to remote computers. \nConfig.ini – A configuration file for default settings. This file is not required to run the tool, but if it doesn’t exist, the tool may prompt for the data every time it’s run.\n\nOnly the HTA file is necessary to use this tool. After all, the concept of the tool is simplicity – “one click to rule them all” sort of thing. However, having cmdkey.exe in same folder is a requirement for using alternate credentials when running the HTA on Windows XP. The config.ini file improves usability by keeping default settings for every run.\n\nMake sure you know what one or another action does before initiating it on workstations in production environment! Some of the actions have been explained in documentation.\n\n[image:Donate to SCCM Client Actions Tool project using PayPal|https://www.paypalobjects.com/en_US/i/btn/btn_donateCC_LG.gif|https://www.paypal.com/cgi-bin/webscr?cmd=_s-xclick&hosted_button_id=MA5YPDLMYVWFJ]",
    "ReleasedDatge": "0001-01-01T00:00:00",
    "ModifiedDate": "2012-02-28T04:57:02.807-08:00",
    "Files": [
      {
        "Id": "620a5124-b7f0-434d-a753-beda98251abb",
        "FileName": "ClientActionsTool.zip",
        "Url": "./1/620a5124-b7f0-434d-a753-beda98251abb",
        "Type": "Application",
        "UploadDate": "2012-02-28T04:57:02.697-08:00"
      }
    ]
  },
  {
    "Id": "2",
    "Name": "SCCM Client Actions Tool v1.0",
    "DevelopmentStatus": "Stable",
    "Description": "SCCM Client Actions Tool v1.0 is the latest release.\n\nIt comes with following changes since last version: \n* Added automatic SCCM CAT update check on startup. Can be controlled by \"checkUpdates\" parameter in config.ini.\n* Optionally save offline computers in a file for later use. Can be controlled by \"saveOfflineComputers\" parameter in config.ini.\n* Optionally prompt whether to execute command if user is logged on remote computer. Can be controlled by \"promptUserCheck\" parameter in config.ini.\n* Optionally install SCCM client automatically if found missing or broken during full health check or when version is older than expected. Can be controlled by \"autoInstallClientWhenMissing\" parameter in config.ini.\n* Added action \"Get management point\".\n* Added action \"Change FSP server\".\n* Added action \"Change SLP server\".\n* Added action \"Create and send CCR Files\".\n* Added action \"Check & Fix client version\".\n* Added action \"Reset security settings\".\n* Added action \"Query reboot pending state\".\n* Added action \"Get system uptime\".\n* Added action \"Get WUA version\".\n* Added action \"Get WSUS content location\".\n* Consider computers with WMI connectivity issues as unhealthy.\n* Fixed unhealthy target list prompt bug.\n* Rearranged actions in 2 columns for more efficient use of space. \n* Fixed a bug when \"Open client log folder\" actions appeared when target list was empty.\n* Changed log area to resize based on the size on application window. \n\nThe tool is downloadable as a ZIP file that contains four files: \nClientActionsTool.hta – The tool itself. \nCmdkey.exe – command line tool for managing cached credentials. This is needed for alternate credentials feature when running the HTA on Windows XP. Cmdkey.exe is natively available starting from Windows Vista.\nWol.exe - command line tool from Gammadyne Corporation to send wake up packets to remote computers. \nConfig.ini – A configuration file for default settings. This file is not required to run the tool, but if it doesn’t exist, the tool may prompt for the data every time it’s run.\n\nOnly the HTA file is necessary to use this tool. After all, the concept of the tool is simplicity – “one click to rule them all” sort of thing. However, having cmdkey.exe in same folder is a requirement for using alternate credentials when running the HTA on Windows XP. The config.ini file improves usability by keeping default settings for every run.\n\nMake sure you know what one or another action does before initiating it on workstations in production environment! Some of the actions have been explained in documentation.\n\n[image:Donate to SCCM Client Actions Tool project using PayPal|https://www.paypalobjects.com/en_US/i/btn/btn_donateCC_LG.gif|https://www.paypal.com/cgi-bin/webscr?cmd=_s-xclick&hosted_button_id=MA5YPDLMYVWFJ]",
    "ReleasedDatge": "0001-01-01T00:00:00",
    "ModifiedDate": "2012-01-12T04:30:46.193-08:00",
    "Files": [
      {
        "Id": "26692026-f75f-4420-9136-6b36249b923f",
        "FileName": "ClientActionsTool.zip",
        "Url": "./2/26692026-f75f-4420-9136-6b36249b923f",
        "Type": "Application",
        "UploadDate": "2012-01-12T04:24:43.74-08:00"
      }
    ]
  },
  {
    "Id": "3",
    "Name": "SCCM Client Actions Tool v0.8",
    "DevelopmentStatus": "Stable",
    "Description": "SCCM Client Actions Tool v0.8 is currently the latest version.\nIt comes with following changes since last version: \n* Added \"Wake On LAN\" action.\n* WOL.EXE is now included.\n* Added new action \"Get all active advertisements\" to list all machine based advertisements on remote computers.\n* Added new action \"Get all active user advertisements\" to list all user based advertisements for logged on users on remote computers.\n* Added config.ini setting \"enablePingTest\" to control whether ping test is run before each action or not.\n* Added GUI interface for configuring client installation properties.\n* CCMSETUP parameter string in config.ini can be used and modified directly in GUI.\n* Modified \"Get Logged-On User\" action so that if no user is logged on remote computer, the last logged on user is shown.\n* Improved \"Query advertisement status\" action to support keyword based filtering to get status of all matching advertisements.\n* Added small \"Close\" button in top right corner of DIV dialogs.\n* Fixed issues with querying user based advertisements.\n* Current username is now determined and shown from wscript.network to support running the tool in a RDC session.\n* Delete log file if it is empty on exit. \n* Bug fixes.\n\nThe tool is downloadable as a ZIP file that contains three files: \nClientActionsTool.hta – The tool itself. \nCmdkey.exe – command line tool for managing cached credentials. This is needed for alternate credentials feature when running the HTA on Windows XP. Cmdkey.exe is natively available starting from Windows Vista.\nWol.exe - command line tool from Gammadyne Corporation to send wake up packets to remote computers. \nConfig.ini – A configuration file for default settings. This file is not required to run the tool, but if it doesn’t exist, the tool may prompt for the data every time it’s run.\n\nOnly the HTA file is necessary to use this tool. After all, the concept of the tool is simplicity – “one click to rule them all” sort of thing. However, having cmdkey.exe in same folder is a requirement for using alternate credentials when running the HTA on Windows XP. The config.ini file improves usability by keeping default settings for every run.\n\nMake sure you know what one or another action does before initiating it on workstations in production environment! Some of the actions have been explained in documentation.\n\n[image:Donate to SCCM Client Actions Tool project using PayPal|https://www.paypalobjects.com/en_US/i/btn/btn_donateCC_LG.gif|https://www.paypal.com/cgi-bin/webscr?cmd=_s-xclick&hosted_button_id=MA5YPDLMYVWFJ]",
    "ReleasedDatge": "0001-01-01T00:00:00",
    "ModifiedDate": "2012-01-12T04:26:13.433-08:00",
    "Files": [
      {
        "Id": "76eca2df-f2f3-409c-b6bc-8745c0084fd4",
        "FileName": "ClientActionsTool.zip",
        "Url": "./3/76eca2df-f2f3-409c-b6bc-8745c0084fd4",
        "Type": "Application",
        "UploadDate": "2011-11-15T00:30:08.393-08:00"
      }
    ]
  },
  {
    "Id": "4",
    "Name": "SCCM Client Actions Tool v0.7.1",
    "DevelopmentStatus": "Stable",
    "Description": "SCCM Client Actions Tool v0.7.1 is currently outdated. Newer version is available.\n\nIt comes with following changes since last version: \nAdded \"Get computer OU\" action\n\nThe tool is downloadable as a ZIP file that contains three files: \nClientActionsTool.hta – The tool itself. \nCmdkey.exe – command line tool for managing cached credentials. This is needed for alternate credentials feature when running the HTA on Windows XP. Cmdkey.exe is natively available starting from Windows Vista. \nConfig.ini – A configuration file for default settings. This file is not required to run the tool, but if it doesn’t exist, the tool may prompt for the data every time it’s run.\n\nOnly the HTA file is necessary to use this tool. After all, the concept of the tool is simplicity – “one click to rule them all” sort of thing. However, having cmdkey.exe in same folder is a requirement for using alternate credentials when running the HTA on Windows XP. The config.ini file improves usability by keeping default settings for every run.\n\nMake sure you know what one or another action does before initiating it on workstations in production environment! Some of the actions have been explained in documentation",
    "ReleasedDatge": "0001-01-01T00:00:00",
    "ModifiedDate": "2011-11-15T01:34:21.153-08:00",
    "Files": [
      {
        "Id": "013a03d0-d163-4bbd-8fe7-1d5990dfef0b",
        "FileName": "ClientActionsTool.zip",
        "Url": "./4/013a03d0-d163-4bbd-8fe7-1d5990dfef0b",
        "Type": "Application",
        "UploadDate": "2011-09-08T03:30:43.05-07:00"
      }
    ]
  },
  {
    "Id": "5",
    "Name": "SCCM Client Actions Tool v0.7",
    "DevelopmentStatus": "Stable",
    "Description": "SCCM Client Actions Tool v0.7 is currently outdated. Newer version is available.\n\nIt comes with following changes since last version: \n* Added possibility to enable log history. KeepLogHistory attribute added to config.ini.\n* Added \"Copy a file\" action.\n* Added finalize() method that removes temporary files created in local %windir%\\temp folder after process.\n* Fixed timezone bias issue in Trace32 logging.\n* Some minor bug fixes.\n\nThe tool is downloadable as a ZIP file that contains three files: \nClientActionsTool.hta – The tool itself. \nCmdkey.exe – command line tool for managing cached credentials. This is needed for alternate credentials feature when running the HTA on Windows XP. Cmdkey.exe is natively available starting from Windows Vista. \nConfig.ini – A configuration file for default settings. This file is not required to run the tool, but if it doesn’t exist, the tool may prompt for the data every time it’s run.\n\nOnly the HTA file is necessary to use this tool. After all, the concept of the tool is simplicity – “one click to rule them all” sort of thing. However, having cmdkey.exe in same folder is a requirement for using alternate credentials when running the HTA on Windows XP. The config.ini file improves usability by keeping default settings for every run.\n\nMake sure you know what one or another action does before initiating it on workstations in production environment! Some of the actions have been explained in documentation",
    "ReleasedDatge": "0001-01-01T00:00:00",
    "ModifiedDate": "2011-09-14T08:18:06.377-07:00",
    "Files": [
      {
        "Id": "69ff5128-e1b3-453a-9d89-083c6540839f",
        "FileName": "ClientActionsTool.zip",
        "Url": "./5/69ff5128-e1b3-453a-9d89-083c6540839f",
        "Type": "Application",
        "UploadDate": "2011-09-06T23:43:18.033-07:00"
      }
    ]
  },
  {
    "Id": "6",
    "Name": "SCCM Client Actions Tool v0.6",
    "DevelopmentStatus": "Stable",
    "Description": "SCCM Client Actions Tool v0.6 is currently the most stable version. However, newer version is available.\n\nIt comes with following changes since last version:\n* Added possibility to use list of found unhealthy computers as target for further actions.\n* Check for domain credential caching restrictions that prevent using alternate credentials. Prompt for temporary workaround.\n* Fixed an issue when specifying collection ID. The site server name prompt is now always shown in case corrections to server name may be needed.\n* Added support for using multiple alternate credentials.\n* Improved WMI health check and WMI fixing. Better architecture based targeting.\n* Added action \"Register ATL.DLL\" to agent actions.\n* Client version check no longer just matches client versions. Instead all client versions same or newer than specified are considered healthy.\n* Show duration of last action in log summary.\n* Improved logical identation of log lines.\n* Some minor bug fixes.\n\n\nThe tool is downloadable as a ZIP file that contains three files: \nClientActionsTool.hta – The tool itself. \nCmdkey.exe – command line tool for managing cached credentials. This is needed for alternate credentials feature when running the HTA on Windows XP. Cmdkey.exe is natively available starting from Windows Vista. \nConfig.ini – A configuration file for default settings. This file is not required to run the tool, but if it doesn’t exist, the tool may prompt for the data every time it’s run.\n\nOnly the HTA file is necessary to use this tool. After all, the concept of the tool is simplicity – “one click to rule them all” sort of thing. However, having cmdkey.exe in same folder is a requirement for using alternate credentials when running the HTA on Windows XP. The config.ini file improves usability by keeping default settings for every run.\n\nMake sure you know what one or another action does before initiating it on workstations in production environment! Some of the actions have been explained in documentation.",
    "ReleasedDatge": "0001-01-01T00:00:00",
    "ModifiedDate": "2011-09-07T00:18:08.067-07:00",
    "Files": [
      {
        "Id": "2fc0035b-f902-4b77-a45c-b967b5ea4785",
        "FileName": "ClientActionsTool.zip",
        "Url": "./6/2fc0035b-f902-4b77-a45c-b967b5ea4785",
        "Type": "Application",
        "UploadDate": "2011-08-22T05:33:37.163-07:00"
      }
    ]
  },
  {
    "Id": "7",
    "Name": "SCCM Client Actions Tool v0.5.1",
    "DevelopmentStatus": "Stable",
    "Description": "SCCM Client Actions Tool v0.5.1 is currently outdated. Newer version is available.\n\nIt comes with following changes since last version:\n* Fixed an incorrect path to x64 client setup folder.\n\nIt comes as a ZIP file that contains three files: \nClientActionsTool.hta – The tool itself. \nCmdkey.exe – command line tool for managing cached credentials. This is needed for alternate credentials feature when running the HTA on Windows XP. Cmdkey.exe is natively available starting from Windows Vista. \nConfig.ini – A configuration file for default settings. This file is not required to run the tool, but if it doesn’t exist, the tool may prompt for the data every time it’s run.\n\nOnly the HTA file is necessary to use this tool. After all, the concept of the tool is simplicity – “one click to rule them all” sort of thing. However, having cmdkey.exe in same folder is a requirement for using alternate credentials when running the HTA on Windows XP. The config.ini file improves usability by keeping default settings for every run.\n\nMake sure you know what one or another action does before initiating it on workstations in production environment! Some of the actions have been explained in documentation.",
    "ReleasedDatge": "0001-01-01T00:00:00",
    "ModifiedDate": "2011-09-06T23:43:46.757-07:00",
    "Files": [
      {
        "Id": "121c3756-dccd-464c-ac92-b9d993543e8d",
        "FileName": "ClientActionsTool.zip",
        "Url": "./7/121c3756-dccd-464c-ac92-b9d993543e8d",
        "Type": "Application",
        "UploadDate": "2011-06-10T02:58:53.707-07:00"
      }
    ]
  },
  {
    "Id": "8",
    "Name": "SCCM Client Actions Tool v0.5",
    "DevelopmentStatus": "Stable",
    "Description": "SCCM Client Actions Tool v0.5 is currently outdated. Newer version is available.\n\nChanges since last version:\n* Added support to update source Excel sheet with result data.\n* Added button to open last log file directly from HTA.\n* Added \"Open Client log files folder\" and \"Open Client setup folder\" actions that can only be used when there are max 5 computers defined in the list.\n* Files with unsupported extensions can not be used.\n* Inventory dates now shown and calculated correctly regardless of date formatting in administrator's regional settings.\n* Some message boxes updated with informative icons.\n* Manual entry text area gets focus automatically on start. \n\nIt comes as a ZIP file that contains three files: \nClientActionsTool.hta – The tool itself. \nCmdkey.exe – command line tool for managing cached credentials. This is needed for alternate credentials feature when running the HTA on Windows XP. Cmdkey.exe is natively available starting from Windows Vista. \nConfig.ini – A configuration file for default settings. This file is not required to run the tool, but if it doesn’t exist, the tool may prompt for the data every time it’s run.\n\nOnly the HTA file is necessary to use this tool. After all, the concept of the tool is simplicity – “one click to rule them all” sort of thing. However, having cmdkey.exe in same folder is a requirement for using alternate credentials when running the HTA on Windows XP. The config.ini file improves usability by keeping default settings for every run.\n\nMake sure you know what one or another action does before initiating it on workstations in production environment! Some of the actions have been explained in documentation.",
    "ReleasedDatge": "0001-01-01T00:00:00",
    "ModifiedDate": "2011-06-10T02:36:07.027-07:00",
    "Files": [
      {
        "Id": "63e10b4f-2263-490f-9fba-03fcd68a76d9",
        "FileName": "ClientActionsTool.zip",
        "Url": "./8/63e10b4f-2263-490f-9fba-03fcd68a76d9",
        "Type": "Application",
        "UploadDate": "2011-06-07T06:45:36.603-07:00"
      }
    ]
  },
  {
    "Id": "9",
    "Name": "SCCM Client Actions Tool v0.4.1",
    "DevelopmentStatus": "Stable",
    "Description": "SCCM Client Actions Tool v0.4.1 is currently outdated. Newer version is available.\n\nIt comes as a ZIP file that contains three files:\n* ClientActionsTool.hta – The tool itself.\n* Cmdkey.exe – command line tool for managing cached credentials. This is needed for alternate credentials feature when running the HTA on Windows XP. Cmdkey.exe is natively available starting from Windows Vista. \n* Config.ini – A configuration file for default settings. This file is not required to run the tool, but if it doesn’t exist, the tool may prompt for the data every time it’s run.\n\nOnly the HTA file is necessary to use this tool. After all, the concept of the tool is simplicity – “one click to rule them all” sort of thing. However, having cmdkey.exe in same folder is a requirement for using alternate credentials when running the HTA on Windows XP. The config.ini file improves usability by keeping default settings for every run.\n\nMake sure you know what one or another action does before initiating it on workstations in production environment! Some of the actions have been explained in documentation.",
    "ReleasedDatge": "0001-01-01T00:00:00",
    "ModifiedDate": "2011-06-10T02:36:24.327-07:00",
    "Files": [
      {
        "Id": "08dcd96a-02a4-4e46-84dc-cd1aa5fa66b7",
        "FileName": "ClientActionsTool.zip",
        "Url": "./9/08dcd96a-02a4-4e46-84dc-cd1aa5fa66b7",
        "Type": "Application",
        "UploadDate": "2011-05-27T00:29:07.75-07:00"
      }
    ]
  },
  {
    "Id": "10",
    "Name": "SCCM Client Actions Tool v1.12",
    "DevelopmentStatus": "Stable",
    "Description": "SCCM Client Actions Tool has got a new successor:  [url:\"PoshCAT\" by Kaido Järvemets|http://blog.coretech.dk/kaj/sccm-client-actions-tool-powershell-edition-aka-poshcat/]. Please check this out before using the old one! The old one has no support any more.\n\nSCCM Client Actions Tool v1.12 is the last version.\n\nIt comes with following changes since last version: \n* Improved WMI date conversion to be aware of timezone differences and DST.\n* Fixed new version check.\n\nThe tool is downloadable as a ZIP file that contains four files: \nClientActionsTool.hta – The tool itself. \nCmdkey.exe – command line tool for managing cached credentials. This is needed for alternate credentials feature when running the HTA on Windows XP. Cmdkey.exe is natively available starting from Windows Vista.\nWol.exe - command line tool from Gammadyne Corporation to send wake up packets to remote computers. \nConfig.ini – A configuration file for default settings. This file is not required to run the tool, but if it doesn’t exist, the tool may prompt for the data every time it’s run.\n\nOnly the HTA file is necessary to use this tool. After all, the concept of the tool is simplicity – “one click to rule them all” sort of thing. However, having cmdkey.exe in same folder is a requirement for using alternate credentials when running the HTA on Windows XP. The config.ini file improves usability by keeping default settings for every run.\n\nMake sure you know what one or another action does before initiating it on workstations in production environment! Some of the actions have been explained in documentation.\n\n[image:Donate to SCCM Client Actions Tool project using PayPal|https://www.paypalobjects.com/en_US/i/btn/btn_donateCC_LG.gif|https://www.paypal.com/cgi-bin/webscr?cmd=_s-xclick&hosted_button_id=MA5YPDLMYVWFJ]",
    "ReleasedDatge": "0001-01-01T00:00:00",
    "ModifiedDate": "2013-08-08T05:20:08.537-07:00",
    "Files": [
      {
        "Id": "9f18edec-063e-4a8d-b6c1-603a84352d7e",
        "FileName": "ClientActionsTool.zip",
        "Url": "./10/9f18edec-063e-4a8d-b6c1-603a84352d7e",
        "Type": "Application",
        "UploadDate": "2012-04-10T05:24:56.843-07:00"
      }
    ]
  }
]