{
  "WorkItem": {
    "AffectedComponent": {
      "Name": "",
      "DisplayName": ""
    },
    "ClosedComment": "",
    "ClosedDate": null,
    "CommentCount": 0,
    "Custom": null,
    "Description": "Hi, I hope I am posting in the correct area.  I am getting an error when I open the HTA.\n \n\"An error occured in the script on this page\"\n \nLine: 5948\nChar: 3\nError: Access is denied\n \nI am using Windows 7 with IE8 - I have local admin rights to the PC and I am the SCCM administrator at my site.  Please let me know me know if you need any more info.  The script seems to continue to work - lots of great options.  I use the Right Click Tools in my console but this is great if the team is not at thier direct workstation with all of our tools.\n \nThanks\n \nKevin Nelson",
    "LastUpdatedDate": "2013-06-14T00:29:24.843-07:00",
    "PlannedForRelease": "Client Actions Tool v1.1",
    "ReleaseVisibleToPublic": true,
    "Priority": {
      "Name": "Low",
      "Severity": 50,
      "Id": 1
    },
    "ProjectName": "sccmcat",
    "ReportedDate": "2012-01-31T10:30:33.94-08:00",
    "Status": {
      "Name": "Resolved",
      "Id": 7
    },
    "ReasonClosed": {
      "Name": "Unassigned"
    },
    "Summary": "Error openning HTA",
    "Type": {
      "Name": "Issue",
      "Id": 3
    },
    "VoteCount": 1,
    "Id": 907
  },
  "FileAttachments": [],
  "Comments": [
    {
      "Message": "This error occurs when SCCM CAT tries to check for updates on Codeplex site on startup. Perhaps you're using proxy? Current release does not support update checks through proxy.\r\nThe error should be suppressed but I guess I overlooked it in this release. I'll fix it in next one. Till then you can work around this error by setting \"checkUpdates\" value to \"No\" in config.ini file.",
      "PostedDate": "2012-01-31T23:32:16.773-08:00",
      "Id": -2147483648
    },
    {
      "Message": "Ok thanks I will make the change in the .ini.  Just as an FYI we don't use a proxy.\r\n\r\nKevin",
      "PostedDate": "2012-02-01T05:27:59.593-08:00",
      "Id": -2147483648
    },
    {
      "Message": "",
      "PostedDate": "2012-02-08T08:31:35.46-08:00",
      "Id": -2147483648
    },
    {
      "Message": "",
      "PostedDate": "2012-02-10T08:46:56.427-08:00",
      "Id": -2147483648
    },
    {
      "Message": "",
      "PostedDate": "2012-02-28T01:54:01.467-08:00",
      "Id": -2147483648
    },
    {
      "Message": "",
      "PostedDate": "2013-02-21T16:59:28.18-08:00",
      "Id": -2147483648
    },
    {
      "Message": "",
      "PostedDate": "2013-05-16T04:24:46.633-07:00",
      "Id": -2147483648
    },
    {
      "Message": "",
      "PostedDate": "2013-05-16T04:24:46.807-07:00",
      "Id": -2147483648
    },
    {
      "Message": "",
      "PostedDate": "2013-06-14T00:29:24.843-07:00",
      "Id": -2147483648
    }
  ]
}