{
  "WorkItem": {
    "AffectedComponent": {
      "Name": "",
      "DisplayName": ""
    },
    "ClosedComment": "",
    "ClosedDate": "2011-11-15T14:21:29.99-08:00",
    "CommentCount": 0,
    "Custom": null,
    "Description": "\"Install SCCM client\" action should allow specifying multiple possible client installation source paths that would be used by ccmsetup.exe when installing.\nUsing the parameter /SOURCE multiple times like this enables remote computer to determing best source for download:\nCcmsetup.exe /source:\"\\\\SERVER1\\Client\" /source:\"\\\\SERVER2\\Client\" /source:\"\\\\SERVER3\\Client\"",
    "LastUpdatedDate": "2013-05-16T04:24:56.107-07:00",
    "PlannedForRelease": "SCCM Client Actions Tool v0.8",
    "ReleaseVisibleToPublic": true,
    "Priority": {
      "Name": "Medium",
      "Severity": 100,
      "Id": 2
    },
    "ProjectName": "sccmcat",
    "ReportedDate": "2011-10-11T10:09:06.163-07:00",
    "Status": {
      "Name": "Closed",
      "Id": 4
    },
    "ReasonClosed": {
      "Name": "Unassigned"
    },
    "Summary": "Add support for multiple client source paths for ccmsetup.exe",
    "Type": {
      "Name": "Feature",
      "Id": 1
    },
    "VoteCount": 2,
    "Id": 628
  },
  "FileAttachments": [],
  "Comments": []
}