{
  "WorkItem": {
    "AffectedComponent": {
      "Name": "",
      "DisplayName": ""
    },
    "ClosedComment": "",
    "ClosedDate": "2011-11-15T14:21:40.34-08:00",
    "CommentCount": 0,
    "Custom": null,
    "Description": "I would like to propose a different format to the LastLog.log for the name.  To allow for an auto-archive like method of creating a new unique file name based on date time.\nSo on Line 220, instead of:\n\tConst logFileName = \"lastLog.log\"\nReplace it with a format function like:\n  Function FmtDigits(ByVal intValue, ByVal intDigits)\n    FmtDigits = Right(String(intDigits - 1, \"0\") & CStr(intValue), intDigits)\n  End Function\n \n  Function FmtDate(ByVal dtValue)\n    FmtDate = FmtDigits(Year(dtValue), 4) _\n            & FmtDigits(Month(dtValue), 2) _\n            & FmtDigits(Day(dtValue), 2) _\n            & FmtDigits(Hour(dtValue), 2) _\n            & FmtDigits(Minute(dtValue), 2)\n  End Function\n  Dim logFileName: logFileName = FmtDate(Now) & \".log\"",
    "LastUpdatedDate": "2013-05-16T04:24:57.197-07:00",
    "PlannedForRelease": "",
    "ReleaseVisibleToPublic": false,
    "Priority": {
      "Name": "Low",
      "Severity": 50,
      "Id": 1
    },
    "ProjectName": "sccmcat",
    "ReportedDate": "2011-08-24T13:14:26.3-07:00",
    "Status": {
      "Name": "Closed",
      "Id": 4
    },
    "ReasonClosed": {
      "Name": "Unassigned"
    },
    "Summary": "Log File Name",
    "Type": {
      "Name": "Issue",
      "Id": 3
    },
    "VoteCount": 1,
    "Id": 522
  },
  "FileAttachments": [],
  "Comments": [
    {
      "Message": "Thank you! I like the idea. Will definitely consider adding this functionality.",
      "PostedDate": "2011-08-24T14:20:22.58-07:00",
      "Id": -2147483648
    },
    {
      "Message": "",
      "PostedDate": "2011-08-24T14:21:01.347-07:00",
      "Id": -2147483648
    },
    {
      "Message": "",
      "PostedDate": "2011-08-24T14:24:40.567-07:00",
      "Id": -2147483648
    },
    {
      "Message": "",
      "PostedDate": "2011-09-06T06:47:09.307-07:00",
      "Id": -2147483648
    },
    {
      "Message": "",
      "PostedDate": "2011-11-15T14:21:40.34-08:00",
      "Id": -2147483648
    },
    {
      "Message": "",
      "PostedDate": "2012-10-31T13:59:09.503-07:00",
      "Id": -2147483648
    },
    {
      "Message": "",
      "PostedDate": "2013-02-21T16:59:34.653-08:00",
      "Id": -2147483648
    },
    {
      "Message": "",
      "PostedDate": "2013-05-16T04:24:57.197-07:00",
      "Id": -2147483648
    }
  ]
}