{
  "WorkItem": {
    "AffectedComponent": {
      "Name": "",
      "DisplayName": ""
    },
    "ClosedComment": "",
    "ClosedDate": null,
    "CommentCount": 0,
    "Custom": null,
    "Description": "For some actions it would be nice to check if user is logged on a computer or how long computer has been idle. For example, when running restart action, it would only be initiated on computer where no one is logged on or idle time > some value. This could be a setting in configuration file.",
    "LastUpdatedDate": "2013-06-14T00:29:28-07:00",
    "PlannedForRelease": "SCCM Client Actions Tool v1.0",
    "ReleaseVisibleToPublic": true,
    "Priority": {
      "Name": "Medium",
      "Severity": 100,
      "Id": 2
    },
    "ProjectName": "sccmcat",
    "ReportedDate": "2011-11-20T22:38:36.28-08:00",
    "Status": {
      "Name": "Resolved",
      "Id": 7
    },
    "ReasonClosed": {
      "Name": "Unassigned"
    },
    "Summary": "Optionally allow suppressing an action if computer is in use",
    "Type": {
      "Name": "Feature",
      "Id": 1
    },
    "VoteCount": 1,
    "Id": 700
  },
  "FileAttachments": [],
  "Comments": []
}