{
  "WorkItem": {
    "AffectedComponent": {
      "Name": "",
      "DisplayName": ""
    },
    "ClosedComment": "",
    "ClosedDate": "2011-11-15T14:21:40.807-08:00",
    "CommentCount": 0,
    "Custom": null,
    "Description": "For US Central Standard Timzone, the bias is being written to the log with +-- in front of it.  This is preventing Trace32 from parsing the log properly, and all it displays is the textInfo and nothing else.\n \nChanged line 4310 from:\n  \t  intTimePart = (Hour(Now)) & \":\" & (Minute(Now)) & \":\" & (Second(Now)) & \".\" & intMilliseconds & \"+-\" & currentTimezoneBias\nto:\n\t  intTimePart = (Hour(Now)) & \":\" & (Minute(Now)) & \":\" & (Second(Now)) & \".\" & intMilliseconds & \"+\" & currentTimezoneBias\n \nNot sure if this creates problems with the TimezoneBias in other regions",
    "LastUpdatedDate": "2013-05-16T04:24:57.377-07:00",
    "PlannedForRelease": "",
    "ReleaseVisibleToPublic": false,
    "Priority": {
      "Name": "Low",
      "Severity": 50,
      "Id": 1
    },
    "ProjectName": "sccmcat",
    "ReportedDate": "2011-08-24T13:09:05.137-07:00",
    "Status": {
      "Name": "Closed",
      "Id": 4
    },
    "ReasonClosed": {
      "Name": "Unassigned"
    },
    "Summary": "TimeZone Bias having additional characters thrown in.",
    "Type": {
      "Name": "Issue",
      "Id": 3
    },
    "VoteCount": 1,
    "Id": 521
  },
  "FileAttachments": [],
  "Comments": [
    {
      "Message": "Nice catch. I will test this in different time zones and if replacing \"+-\" with \"+\" works everywhere then this fix will be included in next release. ",
      "PostedDate": "2011-08-24T14:26:09.297-07:00",
      "Id": -2147483648
    },
    {
      "Message": "",
      "PostedDate": "2011-08-24T14:26:30.72-07:00",
      "Id": -2147483648
    },
    {
      "Message": "",
      "PostedDate": "2011-09-06T06:47:06.117-07:00",
      "Id": -2147483648
    },
    {
      "Message": "",
      "PostedDate": "2011-11-15T14:21:40.807-08:00",
      "Id": -2147483648
    },
    {
      "Message": "",
      "PostedDate": "2012-10-31T13:59:09.503-07:00",
      "Id": -2147483648
    },
    {
      "Message": "",
      "PostedDate": "2013-02-21T16:59:34.83-08:00",
      "Id": -2147483648
    },
    {
      "Message": "",
      "PostedDate": "2013-05-16T04:24:57.377-07:00",
      "Id": -2147483648
    }
  ]
}