{
  "WorkItem": {
    "AffectedComponent": {
      "Name": "",
      "DisplayName": ""
    },
    "ClosedComment": "",
    "ClosedDate": null,
    "CommentCount": 0,
    "Custom": null,
    "Description": "With the use of files for input, it might be helpful if when the ping test is done and off-line computers are placed int the Offline_Computers.txt that the computers that are successfully pinged would be added to an OnLine_Computers.txt. The other checks or fixes could use this file and be faster as the ping check will not be needed or if done that job will be much faster.",
    "LastUpdatedDate": "2013-06-14T00:29:25.57-07:00",
    "PlannedForRelease": "Client Actions Tool v1.1",
    "ReleaseVisibleToPublic": true,
    "Priority": {
      "Name": "Low",
      "Severity": 50,
      "Id": 1
    },
    "ProjectName": "sccmcat",
    "ReportedDate": "2012-01-14T12:20:18.75-08:00",
    "Status": {
      "Name": "Resolved",
      "Id": 7
    },
    "ReasonClosed": {
      "Name": "Unassigned"
    },
    "Summary": "Off Line Computers File Excellent! Add List of On Line as well?",
    "Type": {
      "Name": "Feature",
      "Id": 1
    },
    "VoteCount": 1,
    "Id": 825
  },
  "FileAttachments": [
    {
      "FileId": 94,
      "FileName": "ClientActionsToolWithOnlineComputersPingReport.hta.txt",
      "DownloadUrl": ".\\94"
    },
    {
      "FileId": 95,
      "FileName": "configWithOnlineComputersPingReport..ini.txt",
      "DownloadUrl": ".\\95"
    }
  ],
  "Comments": [
    {
      "Message": "I haven't used Vbscript in 15 years and never did HTA, but here is my version which when doing the ping test outputs an Online_Computers.txt file of the successful pings.",
      "PostedDate": "2012-01-14T13:25:11.097-08:00",
      "Id": -2147483648
    },
    {
      "Message": "",
      "PostedDate": "2012-01-14T13:28:23.743-08:00",
      "Id": -2147483648
    },
    {
      "Message": "You need to add the \r\nsaveOnlineComputers = \"yes\"\r\n\r\nI put it after the saveOfflineComputers = \"yes\"\r\n\r\nAlso the attached file has the never version number for the advanced client.\r\nlatestClientVersion = \"4.00.6487.2157\"\r\nI am sure this hack could be done better, but it worked for what I wanted! What a create tool!!",
      "PostedDate": "2012-01-14T13:28:24.173-08:00",
      "Id": -2147483648
    },
    {
      "Message": "Thank you! That's a nice contribution. \r\nI'll review the script and you'll see this feature in next version upgrade.",
      "PostedDate": "2012-01-14T16:22:10.923-08:00",
      "Id": -2147483648
    },
    {
      "Message": "",
      "PostedDate": "2012-02-23T00:47:11.14-08:00",
      "Id": -2147483648
    },
    {
      "Message": "",
      "PostedDate": "2012-02-28T01:54:01.467-08:00",
      "Id": -2147483648
    },
    {
      "Message": "",
      "PostedDate": "2013-02-21T16:59:28.747-08:00",
      "Id": -2147483648
    },
    {
      "Message": "",
      "PostedDate": "2013-05-16T04:24:47.67-07:00",
      "Id": -2147483648
    },
    {
      "Message": "",
      "PostedDate": "2013-05-16T04:24:47.853-07:00",
      "Id": -2147483648
    },
    {
      "Message": "",
      "PostedDate": "2013-06-14T00:29:25.57-07:00",
      "Id": -2147483648
    }
  ]
}