{
  "WorkItem": {
    "AffectedComponent": {
      "Name": "",
      "DisplayName": ""
    },
    "ClosedComment": "",
    "ClosedDate": null,
    "CommentCount": 0,
    "Custom": null,
    "Description": "Add action to query current WSUS location that Windows Update Agent is using.\n \nFrom registry: HKEY_LOCAL_MACHINE\\SOFTWARE\\Policies\\Microsoft\\Windows\\WindowsUpdate\\WUServer\n \nFrom WMI:\nNS: Root\\ccm\\SoftwareUpdates\\WUAHandler\nClass: CCM_UpdateSource\nInstance property: ContentLocation",
    "LastUpdatedDate": "2013-06-14T00:29:26.71-07:00",
    "PlannedForRelease": "SCCM Client Actions Tool v1.0",
    "ReleaseVisibleToPublic": true,
    "Priority": {
      "Name": "Low",
      "Severity": 50,
      "Id": 1
    },
    "ProjectName": "sccmcat",
    "ReportedDate": "2011-12-05T02:06:33.253-08:00",
    "Status": {
      "Name": "Resolved",
      "Id": 7
    },
    "ReasonClosed": {
      "Name": "Unassigned"
    },
    "Summary": "Query for current WSUS location",
    "Type": {
      "Name": "Feature",
      "Id": 1
    },
    "VoteCount": 1,
    "Id": 730
  },
  "FileAttachments": [],
  "Comments": []
}