{
  "WorkItem": {
    "AffectedComponent": {
      "Name": "",
      "DisplayName": ""
    },
    "ClosedComment": "Included in v0.6.",
    "ClosedDate": "2011-08-22T05:52:00.367-07:00",
    "CommentCount": 0,
    "Custom": null,
    "Description": "I would like to suggest the ability to add multiple alternate credentials as I work in a large enterprise environment with multiple domains. Having the ability to add multiple accounts and then the tool attempt use any account with sufficient rights would vastly improve the tools useability for me.\n \nBen",
    "LastUpdatedDate": "2013-05-16T04:24:58.233-07:00",
    "PlannedForRelease": "",
    "ReleaseVisibleToPublic": false,
    "Priority": {
      "Name": "High",
      "Severity": 150,
      "Id": 3
    },
    "ProjectName": "sccmcat",
    "ReportedDate": "2011-07-11T23:22:06.943-07:00",
    "Status": {
      "Name": "Closed",
      "Id": 4
    },
    "ReasonClosed": {
      "Name": "Unassigned"
    },
    "Summary": "Add support for multiple alternate credentials",
    "Type": {
      "Name": "Feature",
      "Id": 1
    },
    "VoteCount": 1,
    "Id": 428
  },
  "FileAttachments": [],
  "Comments": []
}