{
  "WorkItem": {
    "AffectedComponent": {
      "Name": "",
      "DisplayName": ""
    },
    "ClosedComment": "",
    "ClosedDate": null,
    "CommentCount": 0,
    "Custom": null,
    "Description": "Add an action that would check if remote computers are waiting for reboot or not. Optionally it would be possible to use same approach in \"Restart computer\" action that would only run if computer is in fact \"reboot pending\" state.\nThis registry value could be used to identify those:\nhttp://technet.microsoft.com/en-us/library/cc960241.aspx",
    "LastUpdatedDate": "2013-06-14T00:29:27.797-07:00",
    "PlannedForRelease": "SCCM Client Actions Tool v1.0",
    "ReleaseVisibleToPublic": true,
    "Priority": {
      "Name": "Low",
      "Severity": 50,
      "Id": 1
    },
    "ProjectName": "sccmcat",
    "ReportedDate": "2011-11-21T02:14:18.19-08:00",
    "Status": {
      "Name": "Resolved",
      "Id": 7
    },
    "ReasonClosed": {
      "Name": "Unassigned"
    },
    "Summary": "Add action to query reboot pending state on computers",
    "Type": {
      "Name": "Feature",
      "Id": 1
    },
    "VoteCount": 1,
    "Id": 701
  },
  "FileAttachments": [],
  "Comments": [
    {
      "Message": "Hi your tool is excellent but there is an issue with the action of Get reboot pending state. It cannot detect some pending reboot states on Windows 2008 servers. There are two links below for your reference.\r\n\r\nhttp://technet.microsoft.com/en-us/library/ee649098.aspx\r\nhttp://technet.microsoft.com/en-us/library/cc164360%28v=exchg.80%29.aspx",
      "PostedDate": "2012-05-24T21:53:50.2-07:00",
      "Id": -2147483648
    },
    {
      "Message": "The tool was never designed to run remote actions on servers, although many of these work there. So, basically this is out of scope issue.\r\nCurrently there are no plans to continue development of this tool.",
      "PostedDate": "2012-05-25T15:49:55.243-07:00",
      "Id": -2147483648
    },
    {
      "Message": "",
      "PostedDate": "2013-02-21T16:59:31.32-08:00",
      "Id": -2147483648
    },
    {
      "Message": "",
      "PostedDate": "2013-05-16T04:24:52.35-07:00",
      "Id": -2147483648
    },
    {
      "Message": "",
      "PostedDate": "2013-05-16T04:24:52.52-07:00",
      "Id": -2147483648
    },
    {
      "Message": "",
      "PostedDate": "2013-06-14T00:29:27.797-07:00",
      "Id": -2147483648
    }
  ]
}