{
  "WorkItem": {
    "AffectedComponent": {
      "Name": "",
      "DisplayName": ""
    },
    "ClosedComment": "",
    "ClosedDate": null,
    "CommentCount": 0,
    "Custom": null,
    "Description": "Failed to connect to WMI namespace \"root\\CIMV2\".\n\nError -2147023174 (The RPC server is unavailable. )\n\nPlease help me in this case",
    "LastUpdatedDate": "2017-04-10T03:20:05.67-07:00",
    "PlannedForRelease": "",
    "ReleaseVisibleToPublic": false,
    "Priority": {
      "Name": "Unassigned",
      "Severity": 0,
      "Id": 0
    },
    "ProjectName": "sccmcat",
    "ReportedDate": "2017-04-10T03:20:05.67-07:00",
    "Status": {
      "Name": "Proposed",
      "Id": 1
    },
    "ReasonClosed": {
      "Name": "Unassigned"
    },
    "Summary": "Error Installing SCCM agent using Client Action Tools",
    "Type": {
      "Name": "Unassigned",
      "Id": 5
    },
    "VoteCount": 1,
    "Id": 1678
  },
  "FileAttachments": [],
  "Comments": []
}