{
  "WorkItem": {
    "AffectedComponent": {
      "Name": "",
      "DisplayName": ""
    },
    "ClosedComment": "",
    "ClosedDate": null,
    "CommentCount": 0,
    "Custom": null,
    "Description": "Health check indicates that Windows 7 client is unhealthy because wuauserv was set to manual start. That would have been valid for 2003 OS or XP clients but for Windows 7 & 2008 it appears that manual can be a valid setting also as it starts on demand.",
    "LastUpdatedDate": "2013-06-14T00:29:25.093-07:00",
    "PlannedForRelease": "Client Actions Tool v1.1",
    "ReleaseVisibleToPublic": true,
    "Priority": {
      "Name": "Low",
      "Severity": 50,
      "Id": 1
    },
    "ProjectName": "sccmcat",
    "ReportedDate": "2012-01-17T14:06:12.597-08:00",
    "Status": {
      "Name": "Resolved",
      "Id": 7
    },
    "ReasonClosed": {
      "Name": "Unassigned"
    },
    "Summary": "Consider wuauserv manual startup healthy on Windows 7",
    "Type": {
      "Name": "Issue",
      "Id": 3
    },
    "VoteCount": 1,
    "Id": 832
  },
  "FileAttachments": [],
  "Comments": []
}