{
  "WorkItem": {
    "AffectedComponent": {
      "Name": "",
      "DisplayName": ""
    },
    "ClosedComment": "I&#39;ve decided not to implement this in GUI. This is because currently there&#39;s not enough room right now and I have no plans to make any more major changes in HTA version of SCCM CAT. I hope to start developing a successor to this tool that will be more functional. ",
    "ClosedDate": "2012-02-22T04:38:47.62-08:00",
    "CommentCount": 0,
    "Custom": null,
    "Description": "Add the GUI controls for specifying any number of paths to SCCM client patches.\n \nCommand line would be built based on control values. For example:\nCcmsetup.exe /service /Source:\"\\\\SERVER\\CLIENT\" PATCH=\\\\Server\\CLIENT\\i386\\hotfix\\KB977384\\update1.msp;\\\\Server\\client\\i386\\hotfix\\KB2586709\\update2.msp",
    "LastUpdatedDate": "2013-05-16T04:24:48.37-07:00",
    "PlannedForRelease": "",
    "ReleaseVisibleToPublic": false,
    "Priority": {
      "Name": "Low",
      "Severity": 50,
      "Id": 1
    },
    "ProjectName": "sccmcat",
    "ReportedDate": "2012-01-12T14:35:56.213-08:00",
    "Status": {
      "Name": "Closed",
      "Id": 4
    },
    "ReasonClosed": {
      "Name": "Unassigned"
    },
    "Summary": "Add PATCH property support in client install configuration GUI",
    "Type": {
      "Name": "Feature",
      "Id": 1
    },
    "VoteCount": 2,
    "Id": 819
  },
  "FileAttachments": [],
  "Comments": [
    {
      "Message": "I've decided not to implement this in GUI. This is because currently there's not enough room right now and I have no plans to make any more major changes in HTA version of SCCM CAT. I hope to start developing a successor to this tool that will be more functional.",
      "PostedDate": "2012-02-22T04:38:24.133-08:00",
      "Id": -2147483648
    },
    {
      "Message": "",
      "PostedDate": "2012-02-22T04:38:47.62-08:00",
      "Id": -2147483648
    },
    {
      "Message": "",
      "PostedDate": "2013-02-21T16:59:29.107-08:00",
      "Id": -2147483648
    },
    {
      "Message": "",
      "PostedDate": "2013-05-16T04:24:48.37-07:00",
      "Id": -2147483648
    }
  ]
}