{
  "WorkItem": {
    "AffectedComponent": {
      "Name": "",
      "DisplayName": ""
    },
    "ClosedComment": "",
    "ClosedDate": null,
    "CommentCount": 0,
    "Custom": null,
    "Description": "not sure its just my environment or workstations but some times i can make it through a list of 500 machines with some actions but others if can get only a few in and the tool stops working. generally this is accompanied by a script error, asking if i want to continue running scripts.",
    "LastUpdatedDate": "2013-06-14T00:29:24.627-07:00",
    "PlannedForRelease": "Client Actions Tool v1.1",
    "ReleaseVisibleToPublic": true,
    "Priority": {
      "Name": "Medium",
      "Severity": 100,
      "Id": 2
    },
    "ProjectName": "sccmcat",
    "ReportedDate": "2012-02-10T06:53:53.287-08:00",
    "Status": {
      "Name": "Resolved",
      "Id": 7
    },
    "ReasonClosed": {
      "Name": "Unassigned"
    },
    "Summary": "Random stops",
    "Type": {
      "Name": "Issue",
      "Id": 3
    },
    "VoteCount": 1,
    "Id": 917
  },
  "FileAttachments": [
    {
      "FileId": 123,
      "FileName": "sccmcat.docx",
      "DownloadUrl": ".\\123"
    }
  ],
  "Comments": [
    {
      "Message": "Can you provide the script error details (line number where issue occurred)?\r\nOf course as the tool is basically a script in a single thread, it does not update as a normal Windows application and might seem to be frozen during processing. However, if you've seen script error, then there's definitely something that should be checked.",
      "PostedDate": "2012-02-10T07:21:34.9-08:00",
      "Id": -2147483648
    },
    {
      "Message": "i will try and generate it today and attach a file to the thread\r\n\r\nthanks",
      "PostedDate": "2012-02-10T08:11:16.75-08:00",
      "Id": -2147483648
    },
    {
      "Message": "",
      "PostedDate": "2012-02-10T09:43:12.407-08:00",
      "Id": -2147483648
    },
    {
      "Message": "it spit out the error after 103 machines  here is the screenshot",
      "PostedDate": "2012-02-10T09:43:13.103-08:00",
      "Id": -2147483648
    },
    {
      "Message": "Thank you. \r\nAs the error message really doesn't give any clues then I will just try and see if I can reproduce this issue. \r\nI have plans to start all processes in separate IE window in next version, so that the tool and the processing would be running in separate threads. May be that would fix this problem.\r\nI'll keep this issue open.",
      "PostedDate": "2012-02-10T12:02:08.283-08:00",
      "Id": -2147483648
    },
    {
      "Message": "",
      "PostedDate": "2012-02-10T12:02:29.853-08:00",
      "Id": -2147483648
    },
    {
      "Message": "thanks very much, and can i say this too is overall amazing it has fixed a pile of computers for us :)",
      "PostedDate": "2012-02-10T15:04:17.263-08:00",
      "Id": -2147483648
    },
    {
      "Message": "",
      "PostedDate": "2012-02-24T16:18:40.577-08:00",
      "Id": -2147483648
    },
    {
      "Message": "",
      "PostedDate": "2012-02-28T01:54:01.467-08:00",
      "Id": -2147483648
    },
    {
      "Message": "",
      "PostedDate": "2013-02-21T16:59:27.96-08:00",
      "Id": -2147483648
    },
    {
      "Message": "",
      "PostedDate": "2013-05-16T04:24:46.147-07:00",
      "Id": -2147483648
    },
    {
      "Message": "",
      "PostedDate": "2013-05-16T04:24:46.433-07:00",
      "Id": -2147483648
    },
    {
      "Message": "",
      "PostedDate": "2013-06-14T00:29:24.627-07:00",
      "Id": -2147483648
    }
  ]
}