{
  "WorkItem": {
    "AffectedComponent": {
      "Name": "",
      "DisplayName": ""
    },
    "ClosedComment": "",
    "ClosedDate": "2011-12-08T10:04:40.227-08:00",
    "CommentCount": 0,
    "Custom": null,
    "Description": "I am just getting familiar with HTA language and I am sure this is something easy, but I can't seem to get it to work,  We only have one site server, so I would like to hard code that into the HTA file.  What line do I need to change and what would be the syntax?",
    "LastUpdatedDate": "2013-05-16T04:24:49.79-07:00",
    "PlannedForRelease": "",
    "ReleaseVisibleToPublic": false,
    "Priority": {
      "Name": "Low",
      "Severity": 50,
      "Id": 1
    },
    "ProjectName": "sccmcat",
    "ReportedDate": "2011-12-08T06:56:46.94-08:00",
    "Status": {
      "Name": "Closed",
      "Id": 4
    },
    "ReasonClosed": {
      "Name": "Unassigned"
    },
    "Summary": "Hard Code Site Server",
    "Type": {
      "Name": "Issue",
      "Id": 3
    },
    "VoteCount": 1,
    "Id": 743
  },
  "FileAttachments": [],
  "Comments": [
    {
      "Message": "There's no need to hardcode site server as there is a parameter in config.ini file for that. Just set \"SiteServer\" value to your site server name and this will be default.\r\nRead more about config.ini file in documentation WiKi:\r\nhttp://sccmcat.codeplex.com/wikipage?title=Configuration File\r\n",
      "PostedDate": "2011-12-08T08:23:34.39-08:00",
      "Id": -2147483648
    },
    {
      "Message": "That was too easy!  Thank you very much!!",
      "PostedDate": "2011-12-08T09:11:21.113-08:00",
      "Id": -2147483648
    },
    {
      "Message": "",
      "PostedDate": "2011-12-08T10:04:40.227-08:00",
      "Id": -2147483648
    },
    {
      "Message": "",
      "PostedDate": "2013-02-21T16:59:29.907-08:00",
      "Id": -2147483648
    },
    {
      "Message": "",
      "PostedDate": "2013-05-16T04:24:49.79-07:00",
      "Id": -2147483648
    }
  ]
}