<LayoutModificationTemplate xmlns:defaultlayout="http://schemas.microsoft.com/Start/2014/FullDefaultLayout" xmlns:start="http://schemas.microsoft.com/Start/2014/StartLayout" Version="1" xmlns="http://schemas.microsoft.com/Start/2014/LayoutModification">
  <LayoutOptions StartTileGroupCellWidth="6" />
  <DefaultLayoutOverride>
    <StartLayoutCollection>
      <defaultlayout:StartLayout GroupCellWidth="6">
        <start:Group Name="Create">
          <start:Folder Size="2x2" Column="0" Row="0">
            <start:Tile Size="2x2" Column="2" Row="0" AppUserModelID="Microsoft.BingWeather_8wekyb3d8bbwe!App" />
          </start:Folder>
          <start:DesktopApplicationTile Size="2x2" Column="4" Row="4" DesktopApplicationLinkPath="%APPDATA%\Microsoft\Windows\Start Menu\Programs\Accessories\Internet Explorer.lnk" />
          <start:Tile Size="2x2" Column="0" Row="4" AppUserModelID="microsoft.windowscommunicationsapps_8wekyb3d8bbwe!Microsoft.WindowsLive.Calendar" />
          <start:Tile Size="2x2" Column="4" Row="0" AppUserModelID="Microsoft.MicrosoftEdge_8wekyb3d8bbwe!MicrosoftEdge" />
          <start:Tile Size="2x2" Column="2" Row="2" AppUserModelID="Microsoft.WindowsAlarms_8wekyb3d8bbwe!App" />
        </start:Group>
        <start:Group Name="Play">
          <start:Tile Size="1x1" Column="3" Row="0" AppUserModelID="Microsoft.ZuneMusic_8wekyb3d8bbwe!Microsoft.ZuneMusic" />
          <start:Tile Size="2x2" Column="2" Row="4" AppUserModelID="Microsoft.XboxApp_8wekyb3d8bbwe!Microsoft.XboxApp" />
          <start:Tile Size="1x1" Column="2" Row="0" AppUserModelID="Microsoft.ZuneVideo_8wekyb3d8bbwe!Microsoft.ZuneVideo" />
          <start:Tile Size="1x1" Column="2" Row="1" AppUserModelID="Microsoft.WindowsCalculator_8wekyb3d8bbwe!App" />
          <start:Tile Size="2x2" Column="0" Row="2" AppUserModelID="Microsoft.RemoteDesktop_8wekyb3d8bbwe!App" />
          <start:Tile Size="1x1" Column="3" Row="1" AppUserModelID="Microsoft.WindowsMaps_8wekyb3d8bbwe!App" />
          <start:Tile Size="2x2" Column="4" Row="2" AppUserModelID="Microsoft.Getstarted_8wekyb3d8bbwe!App" />
        </start:Group>
      </defaultlayout:StartLayout>
    </StartLayoutCollection>
  </DefaultLayoutOverride>
</LayoutModificationTemplate>