{
  "WorkItem": {
    "AffectedComponent": {
      "Name": "",
      "DisplayName": ""
    },
    "ClosedComment": "Included in v0.6.",
    "ClosedDate": "2011-08-22T05:51:17.96-07:00",
    "CommentCount": 0,
    "Custom": null,
    "Description": "When a health check is run it would be nice to get the list of only these clients where health check failed and use them as a target list to execute other actions.",
    "LastUpdatedDate": "2013-05-16T04:24:57.567-07:00",
    "PlannedForRelease": "",
    "ReleaseVisibleToPublic": false,
    "Priority": {
      "Name": "Medium",
      "Severity": 100,
      "Id": 2
    },
    "ProjectName": "sccmcat",
    "ReportedDate": "2011-07-11T23:28:50.79-07:00",
    "Status": {
      "Name": "Closed",
      "Id": 4
    },
    "ReasonClosed": {
      "Name": "Unassigned"
    },
    "Summary": "Add possibility to use the list of only unhealthy clients after health check",
    "Type": {
      "Name": "Issue",
      "Id": 3
    },
    "VoteCount": 1,
    "Id": 430
  },
  "FileAttachments": [],
  "Comments": []
}