{
  "WorkItem": {
    "AffectedComponent": {
      "Name": "",
      "DisplayName": ""
    },
    "ClosedComment": "",
    "ClosedDate": null,
    "CommentCount": 0,
    "Custom": null,
    "Description": "Tried to run a ping test against an excel spreadsheet exported from SCCM. Didn't realize that the computer names in the second col. not the first. instead site names in first col.  Wanted to stop the job but couldn't, unless I killed the task in taskmanager. Also could not move app window by dragging menu bar.\n \nTo err is human, to fix is to program. Nice product, really helpful.",
    "LastUpdatedDate": "2013-06-14T00:29:25.327-07:00",
    "PlannedForRelease": "Client Actions Tool v1.1",
    "ReleaseVisibleToPublic": true,
    "Priority": {
      "Name": "Medium",
      "Severity": 100,
      "Id": 2
    },
    "ProjectName": "sccmcat",
    "ReportedDate": "2012-01-14T12:23:35.377-08:00",
    "Status": {
      "Name": "Resolved",
      "Id": 7
    },
    "ReasonClosed": {
      "Name": "Unassigned"
    },
    "Summary": "Perhaps a stop execution button?",
    "Type": {
      "Name": "Feature",
      "Id": 1
    },
    "VoteCount": 1,
    "Id": 826
  },
  "FileAttachments": [],
  "Comments": [
    {
      "Message": "Yeah, that's one thing that has been disturbing me as well. Unfortunately SCCM CAT is nothing more than a script in IE window and it runs in single thread.\r\nThere's an option to initiate action in separate IE window, but it's a nasty approach in my opinion. Unless there are no other suggestions, then I might look into this separate window solution.",
      "PostedDate": "2012-01-14T16:25:08.03-08:00",
      "Id": -2147483648
    },
    {
      "Message": "",
      "PostedDate": "2012-02-24T16:18:04.617-08:00",
      "Id": -2147483648
    },
    {
      "Message": "",
      "PostedDate": "2012-02-28T01:54:01.467-08:00",
      "Id": -2147483648
    },
    {
      "Message": "",
      "PostedDate": "2013-02-21T16:59:28.533-08:00",
      "Id": -2147483648
    },
    {
      "Message": "",
      "PostedDate": "2013-05-16T04:24:47.327-07:00",
      "Id": -2147483648
    },
    {
      "Message": "",
      "PostedDate": "2013-05-16T04:24:47.463-07:00",
      "Id": -2147483648
    },
    {
      "Message": "",
      "PostedDate": "2013-06-14T00:29:25.327-07:00",
      "Id": -2147483648
    }
  ]
}