<?xml version="1.0" encoding="UTF-8"?>
<DefaultAssociations>
  <Association Identifier=".3gp2" ProgId="WMP11.AssocFile.3G2" ApplicationName="Windows Media Player" />
  <Association Identifier=".arw" ProgId="AppX43hnxtbyyps62jhe9sqpdzxn1790zetc" ApplicationName="Photos" />
  <Association Identifier=".bmp" ProgId="AppX43hnxtbyyps62jhe9sqpdzxn1790zetc" ApplicationName="Photos" />
  <Association Identifier=".cr2" ProgId="AppX43hnxtbyyps62jhe9sqpdzxn1790zetc" ApplicationName="Photos" />
  <Association Identifier=".crw" ProgId="AppX43hnxtbyyps62jhe9sqpdzxn1790zetc" ApplicationName="Photos" />
  <Association Identifier=".dib" ProgId="AppX43hnxtbyyps62jhe9sqpdzxn1790zetc" ApplicationName="Photos" />
  <Association Identifier=".docx" ProgId="Word.Document.12" ApplicationName="Word" />
  <Association Identifier=".epub" ProgId="AppXvepbp3z66accmsd0x877zbbxjctkpr6t" ApplicationName="Microsoft Edge" />
  <Association Identifier=".erf" ProgId="AppX43hnxtbyyps62jhe9sqpdzxn1790zetc" ApplicationName="Photos" />
  <Association Identifier=".gif" ProgId="AppX43hnxtbyyps62jhe9sqpdzxn1790zetc" ApplicationName="Photos" />
  <Association Identifier=".hmtl" ProgId="Applications\chrome.exe" ApplicationName="Google Chrome" />
  <Association Identifier=".htm" ProgId="AppX4hxtad77fbk3jkkeerkrm0ze94wjf3s9" ApplicationName="Microsoft Edge" />
  <Association Identifier=".html" ProgId="AppX4hxtad77fbk3jkkeerkrm0ze94wjf3s9" ApplicationName="Microsoft Edge" />
  <Association Identifier=".ica" ProgId="Citrix.ICAClient.2.11" ApplicationName="Citrix Connection Manager" />
  <Association Identifier=".ico" ProgId="AppX43hnxtbyyps62jhe9sqpdzxn1790zetc" ApplicationName="Photos" />
  <Association Identifier=".jfif" ProgId="AppX43hnxtbyyps62jhe9sqpdzxn1790zetc" ApplicationName="Photos" />
  <Association Identifier=".jpe" ProgId="AppX43hnxtbyyps62jhe9sqpdzxn1790zetc" ApplicationName="Photos" />
  <Association Identifier=".jpeg" ProgId="AppX43hnxtbyyps62jhe9sqpdzxn1790zetc" ApplicationName="Photos" />
  <Association Identifier=".jpg" ProgId="AppX43hnxtbyyps62jhe9sqpdzxn1790zetc" ApplicationName="Photos" />
  <Association Identifier=".jxr" ProgId="AppX43hnxtbyyps62jhe9sqpdzxn1790zetc" ApplicationName="Photos" />
  <Association Identifier=".kdc" ProgId="AppX43hnxtbyyps62jhe9sqpdzxn1790zetc" ApplicationName="Photos" />
  <Association Identifier=".log" ProgId="Log.File" ApplicationName="Configuration Manager Trace Log Tool" />
  <Association Identifier=".MP2" ProgId="WMP11.AssocFile.MP3" ApplicationName="Windows Media Player" />
  <Association Identifier=".mrw" ProgId="AppX43hnxtbyyps62jhe9sqpdzxn1790zetc" ApplicationName="Photos" />
  <Association Identifier=".nef" ProgId="AppX43hnxtbyyps62jhe9sqpdzxn1790zetc" ApplicationName="Photos" />
  <Association Identifier=".nrw" ProgId="AppX43hnxtbyyps62jhe9sqpdzxn1790zetc" ApplicationName="Photos" />
  <Association Identifier=".orf" ProgId="AppX43hnxtbyyps62jhe9sqpdzxn1790zetc" ApplicationName="Photos" />
  <Association Identifier=".oxps" ProgId="Windows.XPSReachViewer" ApplicationName="XPS Viewer" />
  <Association Identifier=".pdf" ProgId="AcroExch.Document.DC" ApplicationName="Adobe Acrobat Reader DC" />
  <Association Identifier=".pef" ProgId="AppX43hnxtbyyps62jhe9sqpdzxn1790zetc" ApplicationName="Photos" />
  <Association Identifier=".png" ProgId="AppX43hnxtbyyps62jhe9sqpdzxn1790zetc" ApplicationName="Photos" />
  <Association Identifier=".raf" ProgId="AppX43hnxtbyyps62jhe9sqpdzxn1790zetc" ApplicationName="Photos" />
  <Association Identifier=".raw" ProgId="AppX43hnxtbyyps62jhe9sqpdzxn1790zetc" ApplicationName="Photos" />
  <Association Identifier=".rw2" ProgId="AppX43hnxtbyyps62jhe9sqpdzxn1790zetc" ApplicationName="Photos" />
  <Association Identifier=".rwl" ProgId="AppX43hnxtbyyps62jhe9sqpdzxn1790zetc" ApplicationName="Photos" />
  <Association Identifier=".sr2" ProgId="AppX43hnxtbyyps62jhe9sqpdzxn1790zetc" ApplicationName="Photos" />
  <Association Identifier=".srw" ProgId="AppX43hnxtbyyps62jhe9sqpdzxn1790zetc" ApplicationName="Photos" />
  <Association Identifier=".tif" ProgId="PhotoViewer.FileAssoc.Tiff" ApplicationName="Windows Photo Viewer" />
  <Association Identifier=".tiff" ProgId="PhotoViewer.FileAssoc.Tiff" ApplicationName="Windows Photo Viewer" />
  <Association Identifier=".txt" ProgId="txtfile" ApplicationName="Notepad" />
  <Association Identifier=".url" ProgId="IE.AssocFile.URL" ApplicationName="Internet Browser" />
  <Association Identifier=".wdp" ProgId="AppX43hnxtbyyps62jhe9sqpdzxn1790zetc" ApplicationName="Photos" />
  <Association Identifier=".website" ProgId="IE.AssocFile.WEBSITE" ApplicationName="Internet Explorer" />
  <Association Identifier=".xps" ProgId="Windows.XPSReachViewer" ApplicationName="XPS Viewer" />
  <Association Identifier="http" ProgId="AppXq0fevzme2pys62n3e0fbqa7peapykr8v" ApplicationName="Microsoft Edge" />
  <Association Identifier="https" ProgId="AppX90nv6nhay5n6a98fnetv7tpk64pp35es" ApplicationName="Microsoft Edge" />
  <Association Identifier="mailto" ProgId="Outlook.URL.mailto.15" ApplicationName="Outlook" />
</DefaultAssociations>