<gs:GlobalizationServices xmlns:gs="urn:longhornGlobalizationUnattend">
    <!--User List-->
    <gs:UserList>
        <gs:User UserID="Current" CopySettingsToSystemAcct="true" CopySettingsToDefaultUserAcct="true" /> 
    </gs:UserList>

    <!--Display Language--> 
    <gs:MUILanguagePreferences> 
        <gs:MUILanguage Value="en-US" /> 
        <gs:MUIFallback Value="en-US" /> 
    </gs:MUILanguagePreferences> 

    <!-- system locale -->
    <gs:SystemLocale Name="en-US"/>

    <!--User Locale-->
    <gs:UserLocale> 
        <gs:Locale Name="zh-TW" SetAsCurrent="true" ResetAllSettings="true"/>
    </gs:UserLocale>

    <!--input preferences--> 
    <gs:InputPreferences> 

        <!--en-US--> 
        <gs:InputLanguageID Action="add" ID="0409:00000409" Default="true"/> 

        <!--zh-Hant-TW--> 
        <gs:InputLanguageID Action="add" ID="0404:{B115690A-EA02-48D5-A231-E3578D2FDF80}{B2F9C502-1742-11D4-9790-0080C882687E}"/>

        <!--zh-Hans-SG--> 
        <gs:InputLanguageID Action="add" ID="0804:{81D4E9C9-1D3B-41BC-9E6C-4B40BF79E35E}{FA550B04-5AD7-411f-A5AC-CA038EC515D7}"/>

    </gs:InputPreferences> 

    <!--location--> 
    <gs:LocationPreferences> 
        <gs:GeoID Value="237"/> 
    </gs:LocationPreferences>
</gs:GlobalizationServices>  