{
  "WorkItem": {
    "AffectedComponent": {
      "Name": "",
      "DisplayName": ""
    },
    "ClosedComment": "",
    "ClosedDate": null,
    "CommentCount": 0,
    "Custom": null,
    "Description": "first of all - great superduper tool\n\n1.) triggering SW invertory full brings up a fault\n\n2.) is it possible to implement a read Funktion (declared in config ) for  regkeys ?  example  :  i need  within full health check two additional regkeys read ( FEP date and deployed policyname )  thats will be fine to be implemented with only read and post to log . \n\n\nthanks\n\nDieter",
    "LastUpdatedDate": "2014-02-12T03:26:43.123-08:00",
    "PlannedForRelease": "",
    "ReleaseVisibleToPublic": false,
    "Priority": {
      "Name": "Unassigned",
      "Severity": 0,
      "Id": 0
    },
    "ProjectName": "sccmcat",
    "ReportedDate": "2014-02-12T03:26:43.123-08:00",
    "Status": {
      "Name": "Proposed",
      "Id": 1
    },
    "ReasonClosed": {
      "Name": "Unassigned"
    },
    "Summary": "additional funktion",
    "Type": {
      "Name": "Unassigned",
      "Id": 5
    },
    "VoteCount": 1,
    "Id": 1448
  },
  "FileAttachments": [],
  "Comments": []
}