{
  "WorkItem": {
    "AffectedComponent": {
      "Name": "",
      "DisplayName": ""
    },
    "ClosedComment": "",
    "ClosedDate": null,
    "CommentCount": 0,
    "Custom": null,
    "Description": "Add a function to count files in the inboxes\\despooler.box\\receive folder as we see our secondaries occassionally not processing these and it is difficult to view centrally.\n \n[darrenwmason]",
    "LastUpdatedDate": "2013-02-21T16:59:27.187-08:00",
    "PlannedForRelease": "",
    "ReleaseVisibleToPublic": false,
    "Priority": {
      "Name": "Low",
      "Severity": 50,
      "Id": 1
    },
    "ProjectName": "sccmcat",
    "ReportedDate": "2012-09-23T14:23:40.87-07:00",
    "Status": {
      "Name": "Proposed",
      "Id": 1
    },
    "ReasonClosed": {
      "Name": "Unassigned"
    },
    "Summary": "Count files in the inboxes\\despooler.box\\receive folder",
    "Type": {
      "Name": "Feature",
      "Id": 1
    },
    "VoteCount": 1,
    "Id": 1116
  },
  "FileAttachments": [],
  "Comments": []
}