{
  "WorkItem": {
    "AffectedComponent": {
      "Name": "",
      "DisplayName": ""
    },
    "ClosedComment": "",
    "ClosedDate": null,
    "CommentCount": 0,
    "Custom": null,
    "Description": "i am try to push agent through my machine to windows 7 32bit VM for testing, test machine had disable UAC, firewall, i also edit firewall setting on WMI allow all WMI traffic pass though, tcp port 135 able to telnet, but still got error WMI namespace error\n\n!! Failed to connect to WMI namespace \"root\\CIMV2\" on HKGGIS-DW70008. Error -2147023174 (The RPC server is unavailable. )",
    "LastUpdatedDate": "2013-02-21T16:59:26.59-08:00",
    "PlannedForRelease": "",
    "ReleaseVisibleToPublic": false,
    "Priority": {
      "Name": "Low",
      "Severity": 50,
      "Id": 1
    },
    "ProjectName": "sccmcat",
    "ReportedDate": "2012-11-08T23:11:48.34-08:00",
    "Status": {
      "Name": "Proposed",
      "Id": 1
    },
    "ReasonClosed": {
      "Name": "Unassigned"
    },
    "Summary": "error install SCCM client with client actiion tools",
    "Type": {
      "Name": "Issue",
      "Id": 3
    },
    "VoteCount": 1,
    "Id": 1151
  },
  "FileAttachments": [],
  "Comments": [
    {
      "Message": "Is WMI service running?\nCan you connect to root\\CIMV2 with wbemtest utility?\nhttp://technet.microsoft.com/en-us/library/cc785775(v=ws.10).aspx\r\n\r\n",
      "PostedDate": "2012-11-08T23:57:22.953-08:00",
      "Id": -2147483648
    },
    {
      "Message": "",
      "PostedDate": "2013-02-21T16:59:26.59-08:00",
      "Id": -2147483648
    }
  ]
}