{
  "WorkItem": {
    "AffectedComponent": {
      "Name": "",
      "DisplayName": ""
    },
    "ClosedComment": "Not relevant any more",
    "ClosedDate": "2012-09-23T14:24:47.39-07:00",
    "CommentCount": 0,
    "Custom": null,
    "Description": "Location of ccmsetup folder on most computers in my enviroment(those that have access to) is in windows\\ccmsetup\\ccmsetup.exe\n \nWhen i run unintstall agent i get error that the path to sccm folder is wrong.\nBy default it search ccmsetup.exe in windows\\system32\\ccmsetup\\ccmsetup.exe\nMaybe i'm doing something wrong...any help is appreciated.\n \nIs there any way to modify this. If not, what is the best way to uninstall agent on remote computer. \n \nI have sccm 2012 and client version is 5.0....\nYou can see the screenshot in atachment...",
    "LastUpdatedDate": "2013-05-16T04:24:45.193-07:00",
    "PlannedForRelease": "",
    "ReleaseVisibleToPublic": false,
    "Priority": {
      "Name": "Low",
      "Severity": 50,
      "Id": 1
    },
    "ProjectName": "sccmcat",
    "ReportedDate": "2012-05-23T04:49:58.24-07:00",
    "Status": {
      "Name": "Closed",
      "Id": 4
    },
    "ReasonClosed": {
      "Name": "Unassigned"
    },
    "Summary": "Problem uninstalling client agent",
    "Type": {
      "Name": "Issue",
      "Id": 3
    },
    "VoteCount": 1,
    "Id": 1023
  },
  "FileAttachments": [
    {
      "FileId": 190,
      "FileName": "ScreenShot 20120523 000.png",
      "DownloadUrl": ".\\190"
    }
  ],
  "Comments": [
    {
      "Message": "First of all, SCCM CAT does not support SCCM 2012! It's only supported on 2007 version. Currently there are no plans to extend support to 2012.\r\n\r\nBy default SCCM CAT assumes that ccmsetup.exe is located in following paths depending on OS architecture:\r\n64bit: \"%windir%\\ccmsetup\\\"\r\n32bit: \"%windir%\\system32\\ccmsetup\\\"\r\n\r\n",
      "PostedDate": "2012-05-25T15:42:46.153-07:00",
      "Id": -2147483648
    },
    {
      "Message": "",
      "PostedDate": "2012-09-23T14:24:47.39-07:00",
      "Id": -2147483648
    },
    {
      "Message": "",
      "PostedDate": "2013-02-21T16:59:27.47-08:00",
      "Id": -2147483648
    },
    {
      "Message": "",
      "PostedDate": "2013-05-16T04:24:45.193-07:00",
      "Id": -2147483648
    }
  ]
}