{
  "WorkItem": {
    "AffectedComponent": {
      "Name": "",
      "DisplayName": ""
    },
    "ClosedComment": "",
    "ClosedDate": "2011-11-15T14:21:33.13-08:00",
    "CommentCount": 0,
    "Custom": null,
    "Description": "This feature would copy a selected file to a specified path in all destination computers.",
    "LastUpdatedDate": "2013-05-16T04:24:57.007-07:00",
    "PlannedForRelease": "",
    "ReleaseVisibleToPublic": false,
    "Priority": {
      "Name": "Medium",
      "Severity": 100,
      "Id": 2
    },
    "ProjectName": "sccmcat",
    "ReportedDate": "2011-08-31T14:09:10.82-07:00",
    "Status": {
      "Name": "Closed",
      "Id": 4
    },
    "ReasonClosed": {
      "Name": "Unassigned"
    },
    "Summary": "Copy file action",
    "Type": {
      "Name": "Feature",
      "Id": 1
    },
    "VoteCount": 1,
    "Id": 538
  },
  "FileAttachments": [],
  "Comments": []
}