<INSTANCE CLASSNAME="SMS_TaskSequencePackage">
  <QUALIFIER NAME="dynamic" PROPAGATED="true" TYPE="boolean" TOSUBCLASS="false" TOINSTANCE="true">
    <VALUE>TRUE</VALUE>
  </QUALIFIER>
  <QUALIFIER NAME="SecurityVerbs" TYPE="sint32" TOSUBCLASS="false">
    <VALUE>-1</VALUE>
  </QUALIFIER>
  <PROPERTY NAME="__PATH" CLASSORIGIN="___SYSTEM" TYPE="string">
    <VALUE>\\SG-CM01\root\sms\site_CB1:SMS_TaskSequencePackage.PackageID="CB1000C2"</VALUE>
  </PROPERTY>
  <PROPERTY NAME="__NAMESPACE" CLASSORIGIN="___SYSTEM" TYPE="string">
    <VALUE>root\sms\site_CB1</VALUE>
  </PROPERTY>
  <PROPERTY NAME="__SERVER" CLASSORIGIN="___SYSTEM" TYPE="string">
    <VALUE>SG-CM01</VALUE>
  </PROPERTY>
  <PROPERTY.ARRAY NAME="__DERIVATION" CLASSORIGIN="___SYSTEM" TYPE="string">
    <VALUE.ARRAY>
      <VALUE>SMS_PackageBaseclass</VALUE>
      <VALUE>SMS_BaseClass</VALUE>
    </VALUE.ARRAY>
  </PROPERTY.ARRAY>
  <PROPERTY NAME="__PROPERTY_COUNT" CLASSORIGIN="___SYSTEM" TYPE="sint32">
    <VALUE>78</VALUE>
  </PROPERTY>
  <PROPERTY NAME="__RELPATH" CLASSORIGIN="___SYSTEM" TYPE="string">
    <VALUE>SMS_TaskSequencePackage.PackageID="CB1000C2"</VALUE>
  </PROPERTY>
  <PROPERTY NAME="__DYNASTY" CLASSORIGIN="___SYSTEM" TYPE="string">
    <VALUE>SMS_BaseClass</VALUE>
  </PROPERTY>
  <PROPERTY NAME="__SUPERCLASS" CLASSORIGIN="___SYSTEM" TYPE="string">
    <VALUE>SMS_PackageBaseclass</VALUE>
  </PROPERTY>
  <PROPERTY NAME="__CLASS" CLASSORIGIN="___SYSTEM" TYPE="string">
    <VALUE>SMS_TaskSequencePackage</VALUE>
  </PROPERTY>
  <PROPERTY NAME="__GENUS" CLASSORIGIN="___SYSTEM" TYPE="sint32">
    <VALUE>2</VALUE>
  </PROPERTY>
  <PROPERTY NAME="ActionInProgress" CLASSORIGIN="SMS_PackageBaseclass" TYPE="uint32">
    <QUALIFIER NAME="CIMTYPE" PROPAGATED="true" TYPE="string" TOINSTANCE="true">
      <VALUE>uint32</VALUE>
    </QUALIFIER>
    <VALUE>1</VALUE>
  </PROPERTY>
  <PROPERTY NAME="AlternateContentProviders" CLASSORIGIN="SMS_PackageBaseclass" TYPE="string">
    <QUALIFIER NAME="CIMTYPE" PROPAGATED="true" TYPE="string" TOINSTANCE="true">
      <VALUE>string</VALUE>
    </QUALIFIER>
    <VALUE></VALUE>
  </PROPERTY>
  <PROPERTY NAME="BaseBoardProductID" CLASSORIGIN="SMS_PackageBaseclass" PROPAGATED="true" TYPE="string">
    <QUALIFIER NAME="CIMTYPE" PROPAGATED="true" TYPE="string" TOINSTANCE="true">
      <VALUE>string</VALUE>
    </QUALIFIER>
    <VALUE></VALUE>
  </PROPERTY>
  <PROPERTY NAME="BootImageID" CLASSORIGIN="SMS_TaskSequencePackage" TYPE="string">
    <QUALIFIER NAME="CIMTYPE" PROPAGATED="true" TYPE="string" TOINSTANCE="true">
      <VALUE>string</VALUE>
    </QUALIFIER>
    <VALUE></VALUE>
  </PROPERTY>
  <PROPERTY NAME="Category" CLASSORIGIN="SMS_TaskSequencePackage" TYPE="string">
    <QUALIFIER NAME="CIMTYPE" PROPAGATED="true" TYPE="string" TOINSTANCE="true">
      <VALUE>string</VALUE>
    </QUALIFIER>
    <VALUE></VALUE>
  </PROPERTY>
  <PROPERTY NAME="CustomHighImpactHeadline" CLASSORIGIN="SMS_TaskSequencePackage" TYPE="string">
    <QUALIFIER NAME="CIMTYPE" PROPAGATED="true" TYPE="string" TOINSTANCE="true">
      <VALUE>string</VALUE>
    </QUALIFIER>
    <VALUE></VALUE>
  </PROPERTY>
  <PROPERTY NAME="CustomHighImpactSet" CLASSORIGIN="SMS_TaskSequencePackage" TYPE="uint32">
    <QUALIFIER NAME="CIMTYPE" PROPAGATED="true" TYPE="string" TOINSTANCE="true">
      <VALUE>uint32</VALUE>
    </QUALIFIER>
    <VALUE>0</VALUE>
  </PROPERTY>
  <PROPERTY NAME="CustomHighImpactWarning" CLASSORIGIN="SMS_TaskSequencePackage" TYPE="string">
    <QUALIFIER NAME="CIMTYPE" PROPAGATED="true" TYPE="string" TOINSTANCE="true">
      <VALUE>string</VALUE>
    </QUALIFIER>
    <VALUE></VALUE>
  </PROPERTY>
  <PROPERTY NAME="CustomHighImpactWarningInstall" CLASSORIGIN="SMS_TaskSequencePackage" TYPE="string">
    <QUALIFIER NAME="CIMTYPE" PROPAGATED="true" TYPE="string" TOINSTANCE="true">
      <VALUE>string</VALUE>
    </QUALIFIER>
    <VALUE></VALUE>
  </PROPERTY>
  <PROPERTY NAME="CustomHighImpactWarningTop" CLASSORIGIN="SMS_TaskSequencePackage" TYPE="string">
    <QUALIFIER NAME="CIMTYPE" PROPAGATED="true" TYPE="string" TOINSTANCE="true">
      <VALUE>string</VALUE>
    </QUALIFIER>
    <VALUE></VALUE>
  </PROPERTY>
  <PROPERTY NAME="CustomProgressMsg" CLASSORIGIN="SMS_TaskSequencePackage" TYPE="string">
    <QUALIFIER NAME="CIMTYPE" PROPAGATED="true" TYPE="string" TOINSTANCE="true">
      <VALUE>string</VALUE>
    </QUALIFIER>
    <VALUE></VALUE>
  </PROPERTY>
  <PROPERTY NAME="DependentProgram" CLASSORIGIN="SMS_TaskSequencePackage" TYPE="string">
    <QUALIFIER NAME="CIMTYPE" PROPAGATED="true" TYPE="string" TOINSTANCE="true">
      <VALUE>string</VALUE>
    </QUALIFIER>
    <VALUE></VALUE>
  </PROPERTY>
  <PROPERTY NAME="Description" CLASSORIGIN="SMS_PackageBaseclass" TYPE="string">
    <QUALIFIER NAME="CIMTYPE" PROPAGATED="true" TYPE="string" TOINSTANCE="true">
      <VALUE>string</VALUE>
    </QUALIFIER>
    <VALUE></VALUE>
  </PROPERTY>
  <PROPERTY NAME="DriverManufacturer" CLASSORIGIN="SMS_PackageBaseclass" PROPAGATED="true" TYPE="string">
    <QUALIFIER NAME="CIMTYPE" PROPAGATED="true" TYPE="string" TOINSTANCE="true">
      <VALUE>string</VALUE>
    </QUALIFIER>
    <VALUE></VALUE>
  </PROPERTY>
  <PROPERTY NAME="DriverModel" CLASSORIGIN="SMS_PackageBaseclass" PROPAGATED="true" TYPE="string">
    <QUALIFIER NAME="CIMTYPE" PROPAGATED="true" TYPE="string" TOINSTANCE="true">
      <VALUE>string</VALUE>
    </QUALIFIER>
    <VALUE></VALUE>
  </PROPERTY>
  <PROPERTY NAME="DriverOSVersion" CLASSORIGIN="SMS_PackageBaseclass" PROPAGATED="true" TYPE="string">
    <QUALIFIER NAME="CIMTYPE" PROPAGATED="true" TYPE="string" TOINSTANCE="true">
      <VALUE>string</VALUE>
    </QUALIFIER>
    <VALUE></VALUE>
  </PROPERTY>
  <PROPERTY NAME="DriverPkgVersion" CLASSORIGIN="SMS_PackageBaseclass" PROPAGATED="true" TYPE="string">
    <QUALIFIER NAME="CIMTYPE" PROPAGATED="true" TYPE="string" TOINSTANCE="true">
      <VALUE>string</VALUE>
    </QUALIFIER>
    <VALUE></VALUE>
  </PROPERTY>
  <PROPERTY NAME="Duration" CLASSORIGIN="SMS_TaskSequencePackage" TYPE="uint32">
    <QUALIFIER NAME="CIMTYPE" PROPAGATED="true" TYPE="string" TOINSTANCE="true">
      <VALUE>uint32</VALUE>
    </QUALIFIER>
    <VALUE>360</VALUE>
  </PROPERTY>
  <PROPERTY NAME="EstimatedDownloadSizeMB" CLASSORIGIN="SMS_TaskSequencePackage" TYPE="uint32">
    <QUALIFIER NAME="CIMTYPE" PROPAGATED="true" TYPE="string" TOINSTANCE="true">
      <VALUE>uint32</VALUE>
    </QUALIFIER>
    <VALUE>0</VALUE>
  </PROPERTY>
  <PROPERTY NAME="EstimatedRunTimeMinutes" CLASSORIGIN="SMS_TaskSequencePackage" TYPE="uint32">
    <QUALIFIER NAME="CIMTYPE" PROPAGATED="true" TYPE="string" TOINSTANCE="true">
      <VALUE>uint32</VALUE>
    </QUALIFIER>
    <VALUE>0</VALUE>
  </PROPERTY>
  <PROPERTY.ARRAY NAME="ExtendedData" CLASSORIGIN="SMS_PackageBaseclass" TYPE="uint8">
    <QUALIFIER NAME="CIMTYPE" PROPAGATED="true" TYPE="string" TOINSTANCE="true">
      <VALUE>uint8</VALUE>
    </QUALIFIER>
  </PROPERTY.ARRAY>
  <PROPERTY NAME="ExtendedDataSize" CLASSORIGIN="SMS_PackageBaseclass" TYPE="uint32">
    <QUALIFIER NAME="CIMTYPE" PROPAGATED="true" TYPE="string" TOINSTANCE="true">
      <VALUE>uint32</VALUE>
    </QUALIFIER>
    <VALUE>0</VALUE>
  </PROPERTY>
  <PROPERTY NAME="ForcedDisconnectDelay" CLASSORIGIN="SMS_PackageBaseclass" TYPE="uint32">
    <QUALIFIER NAME="CIMTYPE" PROPAGATED="true" TYPE="string" TOINSTANCE="true">
      <VALUE>uint32</VALUE>
    </QUALIFIER>
    <VALUE>5</VALUE>
  </PROPERTY>
  <PROPERTY NAME="ForcedDisconnectEnabled" CLASSORIGIN="SMS_PackageBaseclass" TYPE="boolean">
    <QUALIFIER NAME="CIMTYPE" PROPAGATED="true" TYPE="string" TOINSTANCE="true">
      <VALUE>boolean</VALUE>
    </QUALIFIER>
    <VALUE>FALSE</VALUE>
  </PROPERTY>
  <PROPERTY NAME="ForcedDisconnectNumRetries" CLASSORIGIN="SMS_PackageBaseclass" TYPE="uint32">
    <QUALIFIER NAME="CIMTYPE" PROPAGATED="true" TYPE="string" TOINSTANCE="true">
      <VALUE>uint32</VALUE>
    </QUALIFIER>
    <VALUE>2</VALUE>
  </PROPERTY>
  <PROPERTY NAME="HighImpactTaskSequence" CLASSORIGIN="SMS_TaskSequencePackage" TYPE="uint32">
    <QUALIFIER NAME="CIMTYPE" PROPAGATED="true" TYPE="string" TOINSTANCE="true">
      <VALUE>uint32</VALUE>
    </QUALIFIER>
    <VALUE>0</VALUE>
  </PROPERTY>
  <PROPERTY.ARRAY NAME="Icon" CLASSORIGIN="SMS_PackageBaseclass" TYPE="uint8">
    <QUALIFIER NAME="CIMTYPE" PROPAGATED="true" TYPE="string" TOINSTANCE="true">
      <VALUE>uint8</VALUE>
    </QUALIFIER>
  </PROPERTY.ARRAY>
  <PROPERTY NAME="IconSize" CLASSORIGIN="SMS_PackageBaseclass" TYPE="uint32">
    <QUALIFIER NAME="CIMTYPE" PROPAGATED="true" TYPE="string" TOINSTANCE="true">
      <VALUE>uint32</VALUE>
    </QUALIFIER>
    <VALUE>0</VALUE>
  </PROPERTY>
  <PROPERTY NAME="IgnoreAddressSchedule" CLASSORIGIN="SMS_PackageBaseclass" TYPE="boolean">
    <QUALIFIER NAME="CIMTYPE" PROPAGATED="true" TYPE="string" TOINSTANCE="true">
      <VALUE>boolean</VALUE>
    </QUALIFIER>
    <VALUE>FALSE</VALUE>
  </PROPERTY>
  <PROPERTY.ARRAY NAME="ISVData" CLASSORIGIN="SMS_PackageBaseclass" TYPE="uint8">
    <QUALIFIER NAME="CIMTYPE" PROPAGATED="true" TYPE="string" TOINSTANCE="true">
      <VALUE>uint8</VALUE>
    </QUALIFIER>
  </PROPERTY.ARRAY>
  <PROPERTY NAME="ISVDataSize" CLASSORIGIN="SMS_PackageBaseclass" TYPE="uint32">
    <QUALIFIER NAME="CIMTYPE" PROPAGATED="true" TYPE="string" TOINSTANCE="true">
      <VALUE>uint32</VALUE>
    </QUALIFIER>
    <VALUE>0</VALUE>
  </PROPERTY>
  <PROPERTY NAME="IsVersionCompatible" CLASSORIGIN="SMS_PackageBaseclass" PROPAGATED="true" TYPE="boolean">
    <QUALIFIER NAME="CIMTYPE" PROPAGATED="true" TYPE="string" TOINSTANCE="true">
      <VALUE>boolean</VALUE>
    </QUALIFIER>
  </PROPERTY>
  <PROPERTY NAME="ISVString" CLASSORIGIN="SMS_PackageBaseclass" TYPE="string">
    <QUALIFIER NAME="CIMTYPE" PROPAGATED="true" TYPE="string" TOINSTANCE="true">
      <VALUE>string</VALUE>
    </QUALIFIER>
    <VALUE></VALUE>
  </PROPERTY>
  <PROPERTY NAME="Language" CLASSORIGIN="SMS_PackageBaseclass" TYPE="string">
    <QUALIFIER NAME="CIMTYPE" PROPAGATED="true" TYPE="string" TOINSTANCE="true">
      <VALUE>string</VALUE>
    </QUALIFIER>
    <VALUE></VALUE>
  </PROPERTY>
  <PROPERTY NAME="LastRefreshTime" CLASSORIGIN="SMS_PackageBaseclass" TYPE="datetime">
    <QUALIFIER NAME="CIMTYPE" PROPAGATED="true" TYPE="string" TOINSTANCE="true">
      <VALUE>datetime</VALUE>
    </QUALIFIER>
    <VALUE>20210915124639.000000+000</VALUE>
  </PROPERTY>
  <PROPERTY.ARRAY NAME="LocalizedCategoryInstanceNames" CLASSORIGIN="SMS_PackageBaseclass" PROPAGATED="true" TYPE="string">
    <QUALIFIER NAME="CIMTYPE" PROPAGATED="true" TYPE="string" TOINSTANCE="true">
      <VALUE>string</VALUE>
    </QUALIFIER>
  </PROPERTY.ARRAY>
  <PROPERTY NAME="LocalizedTaskSequenceDescription" CLASSORIGIN="SMS_TaskSequencePackage" TYPE="string">
    <QUALIFIER NAME="CIMTYPE" PROPAGATED="true" TYPE="string" TOINSTANCE="true">
      <VALUE>string</VALUE>
    </QUALIFIER>
    <VALUE></VALUE>
  </PROPERTY>
  <PROPERTY NAME="LocalizedTaskSequenceName" CLASSORIGIN="SMS_TaskSequencePackage" TYPE="string">
    <QUALIFIER NAME="CIMTYPE" PROPAGATED="true" TYPE="string" TOINSTANCE="true">
      <VALUE>string</VALUE>
    </QUALIFIER>
    <VALUE></VALUE>
  </PROPERTY>
  <PROPERTY NAME="Manufacturer" CLASSORIGIN="SMS_PackageBaseclass" TYPE="string">
    <QUALIFIER NAME="CIMTYPE" PROPAGATED="true" TYPE="string" TOINSTANCE="true">
      <VALUE>string</VALUE>
    </QUALIFIER>
    <VALUE></VALUE>
  </PROPERTY>
  <PROPERTY NAME="MIFFilename" CLASSORIGIN="SMS_PackageBaseclass" TYPE="string">
    <QUALIFIER NAME="CIMTYPE" PROPAGATED="true" TYPE="string" TOINSTANCE="true">
      <VALUE>string</VALUE>
    </QUALIFIER>
    <VALUE></VALUE>
  </PROPERTY>
  <PROPERTY NAME="MIFName" CLASSORIGIN="SMS_PackageBaseclass" TYPE="string">
    <QUALIFIER NAME="CIMTYPE" PROPAGATED="true" TYPE="string" TOINSTANCE="true">
      <VALUE>string</VALUE>
    </QUALIFIER>
    <VALUE></VALUE>
  </PROPERTY>
  <PROPERTY NAME="MIFPublisher" CLASSORIGIN="SMS_PackageBaseclass" TYPE="string">
    <QUALIFIER NAME="CIMTYPE" PROPAGATED="true" TYPE="string" TOINSTANCE="true">
      <VALUE>string</VALUE>
    </QUALIFIER>
    <VALUE></VALUE>
  </PROPERTY>
  <PROPERTY NAME="MIFVersion" CLASSORIGIN="SMS_PackageBaseclass" TYPE="string">
    <QUALIFIER NAME="CIMTYPE" PROPAGATED="true" TYPE="string" TOINSTANCE="true">
      <VALUE>string</VALUE>
    </QUALIFIER>
    <VALUE></VALUE>
  </PROPERTY>
  <PROPERTY NAME="Name" CLASSORIGIN="SMS_PackageBaseclass" TYPE="string">
    <QUALIFIER NAME="CIMTYPE" PROPAGATED="true" TYPE="string" TOINSTANCE="true">
      <VALUE>string</VALUE>
    </QUALIFIER>
    <VALUE>Upgrade to Win10 20H2 x64 Eng v1.0-CB1000C2</VALUE>
  </PROPERTY>
  <PROPERTY NAME="NumOfPrograms" CLASSORIGIN="SMS_PackageBaseclass" PROPAGATED="true" TYPE="uint32">
    <QUALIFIER NAME="CIMTYPE" PROPAGATED="true" TYPE="string" TOINSTANCE="true">
      <VALUE>uint32</VALUE>
    </QUALIFIER>
  </PROPERTY>
  <PROPERTY NAME="ObjectPath" CLASSORIGIN="SMS_PackageBaseclass" TYPE="string">
    <QUALIFIER NAME="CIMTYPE" PROPAGATED="true" TYPE="string" TOINSTANCE="true">
      <VALUE>string</VALUE>
    </QUALIFIER>
  </PROPERTY>
  <PROPERTY NAME="PackageID" CLASSORIGIN="SMS_PackageBaseclass" TYPE="string">
    <QUALIFIER NAME="CIMTYPE" PROPAGATED="true" TYPE="string" TOINSTANCE="true">
      <VALUE>string</VALUE>
    </QUALIFIER>
    <QUALIFIER NAME="key" PROPAGATED="true" TYPE="boolean" OVERRIDABLE="false" TOINSTANCE="true">
      <VALUE>TRUE</VALUE>
    </QUALIFIER>
    <VALUE>CB1000C2</VALUE>
  </PROPERTY>
  <PROPERTY NAME="PackageSize" CLASSORIGIN="SMS_PackageBaseclass" PROPAGATED="true" TYPE="uint32">
    <QUALIFIER NAME="CIMTYPE" PROPAGATED="true" TYPE="string" TOINSTANCE="true">
      <VALUE>uint32</VALUE>
    </QUALIFIER>
  </PROPERTY>
  <PROPERTY NAME="PackageType" CLASSORIGIN="SMS_PackageBaseclass" TYPE="uint32">
    <QUALIFIER NAME="CIMTYPE" PROPAGATED="true" TYPE="string" TOINSTANCE="true">
      <VALUE>uint32</VALUE>
    </QUALIFIER>
    <VALUE>4</VALUE>
  </PROPERTY>
  <PROPERTY NAME="PkgFlags" CLASSORIGIN="SMS_PackageBaseclass" TYPE="uint32">
    <QUALIFIER NAME="CIMTYPE" PROPAGATED="true" TYPE="string" TOINSTANCE="true">
      <VALUE>uint32</VALUE>
    </QUALIFIER>
    <VALUE>0</VALUE>
  </PROPERTY>
  <PROPERTY NAME="PkgSourceFlag" CLASSORIGIN="SMS_PackageBaseclass" TYPE="uint32">
    <QUALIFIER NAME="CIMTYPE" PROPAGATED="true" TYPE="string" TOINSTANCE="true">
      <VALUE>uint32</VALUE>
    </QUALIFIER>
    <VALUE>1</VALUE>
  </PROPERTY>
  <PROPERTY NAME="PkgSourcePath" CLASSORIGIN="SMS_PackageBaseclass" PROPAGATED="true" TYPE="string">
    <QUALIFIER NAME="CIMTYPE" PROPAGATED="true" TYPE="string" TOINSTANCE="true">
      <VALUE>string</VALUE>
    </QUALIFIER>
    <VALUE></VALUE>
  </PROPERTY>
  <PROPERTY NAME="PreDownloadRule" CLASSORIGIN="SMS_PackageBaseclass" TYPE="string">
    <QUALIFIER NAME="CIMTYPE" PROPAGATED="true" TYPE="string" TOINSTANCE="true">
      <VALUE>string</VALUE>
    </QUALIFIER>
    <VALUE></VALUE>
  </PROPERTY>
  <PROPERTY NAME="PreferredAddressType" CLASSORIGIN="SMS_PackageBaseclass" TYPE="string">
    <QUALIFIER NAME="CIMTYPE" PROPAGATED="true" TYPE="string" TOINSTANCE="true">
      <VALUE>string</VALUE>
    </QUALIFIER>
    <VALUE></VALUE>
  </PROPERTY>
  <PROPERTY NAME="Priority" CLASSORIGIN="SMS_PackageBaseclass" TYPE="uint32">
    <QUALIFIER NAME="CIMTYPE" PROPAGATED="true" TYPE="string" TOINSTANCE="true">
      <VALUE>uint32</VALUE>
    </QUALIFIER>
    <VALUE>2</VALUE>
  </PROPERTY>
  <PROPERTY NAME="ProgramFlags" CLASSORIGIN="SMS_TaskSequencePackage" TYPE="uint32">
    <QUALIFIER NAME="CIMTYPE" PROPAGATED="true" TYPE="string" TOINSTANCE="true">
      <VALUE>uint32</VALUE>
    </QUALIFIER>
    <VALUE>152084496</VALUE>
  </PROPERTY>
  <PROPERTY.OBJECTARRAY NAME="References" CLASSORIGIN="SMS_TaskSequencePackage" REFERENCECLASS="SMS_TaskSequence_Reference">
    <QUALIFIER NAME="CIMTYPE" PROPAGATED="true" TYPE="string" TOINSTANCE="true">
      <VALUE>object:SMS_TaskSequence_Reference</VALUE>
    </QUALIFIER>
    <VALUE.OBJECTARRAY>
      <VALUE.OBJECT>
        <INSTANCE CLASSNAME="SMS_TaskSequence_Reference">
          <PROPERTY NAME="__PATH" CLASSORIGIN="___SYSTEM" TYPE="string"></PROPERTY>
          <PROPERTY NAME="__NAMESPACE" CLASSORIGIN="___SYSTEM" TYPE="string"></PROPERTY>
          <PROPERTY NAME="__SERVER" CLASSORIGIN="___SYSTEM" TYPE="string"></PROPERTY>
          <PROPERTY.ARRAY NAME="__DERIVATION" CLASSORIGIN="___SYSTEM" TYPE="string">
            <VALUE.ARRAY></VALUE.ARRAY>
          </PROPERTY.ARRAY>
          <PROPERTY NAME="__PROPERTY_COUNT" CLASSORIGIN="___SYSTEM" TYPE="sint32">
            <VALUE>3</VALUE>
          </PROPERTY>
          <PROPERTY NAME="__RELPATH" CLASSORIGIN="___SYSTEM" TYPE="string"></PROPERTY>
          <PROPERTY NAME="__DYNASTY" CLASSORIGIN="___SYSTEM" TYPE="string">
            <VALUE>SMS_TaskSequence_Reference</VALUE>
          </PROPERTY>
          <PROPERTY NAME="__SUPERCLASS" CLASSORIGIN="___SYSTEM" TYPE="string"></PROPERTY>
          <PROPERTY NAME="__CLASS" CLASSORIGIN="___SYSTEM" TYPE="string">
            <VALUE>SMS_TaskSequence_Reference</VALUE>
          </PROPERTY>
          <PROPERTY NAME="__GENUS" CLASSORIGIN="___SYSTEM" TYPE="sint32">
            <VALUE>2</VALUE>
          </PROPERTY>
          <PROPERTY NAME="Package" CLASSORIGIN="SMS_TaskSequence_Reference" TYPE="string">
            <QUALIFIER NAME="CIMTYPE" PROPAGATED="true" TYPE="string" TOINSTANCE="true">
              <VALUE>string</VALUE>
            </QUALIFIER>
            <VALUE>CB10000B</VALUE>
          </PROPERTY>
          <PROPERTY NAME="Program" CLASSORIGIN="SMS_TaskSequence_Reference" TYPE="string">
            <QUALIFIER NAME="CIMTYPE" PROPAGATED="true" TYPE="string" TOINSTANCE="true">
              <VALUE>string</VALUE>
            </QUALIFIER>
            <VALUE>*</VALUE>
          </PROPERTY>
          <PROPERTY NAME="Type" CLASSORIGIN="SMS_TaskSequence_Reference" TYPE="uint32">
            <QUALIFIER NAME="CIMTYPE" PROPAGATED="true" TYPE="string" TOINSTANCE="true">
              <VALUE>uint32</VALUE>
            </QUALIFIER>
            <VALUE>0</VALUE>
          </PROPERTY>
        </INSTANCE>
      </VALUE.OBJECT>
      <VALUE.OBJECT>
        <INSTANCE CLASSNAME="SMS_TaskSequence_Reference">
          <PROPERTY NAME="__PATH" CLASSORIGIN="___SYSTEM" TYPE="string"></PROPERTY>
          <PROPERTY NAME="__NAMESPACE" CLASSORIGIN="___SYSTEM" TYPE="string"></PROPERTY>
          <PROPERTY NAME="__SERVER" CLASSORIGIN="___SYSTEM" TYPE="string"></PROPERTY>
          <PROPERTY.ARRAY NAME="__DERIVATION" CLASSORIGIN="___SYSTEM" TYPE="string">
            <VALUE.ARRAY></VALUE.ARRAY>
          </PROPERTY.ARRAY>
          <PROPERTY NAME="__PROPERTY_COUNT" CLASSORIGIN="___SYSTEM" TYPE="sint32">
            <VALUE>3</VALUE>
          </PROPERTY>
          <PROPERTY NAME="__RELPATH" CLASSORIGIN="___SYSTEM" TYPE="string"></PROPERTY>
          <PROPERTY NAME="__DYNASTY" CLASSORIGIN="___SYSTEM" TYPE="string">
            <VALUE>SMS_TaskSequence_Reference</VALUE>
          </PROPERTY>
          <PROPERTY NAME="__SUPERCLASS" CLASSORIGIN="___SYSTEM" TYPE="string"></PROPERTY>
          <PROPERTY NAME="__CLASS" CLASSORIGIN="___SYSTEM" TYPE="string">
            <VALUE>SMS_TaskSequence_Reference</VALUE>
          </PROPERTY>
          <PROPERTY NAME="__GENUS" CLASSORIGIN="___SYSTEM" TYPE="sint32">
            <VALUE>2</VALUE>
          </PROPERTY>
          <PROPERTY NAME="Package" CLASSORIGIN="SMS_TaskSequence_Reference" TYPE="string">
            <QUALIFIER NAME="CIMTYPE" PROPAGATED="true" TYPE="string" TOINSTANCE="true">
              <VALUE>string</VALUE>
            </QUALIFIER>
            <VALUE>CB10007A</VALUE>
          </PROPERTY>
          <PROPERTY NAME="Program" CLASSORIGIN="SMS_TaskSequence_Reference" TYPE="string">
            <QUALIFIER NAME="CIMTYPE" PROPAGATED="true" TYPE="string" TOINSTANCE="true">
              <VALUE>string</VALUE>
            </QUALIFIER>
            <VALUE>*</VALUE>
          </PROPERTY>
          <PROPERTY NAME="Type" CLASSORIGIN="SMS_TaskSequence_Reference" TYPE="uint32">
            <QUALIFIER NAME="CIMTYPE" PROPAGATED="true" TYPE="string" TOINSTANCE="true">
              <VALUE>uint32</VALUE>
            </QUALIFIER>
            <VALUE>0</VALUE>
          </PROPERTY>
        </INSTANCE>
      </VALUE.OBJECT>
    </VALUE.OBJECTARRAY>
  </PROPERTY.OBJECTARRAY>
  <PROPERTY NAME="ReferencesCount" CLASSORIGIN="SMS_TaskSequencePackage" TYPE="uint32">
    <QUALIFIER NAME="CIMTYPE" PROPAGATED="true" TYPE="string" TOINSTANCE="true">
      <VALUE>uint32</VALUE>
    </QUALIFIER>
    <VALUE>0</VALUE>
  </PROPERTY>
  <PROPERTY NAME="RefreshPkgSourceFlag" CLASSORIGIN="SMS_PackageBaseclass" TYPE="boolean">
    <QUALIFIER NAME="CIMTYPE" PROPAGATED="true" TYPE="string" TOINSTANCE="true">
      <VALUE>boolean</VALUE>
    </QUALIFIER>
    <VALUE>FALSE</VALUE>
  </PROPERTY>
  <PROPERTY.OBJECTARRAY NAME="RefreshSchedule" CLASSORIGIN="SMS_PackageBaseclass" REFERENCECLASS="SMS_ScheduleToken">
    <QUALIFIER NAME="CIMTYPE" PROPAGATED="true" TYPE="string" TOINSTANCE="true">
      <VALUE>object:SMS_ScheduleToken</VALUE>
    </QUALIFIER>
  </PROPERTY.OBJECTARRAY>
  <PROPERTY NAME="Reserved" CLASSORIGIN="SMS_TaskSequencePackage" TYPE="string">
    <QUALIFIER NAME="CIMTYPE" PROPAGATED="true" TYPE="string" TOINSTANCE="true">
      <VALUE>string</VALUE>
    </QUALIFIER>
  </PROPERTY>
  <PROPERTY NAME="RestartRequired" CLASSORIGIN="SMS_TaskSequencePackage" TYPE="uint32">
    <QUALIFIER NAME="CIMTYPE" PROPAGATED="true" TYPE="string" TOINSTANCE="true">
      <VALUE>uint32</VALUE>
    </QUALIFIER>
    <VALUE>0</VALUE>
  </PROPERTY>
  <PROPERTY.ARRAY NAME="SecuredScopeNames" CLASSORIGIN="SMS_PackageBaseclass" TYPE="string">
    <QUALIFIER NAME="CIMTYPE" PROPAGATED="true" TYPE="string" TOINSTANCE="true">
      <VALUE>string</VALUE>
    </QUALIFIER>
    <VALUE.ARRAY>
      <VALUE>Default</VALUE>
    </VALUE.ARRAY>
  </PROPERTY.ARRAY>
  <PROPERTY NAME="SedoObjectVersion" CLASSORIGIN="SMS_PackageBaseclass" TYPE="string">
    <QUALIFIER NAME="CIMTYPE" PROPAGATED="true" TYPE="string" TOINSTANCE="true">
      <VALUE>string</VALUE>
    </QUALIFIER>
    <VALUE>29FBCAEE-33B7-483A-933F-0D16B3B3129A</VALUE>
  </PROPERTY>
  <PROPERTY NAME="Sequence" CLASSORIGIN="SMS_TaskSequencePackage" TYPE="string">
    <QUALIFIER NAME="CIMTYPE" PROPAGATED="true" TYPE="string" TOINSTANCE="true">
      <VALUE>string</VALUE>
    </QUALIFIER>
    <VALUE><![CDATA[<sequence version="3.10"><referenceList><reference package="CB10007A"/><reference package="CB10000B"/></referenceList><group name="Windows Version Check" description="This group checks which version of Windows 10 is currently installed to prevent upgrades to the same version (which is actually possible!)"><step type="SMS_TaskSequence_RunPowerShellScriptAction" name="Check Windows Version" description="" disable="true" runIn="WinPEandFullOS" successCodeList="0" retryCount="0" runFromNet="false"><action>OSDRunPowerShellScript.exe</action><defaultVarList><variable name="OSDRunPowerShellScriptExecutionPolicy" property="ExecutionPolicy">Bypass</variable><variable name="OSDRunPowerShellScriptOutputVariableName" property="OutputVariableName"></variable><variable name="OSDRunPowerShellScriptPackageID" property="PackageID">CB10000D</variable><variable name="OSDRunPowerShellScriptParameters" property="Parameters"></variable><variable name="_SMSTSRunPowerShellAsUser" property="RunAsUser">false</variable><variable name="OSDRunPowerShellScriptScriptName" property="ScriptName">Find-WindowsVersion.ps1</variable><variable name="OSDRunPowerShellScriptSuccessCodes" property="SuccessCodes" hidden="true">0</variable><variable name="SMSTSRunPowerShellUserName" property="UserName"></variable><variable name="SMSTSRunPowerShellWorkingDirectory" property="WorkingDirectory"></variable></defaultVarList></step><group name="Upgraded Version Already Installed" description="Display a notification to the end user if the targeted upgrade version is already installed." disable="true"><condition><expression type="SMS_TaskSequence_VariableConditionExpression"><variable name="Operator">equals</variable><variable name="Value">2004</variable><variable name="Variable">WindowsVersion</variable></expression></condition><step type="SMS_TaskSequence_SetVariableAction" name="Hide TS Progress UI" description="" runIn="WinPEandFullOS" successCodeList="0" retryCount="0" runFromNet="false"><action>tsenv.exe "TSDisableProgressUI=true" /hiddenflag:False</action><defaultVarList><variable name="DoNotShowVariableValue" property="DoNotShowVariableValue" hidden="true">false</variable><variable name="VariableName" property="VariableName" hidden="true">TSDisableProgressUI</variable><variable name="VariableValue" property="VariableValue" hidden="true">true</variable></defaultVarList></step><step type="SMS_TaskSequence_RunPowerShellScriptAction" name="User Notification: Upgrade not necessary" description="" runIn="WinPEandFullOS" successCodeList="0" retryCount="0" runFromNet="false"><action>OSDRunPowerShellScript.exe</action><defaultVarList><variable name="OSDRunPowerShellScriptExecutionPolicy" property="ExecutionPolicy">Bypass</variable><variable name="OSDRunPowerShellScriptOutputVariableName" property="OutputVariableName"></variable><variable name="OSDRunPowerShellScriptPackageID" property="PackageID">CB10000D</variable><variable name="OSDRunPowerShellScriptParameters" property="Parameters">-File Show-UpgradeNotNecessaryNotification.ps1</variable><variable name="_SMSTSRunPowerShellAsUser" property="RunAsUser">false</variable><variable name="OSDRunPowerShellScriptScriptName" property="ScriptName">Invoke-PSScriptAsUser.ps1</variable><variable name="OSDRunPowerShellScriptSuccessCodes" property="SuccessCodes" hidden="true">0</variable><variable name="SMSTSRunPowerShellUserName" property="UserName"></variable><variable name="SMSTSRunPowerShellWorkingDirectory" property="WorkingDirectory"></variable></defaultVarList></step></group></group><group name="Execute Task Sequence" description="" continueOnError="true"><condition><operator type="and"><expression type="SMS_TaskSequence_RegistryConditionExpression"><variable name="Data">19042</variable><variable name="KeyPath">HKEY_LOCAL_MACHINE\SOFTWARE\Microsoft\Windows NT\CurrentVersion</variable><variable name="Operator">less</variable><variable name="Type">REG_SZ</variable><variable name="Value">CurrentBuild</variable></expression></operator></condition><group name="Upgrade Steps" description="" continueOnError="true"><group name="Prepare for Upgrade" description="Actions to run in full OS to prepare for upgrade of the operating system."><step type="SMS_TaskSequence_PrestartCheckAction" name="Check Readiness for Upgrade" description="Check whether the computer is ready for the upgrade of the operating system." runIn="WinPEandFullOS" successCodeList="0" retryCount="0" runFromNet="false"><action>OSDPrestartCheck.exe </action><defaultVarList><variable name="OSDCMClientMinVersion" property="CMClientMinVersion">.  .    .</variable><variable name="OSDCheckCMClientMinVersion" property="CheckCMClientMinVersion">false</variable><variable name="OSDCheckDeviceUEFI" property="CheckDeviceUEFI">false</variable><variable name="OSDCheckFreeDiskSpace" property="CheckFreeDiskSpace">true</variable><variable name="OSDCheckMaxOsVersion" property="CheckMaxOSVersion">false</variable><variable name="OSDCheckMemory" property="CheckMemory">true</variable><variable name="OSDCheckMinOSVersion" property="CheckMinOSVersion">false</variable><variable name="OSDCheckNetworkConnected" property="CheckNetworkConnected">false</variable><variable name="OSDCheckNetworkWired" property="CheckNetworkWired">false</variable><variable name="OSDCheckOSArchitecture" property="CheckOSArchitecture">false</variable><variable name="OSDCheckOSLanguageID" property="CheckOSLanguageID">false</variable><variable name="OSDCheckOSType" property="CheckOSType">true</variable><variable name="OSDCheckPowerState" property="CheckPowerState">false</variable><variable name="OSDCheckProcessorSpeed" property="CheckProcessorSpeed">true</variable><variable name="OSDFreeDiskSpace" property="FreeDiskSpace">15360</variable><variable name="OSDMaxOSVersion" property="MaxOSVersion">. .</variable><variable name="OSDMemory" property="Memory">800</variable><variable name="OSDMinOSVersion" property="MinOSVersion">. .</variable><variable name="OSDOSArchitecture" property="OSArchitecture">64</variable><variable name="OSDOSLanguageID" property="OSLanguageID">0</variable><variable name="OSDOSType" property="OSType">CLIENT</variable><variable name="OSDProcessorSpeed" property="ProcessorSpeed">1000</variable></defaultVarList></step><group name="Inline Compatibility Assessment" description="" disable="true"><step type="SMS_TaskSequence_UpgradeOperatingSystemAction" name="Upgrade Assessment" description="" runIn="FullOS" successCodeList="0" retryCount="0" runFromNet="false"><action>OSDUpgradeOS.exe </action><defaultVarList><variable name="OSDUpgradeDynamicUpdateSettings" property="DynamicUpdateSettings">Disable</variable><variable name="OSDFeatureUpdateAssignmentID" property="FeatureUpdateAssignmentId"></variable><variable name="OSDUpgradeFeatureUpdateName" property="FeatureUpdateName"></variable><variable name="OSDUpgradeIgnoreMessages" property="IgnoreMessages">false</variable><variable name="OSDUpgradeInstallEditionIndex" property="InstallEditionIndex">3</variable><variable name="OSDUpgradeInstallPackageID" property="InstallPackageID">CB100007</variable><variable name="OSDUpgradeInstallPath" property="InstallPath"></variable><variable name="OSDUpgradeOsProductKey" property="OsProductKey"></variable><variable name="OSDUpgradePreserveSettings" property="PreserveSettings">Upgrade</variable><variable name="OSDUpgradeScanOnly" property="ScanOnly">true</variable><variable name="OSDUpgradeStagedContent" property="StagedContent"></variable></defaultVarList></step><step type="SMS_TaskSequence_RunCommandLineAction" name="Check Upgrade Assessment Return Code" description="" runIn="WinPEandFullOS" successCodeList="0 3010" retryCount="0" runFromNet="false"><condition><expression type="SMS_TaskSequence_VariableConditionExpression"><variable name="Operator">notEquals</variable><variable name="Value">3247440400</variable><variable name="Variable">_SMSTSOSUpgradeActionReturnCode</variable></expression></condition><action>smsswd.exe /run: cmd /c exit %_SMSTSOSUpgradeActionReturnCode%</action><defaultVarList><variable name="CommandLine" property="CommandLine" hidden="true">cmd /c exit %_SMSTSOSUpgradeActionReturnCode%</variable><variable name="SMSTSDisableWow64Redirection" property="DisableWow64Redirection">false</variable><variable name="SMSTSRunCommandLineOutputVariableName" property="OutputVariableName"></variable><variable name="_SMSTSRunCommandLineAsUser" property="RunAsUser">false</variable><variable name="SuccessCodes" property="SuccessCodes" hidden="true">0 3010</variable></defaultVarList></step></group><group name="Check Power Source" description=""><condition><expression type="SMS_TaskSequence_WMIConditionExpression"><variable name="Namespace">root\cimv2</variable><variable name="Query">SELECT * from Win32_Battery WHERE BatteryStatus=1 or BatteryStatus=2</variable></expression></condition><step type="SMS_TaskSequence_RunCommandLineAction" name="Load Win32_Battery class in WMI" description="" runIn="WinPEandFullOS" successCodeList="0 3010" retryCount="0" runFromNet="false"><condition><expression type="SMS_TaskSequence_VariableConditionExpression"><variable name="Operator">equals</variable><variable name="Value">True</variable><variable name="Variable">_SMSTSInWinPE</variable></expression></condition><action>smsswd.exe /run: drvload.exe X:\Windows\INF\Battery.inf</action><defaultVarList><variable name="CommandLine" property="CommandLine" hidden="true">drvload.exe X:\Windows\INF\Battery.inf</variable><variable name="SMSTSDisableWow64Redirection" property="DisableWow64Redirection">false</variable><variable name="SMSTSRunCommandLineOutputVariableName" property="OutputVariableName"></variable><variable name="_SMSTSRunCommandLineAsUser" property="RunAsUser">false</variable><variable name="SuccessCodes" property="SuccessCodes" hidden="true">0 3010</variable></defaultVarList></step><step type="SMS_TaskSequence_RunCommandLineAction" name="Check Power Cable" description="" runIn="WinPEandFullOS" successCodeList="0 3010" retryCount="0" runFromNet="false"><condition><expression type="SMS_TaskSequence_WMIConditionExpression"><variable name="Namespace">root\cimv2</variable><variable name="Query">SELECT * from Win32_Battery WHERE BatteryStatus=1</variable></expression></condition><action>smsswd.exe /run: cmd /c EXIT 1</action><defaultVarList><variable name="CommandLine" property="CommandLine" hidden="true">cmd /c EXIT 1</variable><variable name="SMSTSDisableWow64Redirection" property="DisableWow64Redirection">false</variable><variable name="SMSTSRunCommandLineOutputVariableName" property="OutputVariableName"></variable><variable name="_SMSTSRunCommandLineAsUser" property="RunAsUser">false</variable><variable name="SuccessCodes" property="SuccessCodes" hidden="true">0 3010</variable></defaultVarList></step></group><group name="Check Network Connection" description=""><condition><operator type="not"><expression type="SMS_TaskSequence_WMIConditionExpression"><variable name="Namespace">root\cimv2</variable><variable name="Query">SELECT * FROM Win32_ComputerSystem WHERE Model LIKE "%Virtual%"</variable></expression></operator></condition><step type="SMS_TaskSequence_SetVariableAction" name="Check network connection" description="" runIn="WinPEandFullOS" successCodeList="0" retryCount="0" runFromNet="false"><condition><expression type="SMS_TaskSequence_WMIConditionExpression"><variable name="Namespace">root\cimv2</variable><variable name="Query">Select * From Win32_NetworkAdapter Where NetConnectionStatus = 2 and PhysicalAdapter = 'True' and NetConnectionID = 'Wi-Fi'</variable></expression></condition><action>tsenv.exe "IsOnWiredConnection=True" /hiddenflag:False</action><defaultVarList><variable name="DoNotShowVariableValue" property="DoNotShowVariableValue" hidden="true">false</variable><variable name="VariableName" property="VariableName" hidden="true">IsOnWiredConnection</variable><variable name="VariableValue" property="VariableValue" hidden="true">True</variable></defaultVarList></step><step type="SMS_TaskSequence_RunCommandLineAction" name="Fail if not on wired connection" description="" runIn="WinPEandFullOS" successCodeList="0 3010" retryCount="0" runFromNet="false"><condition><expression type="SMS_TaskSequence_VariableConditionExpression"><variable name="Operator">exists</variable><variable name="Value"></variable><variable name="Variable">IsOnWiredConnection</variable></expression><expression type="SMS_TaskSequence_VariableConditionExpression"><variable name="Operator">notEquals</variable><variable name="Value">True</variable><variable name="Variable">IsOnWiredConnection</variable></expression></condition><action>smsswd.exe /run: cmd /c EXIT 1</action><defaultVarList><variable name="CommandLine" property="CommandLine" hidden="true">cmd /c EXIT 1</variable><variable name="SMSTSDisableWow64Redirection" property="DisableWow64Redirection">false</variable><variable name="SMSTSRunCommandLineOutputVariableName" property="OutputVariableName"></variable><variable name="_SMSTSRunCommandLineAsUser" property="RunAsUser">false</variable><variable name="SuccessCodes" property="SuccessCodes" hidden="true">0 3010</variable></defaultVarList></step></group><group name="Remove incompatible applications" description="Add steps in this group to remove any applications that are incompatible with this version of Windows 10" disable="true"><group name="Remove incompatible applications (Physical)" description="Add steps in this group to remove any applications that are incompatible with this version of Windows 10"><condition><expression type="SMS_TaskSequence_WMIConditionExpression"><variable name="Namespace">root\cimv2</variable><variable name="Query">select * from win32_computersystem where not Model like "%Virtual%"</variable></expression></condition><step type="SMS_TaskSequence_RunCommandLineAction" name="Remove McAfee MOVE" description="" disable="true" continueOnError="true" runIn="WinPEandFullOS" successCodeList="0 3010" retryCount="0" runFromNet="false"><condition><expression type="SMS_TaskSequence_FileConditionExpression"><variable name="Path">C:\Program Files (x86)\McAfee\MOVE AV Client\mvadm.exe</variable></expression></condition><action>smsswd.exe /run: MsiExec.exe /X{5D2802F8-A2EE-440E-9BB5-B7EF838BAD74} /qb</action><defaultVarList><variable name="CommandLine" property="CommandLine" hidden="true">MsiExec.exe /X{5D2802F8-A2EE-440E-9BB5-B7EF838BAD74} /qb</variable><variable name="SMSTSDisableWow64Redirection" property="DisableWow64Redirection">false</variable><variable name="SMSTSRunCommandLineOutputVariableName" property="OutputVariableName"></variable><variable name="_SMSTSRunCommandLineAsUser" property="RunAsUser">false</variable><variable name="SuccessCodes" property="SuccessCodes" hidden="true">0 3010</variable></defaultVarList></step><step type="SMS_TaskSequence_RunCommandLineAction" name="Run Command Line" description="" continueOnError="true" runIn="WinPEandFullOS" successCodeList="0 3010" retryCount="0" runFromNet="false"><action>smsswd.exe /run: MsiExec.exe /X{B16DE18D-4D5D-45F8-92BD-8DC17225AFD8} /qb</action><defaultVarList><variable name="CommandLine" property="CommandLine" hidden="true">MsiExec.exe /X{B16DE18D-4D5D-45F8-92BD-8DC17225AFD8} /qb</variable><variable name="SMSTSDisableWow64Redirection" property="DisableWow64Redirection">false</variable><variable name="SMSTSRunCommandLineOutputVariableName" property="OutputVariableName"></variable><variable name="_SMSTSRunCommandLineAsUser" property="RunAsUser">false</variable><variable name="SuccessCodes" property="SuccessCodes" hidden="true">0 3010</variable></defaultVarList></step><step type="SMS_TaskSequence_RunCommandLineAction" name="Run Command Line" description="" continueOnError="true" runIn="WinPEandFullOS" successCodeList="0 3010" retryCount="0" runFromNet="false"><action>smsswd.exe /run: MsiExec.exe /X{B16DE18D-4D5D-45F8-92BD-8DC17225AFD8} /qb</action><defaultVarList><variable name="CommandLine" property="CommandLine" hidden="true">MsiExec.exe /X{B16DE18D-4D5D-45F8-92BD-8DC17225AFD8} /qb</variable><variable name="SMSTSDisableWow64Redirection" property="DisableWow64Redirection">false</variable><variable name="SMSTSRunCommandLineOutputVariableName" property="OutputVariableName"></variable><variable name="_SMSTSRunCommandLineAsUser" property="RunAsUser">false</variable><variable name="SuccessCodes" property="SuccessCodes" hidden="true">0 3010</variable></defaultVarList></step><step type="SMS_TaskSequence_InstallSoftwareAction" name="Remove Mcafee Components" description="This will remove mcafee DLP, ENS and HIPS if found and reboot the device" runIn="FullOS" successCodeList="0" retryCount="0" runFromNet="false"><action>smsswd.exe /pkg:00000000 /install /basevar: /continueOnError:</action><defaultVarList><variable name="PackageID" property="PackageID" hidden="true">00000000</variable><variable name="_SMSSWDProgramName" property="ProgramName">Remove</variable></defaultVarList></step></group><group name="Remove incompatible applications (virtual)" description="Add steps in this group to remove any applications that are incompatible with this version of Windows 10"><condition><expression type="SMS_TaskSequence_WMIConditionExpression"><variable name="Namespace">root\cimv2</variable><variable name="Query">select * from win32_computersystem where Model like "%Virtual%"</variable></expression></condition><step type="SMS_TaskSequence_RunCommandLineAction" name="Remove McAfee MOVE" description="" disable="true" continueOnError="true" runIn="WinPEandFullOS" successCodeList="0 3010" retryCount="0" runFromNet="false"><condition><expression type="SMS_TaskSequence_FileConditionExpression"><variable name="Path">C:\Program Files (x86)\McAfee\MOVE AV Client\mvadm.exe</variable></expression></condition><action>smsswd.exe /run: MsiExec.exe /X{5D2802F8-A2EE-440E-9BB5-B7EF838BAD74} /qb</action><defaultVarList><variable name="CommandLine" property="CommandLine" hidden="true">MsiExec.exe /X{5D2802F8-A2EE-440E-9BB5-B7EF838BAD74} /qb</variable><variable name="SMSTSDisableWow64Redirection" property="DisableWow64Redirection">false</variable><variable name="SMSTSRunCommandLineOutputVariableName" property="OutputVariableName"></variable><variable name="_SMSTSRunCommandLineAsUser" property="RunAsUser">false</variable><variable name="SuccessCodes" property="SuccessCodes" hidden="true">0 3010</variable></defaultVarList></step><step type="SMS_TaskSequence_RunCommandLineAction" name="Run Command Line" description="" continueOnError="true" runIn="WinPEandFullOS" successCodeList="0 3010" retryCount="0" runFromNet="false"><action>smsswd.exe /run: MsiExec.exe /I{6F20C85B-D5E0-4F9D-8F7E-79BAE412E7EF} /qb</action><defaultVarList><variable name="CommandLine" property="CommandLine" hidden="true">MsiExec.exe /I{6F20C85B-D5E0-4F9D-8F7E-79BAE412E7EF} /qb</variable><variable name="SMSTSDisableWow64Redirection" property="DisableWow64Redirection">false</variable><variable name="_SMSTSRunCommandLineAsUser" property="RunAsUser">false</variable><variable name="SuccessCodes" property="SuccessCodes" hidden="true">0 3010</variable></defaultVarList></step><step type="SMS_TaskSequence_RunCommandLineAction" name="Run Command Line" description="" continueOnError="true" runIn="WinPEandFullOS" successCodeList="0 3010" retryCount="0" runFromNet="false"><action>smsswd.exe /run: MsiExec.exe /X{B16DE18D-4D5D-45F8-92BD-8DC17225AFD8} /qb</action><defaultVarList><variable name="CommandLine" property="CommandLine" hidden="true">MsiExec.exe /X{B16DE18D-4D5D-45F8-92BD-8DC17225AFD8} /qb</variable><variable name="SMSTSDisableWow64Redirection" property="DisableWow64Redirection">false</variable><variable name="SMSTSRunCommandLineOutputVariableName" property="OutputVariableName"></variable><variable name="_SMSTSRunCommandLineAsUser" property="RunAsUser">false</variable><variable name="SuccessCodes" property="SuccessCodes" hidden="true">0 3010</variable></defaultVarList></step><step type="SMS_TaskSequence_InstallSoftwareAction" name="Remove Mcafee Components" description="This will remove mcafee DLP, ENS and HIPS if found and reboot the device" runIn="FullOS" successCodeList="0" retryCount="0" runFromNet="false"><action>smsswd.exe /pkg:00000000 /install /basevar: /continueOnError:</action><defaultVarList><variable name="PackageID" property="PackageID" hidden="true">00000000</variable><variable name="_SMSSWDProgramName" property="ProgramName">Remove</variable></defaultVarList></step><step type="SMS_TaskSequence_RunCommandLineAction" name="Run Command Line" description="" disable="true" runIn="WinPEandFullOS" successCodeList="0 3010" retryCount="0" runFromNet="false"><action>smsswd.exe /run:00000000 McAfeeEndpointProductRemoval.exe --accepteula --DLP --HIPS --ENS --reboot</action><defaultVarList><variable name="CommandLine" property="CommandLine" hidden="true">McAfeeEndpointProductRemoval.exe --accepteula --DLP --HIPS --ENS --reboot</variable><variable name="SMSTSDisableWow64Redirection" property="DisableWow64Redirection">false</variable><variable name="SMSTSRunCommandLineOutputVariableName" property="OutputVariableName"></variable><variable name="PackageID" property="PackageID" hidden="true">00000000</variable><variable name="_SMSTSRunCommandLineAsUser" property="RunAsUser">false</variable><variable name="SuccessCodes" property="SuccessCodes" hidden="true">0 3010</variable></defaultVarList></step></group></group><group name="Remove incompatible drivers" description="Add steps in this group to remove any drivers that are incompatible with this version of Windows 10"/><group name="Remove/suspend third-party security" description="Add steps in this group to remove or suspend third-party security programs, such as antivirus"><step type="SMS_TaskSequence_DisableBitLockerAction" name="Disable BitLocker" description="" disable="true" runIn="FullOS" successCodeList="0" retryCount="0" runFromNet="false"><action>OSDBitLocker.exe /disable </action><defaultVarList><variable name="OSDBitLockerRebootCount" property="RebootCount">1</variable></defaultVarList></step></group><group name="Set TS Variables" description=""><step type="SMS_TaskSequence_SetVariableAction" name="Set - Build Version" description="Set TS Variable for Build Version" disable="true" runIn="WinPEandFullOS" successCodeList="0" retryCount="0" runFromNet="false"><action>tsenv.exe "IMGVER=1909.18363" /hiddenflag:False</action><defaultVarList><variable name="DoNotShowVariableValue" property="DoNotShowVariableValue" hidden="true">false</variable><variable name="VariableName" property="VariableName" hidden="true">IMGVER</variable><variable name="VariableValue" property="VariableValue" hidden="true">1909.18363</variable></defaultVarList></step><step type="SMS_TaskSequence_SetVariableAction" name="Set - SMSTSErrorDialog Timeout Value" description="Set the task sequence error timeout to 24 hours" runIn="WinPEandFullOS" successCodeList="0" retryCount="0" runFromNet="false"><action>tsenv.exe "SMSTSErrorDialogTimeout=43200" /hiddenflag:False</action><defaultVarList><variable name="DoNotShowVariableValue" property="DoNotShowVariableValue" hidden="true">false</variable><variable name="VariableName" property="VariableName" hidden="true">SMSTSErrorDialogTimeout</variable><variable name="VariableValue" property="VariableValue" hidden="true">43200</variable></defaultVarList></step><step type="SMS_TaskSequence_SetVariableAction" name="Set - SLShare Variable" description="Set the UNC path for task sequence log copies." runIn="WinPEandFullOS" successCodeList="0" retryCount="0" runFromNet="false"><action>tsenv.exe "SLShare=\\SG-CM01\OSDeploymentLogs" /hiddenflag:False</action><defaultVarList><variable name="DoNotShowVariableValue" property="DoNotShowVariableValue" hidden="true">false</variable><variable name="VariableName" property="VariableName" hidden="true">SLShare</variable><variable name="VariableValue" property="VariableValue" hidden="true">\\SG-CM01\OSDeploymentLogs</variable></defaultVarList></step><step type="SMS_TaskSequence_SetVariableAction" name="Set - SMSTSAssignUsersMode" description="Set TS Variable for User Affinity" runIn="WinPEandFullOS" successCodeList="0" retryCount="0" runFromNet="false"><action>tsenv.exe "SMSTSAssignUsersMode=AUTO" /hiddenflag:False</action><defaultVarList><variable name="DoNotShowVariableValue" property="DoNotShowVariableValue" hidden="true">false</variable><variable name="VariableName" property="VariableName" hidden="true">SMSTSAssignUsersMode</variable><variable name="VariableValue" property="VariableValue" hidden="true">AUTO</variable></defaultVarList></step><step type="SMS_TaskSequence_SetVariableAction" name="Set Variable for Wizard" description="" runIn="WinPEandFullOS" successCodeList="0" retryCount="0" runFromNet="false"><condition><expression type="SMS_TaskSequence_VariableConditionExpression"><variable name="Operator">notExists</variable><variable name="Value"></variable><variable name="Variable">SkipWizard</variable></expression></condition><action>tsenv.exe "SkipWizard=YES" /hiddenflag:False</action><defaultVarList><variable name="DoNotShowVariableValue" property="DoNotShowVariableValue" hidden="true">false</variable><variable name="VariableName" property="VariableName" hidden="true">SkipWizard</variable><variable name="VariableValue" property="VariableValue" hidden="true">YES</variable></defaultVarList></step><step type="BDD_UsePackage" name="Use Toolkit Package" description="" disable="true" runIn="WinPEandFullOS" successCodeList="0" retryCount="0" runFromNet="false"><action>smsswd.exe /run: cscript.exe Scripts\ZTISCCM.wsf</action><defaultVarList><variable name="BDDPackageID" property="PackageID" hidden="true"></variable></defaultVarList></step><step type="BDD_Gather" name="Gather" description="" disable="true" runIn="WinPEandFullOS" successCodeList="0" retryCount="0" runFromNet="false"><action>smsswd.exe /run: cscript.exe "%DeployRoot%\Scripts\ZTIGather.wsf"</action><defaultVarList><variable name="GatherLocalOnly" property="GatherLocalOnly">false</variable><variable name="RulesFile" property="RulesFile">CustomSettings.ini</variable></defaultVarList></step></group></group><group name="Upgrade the Operating System" description="Actions to run in full OS to upgrade the operating system"><step type="SMS_TaskSequence_UpgradeOperatingSystemAction" name="Upgrade the Operating System" description="Actions to run in full OS to upgrade the operating system" runIn="FullOS" successCodeList="0" retryCount="0" runFromNet="false"><action>OSDUpgradeOS.exe </action><defaultVarList><variable name="OSDUpgradeDynamicUpdateSettings" property="DynamicUpdateSettings">Disable</variable><variable name="OSDFeatureUpdateAssignmentID" property="FeatureUpdateAssignmentId"></variable><variable name="OSDUpgradeFeatureUpdateName" property="FeatureUpdateName"></variable><variable name="OSDUpgradeIgnoreMessages" property="IgnoreMessages">true</variable><variable name="OSDUpgradeInstallEditionIndex" property="InstallEditionIndex">3</variable><variable name="OSDUpgradeInstallPackageID" property="InstallPackageID">CB10007A</variable><variable name="OSDUpgradeInstallPath" property="InstallPath"></variable><variable name="OSDUpgradeOsProductKey" property="OsProductKey"></variable><variable name="OSDUpgradePreserveSettings" property="PreserveSettings">Upgrade</variable><variable name="OSDUpgradeScanOnly" property="ScanOnly">false</variable><variable name="OSDUpgradeStagedContent" property="StagedContent"></variable></defaultVarList></step><step type="SMS_TaskSequence_RebootAction" name="Restart Computer" description="" runIn="WinPEandFullOS" successCodeList="0" retryCount="0" runFromNet="false"><condition><expression type="SMS_TaskSequence_VariableConditionExpression"><variable name="Operator">equals</variable><variable name="Value">false</variable><variable name="Variable">_SMSTSInWinPE</variable></expression></condition><action>smsboot.exe /target:HD</action><defaultVarList><variable name="SMSRebootMessage" property="Message">Microsoft Windows operating system is being upgraded. The computer must reboot to continue.</variable><variable name="SMSRebootTimeout" property="MessageTimeout">10</variable><variable name="SMSRebootTarget" property="Target" hidden="true">HD</variable></defaultVarList></step></group></group><group name="Post-Processing" description="Do any post-processing after operating system update and computer restart"><condition><expression type="SMS_TaskSequence_VariableConditionExpression"><variable name="Operator">equals</variable><variable name="Value">false</variable><variable name="Variable">_SMSTSSetupRollback</variable></expression></condition><group name="Apply setup-based drivers" description="Add steps in this group to install setup-based drivers (.exe) from packages"/><group name="Install/enable third-party security" description="Add steps in this group to install or enable third-party security programs, such as antivirus"/><group name="Set Windows default apps and associations" description="Add steps in this group to set Windows default apps and file associations"/><group name="Apply customizations and personalizations" description="Add steps in this group to apply Start menu customizations, such as organizing program groups"><step type="SMS_TaskSequence_RunPowerShellScriptAction" name="Remove Modern Apps" description="" runIn="WinPEandFullOS" successCodeList="0" retryCount="0" runFromNet="false"><action>OSDRunPowerShellScript.exe</action><defaultVarList><variable name="OSDRunPowerShellScriptExecutionPolicy" property="ExecutionPolicy">Bypass</variable><variable name="OSDRunPowerShellScriptOutputVariableName" property="OutputVariableName"></variable><variable name="OSDRunPowerShellScriptPackageID" property="PackageID">CB10000B</variable><variable name="OSDRunPowerShellScriptParameters" property="Parameters"></variable><variable name="_SMSTSRunPowerShellAsUser" property="RunAsUser">false</variable><variable name="OSDRunPowerShellScriptScriptName" property="ScriptName">remove-apps.ps1</variable><variable name="OSDRunPowerShellScriptSuccessCodes" property="SuccessCodes" hidden="true">0</variable><variable name="SMSTSRunPowerShellUserName" property="UserName"></variable><variable name="SMSTSRunPowerShellWorkingDirectory" property="WorkingDirectory"></variable></defaultVarList></step><step type="SMS_TaskSequence_RunCommandLineAction" name="Run Hardware Inventory" description="" runIn="WinPEandFullOS" successCodeList="0 3010" retryCount="0" runFromNet="false"><action>smsswd.exe /run: WMIC /namespace:\\root\ccm path sms_client CALL TriggerSchedule "{00000000-0000-0000-0000-000000000001}" /NOINTERACTIVE</action><defaultVarList><variable name="CommandLine" property="CommandLine" hidden="true">WMIC /namespace:\\root\ccm path sms_client CALL TriggerSchedule "{00000000-0000-0000-0000-000000000001}" /NOINTERACTIVE</variable><variable name="SMSTSDisableWow64Redirection" property="DisableWow64Redirection">false</variable><variable name="SMSTSRunCommandLineOutputVariableName" property="OutputVariableName"></variable><variable name="_SMSTSRunCommandLineAsUser" property="RunAsUser">false</variable><variable name="SuccessCodes" property="SuccessCodes" hidden="true">0 3010</variable></defaultVarList></step><group name="Skip OOBE" description=""><step type="SMS_TaskSequence_RunCommandLineAction" name="Run Command Line" description="" runIn="WinPEandFullOS" successCodeList="0 3010" retryCount="0" runFromNet="false"><action>smsswd.exe /run: reg add "HKEY_LOCAL_MACHINE\SOFTWARE\Microsoft\Windows\CurrentVersion\OOBE" /v "PrivacyConsentStatus" /t REG_DWORD /d 1 /f</action><defaultVarList><variable name="CommandLine" property="CommandLine" hidden="true">reg add "HKEY_LOCAL_MACHINE\SOFTWARE\Microsoft\Windows\CurrentVersion\OOBE" /v "PrivacyConsentStatus" /t REG_DWORD /d 1 /f</variable><variable name="SMSTSDisableWow64Redirection" property="DisableWow64Redirection">false</variable><variable name="SMSTSRunCommandLineOutputVariableName" property="OutputVariableName"></variable><variable name="_SMSTSRunCommandLineAsUser" property="RunAsUser">false</variable><variable name="SuccessCodes" property="SuccessCodes" hidden="true">0 3010</variable></defaultVarList></step><step type="SMS_TaskSequence_RunCommandLineAction" name="Run Command Line" description="" runIn="WinPEandFullOS" successCodeList="0 3010" retryCount="0" runFromNet="false"><action>smsswd.exe /run: reg add "HKEY_LOCAL_MACHINE\SOFTWARE\Microsoft\Windows\CurrentVersion\OOBE" /v "SkipMachineOOBE" /t REG_DWORD /d 1 /f</action><defaultVarList><variable name="CommandLine" property="CommandLine" hidden="true">reg add "HKEY_LOCAL_MACHINE\SOFTWARE\Microsoft\Windows\CurrentVersion\OOBE" /v "SkipMachineOOBE" /t REG_DWORD /d 1 /f</variable><variable name="SMSTSDisableWow64Redirection" property="DisableWow64Redirection">false</variable><variable name="SMSTSRunCommandLineOutputVariableName" property="OutputVariableName"></variable><variable name="_SMSTSRunCommandLineAsUser" property="RunAsUser">false</variable><variable name="SuccessCodes" property="SuccessCodes" hidden="true">0 3010</variable></defaultVarList></step><step type="SMS_TaskSequence_RunCommandLineAction" name="Run Command Line" description="" runIn="WinPEandFullOS" successCodeList="0 3010" retryCount="0" runFromNet="false"><action>smsswd.exe /run: reg add "HKEY_LOCAL_MACHINE\SOFTWARE\Microsoft\Windows\CurrentVersion\OOBE" /v "ProtectYourPC" /t REG_DWORD /d 3 /f</action><defaultVarList><variable name="CommandLine" property="CommandLine" hidden="true">reg add "HKEY_LOCAL_MACHINE\SOFTWARE\Microsoft\Windows\CurrentVersion\OOBE" /v "ProtectYourPC" /t REG_DWORD /d 3 /f</variable><variable name="SMSTSDisableWow64Redirection" property="DisableWow64Redirection">false</variable><variable name="SMSTSRunCommandLineOutputVariableName" property="OutputVariableName"></variable><variable name="_SMSTSRunCommandLineAsUser" property="RunAsUser">false</variable><variable name="SuccessCodes" property="SuccessCodes" hidden="true">0 3010</variable></defaultVarList></step><step type="SMS_TaskSequence_RunCommandLineAction" name="Run Command Line" description="" runIn="WinPEandFullOS" successCodeList="0 3010" retryCount="0" runFromNet="false"><action>smsswd.exe /run: reg add "HKEY_LOCAL_MACHINE\SOFTWARE\Microsoft\Windows\CurrentVersion\OOBE" /v "SkipUserOOBE" /t REG_DWORD /d 1 /f</action><defaultVarList><variable name="CommandLine" property="CommandLine" hidden="true">reg add "HKEY_LOCAL_MACHINE\SOFTWARE\Microsoft\Windows\CurrentVersion\OOBE" /v "SkipUserOOBE" /t REG_DWORD /d 1 /f</variable><variable name="SMSTSDisableWow64Redirection" property="DisableWow64Redirection">false</variable><variable name="SMSTSRunCommandLineOutputVariableName" property="OutputVariableName"></variable><variable name="_SMSTSRunCommandLineAsUser" property="RunAsUser">false</variable><variable name="SuccessCodes" property="SuccessCodes" hidden="true">0 3010</variable></defaultVarList></step></group></group><group name="Collect Logs" description=""><step type="SMS_TaskSequence_RunCommandLineAction" name="Delete Log Folder" description="" runIn="WinPEandFullOS" successCodeList="0 3010" retryCount="0" runFromNet="false"><action>smsswd.exe /run: cmd.exe /c if exist "\\SG-CM01\OSDeploymentLogs\%_SMSTSMachineName%_Success" rd /s /q "\\SG-CM01\OSDeploymentLogs\%_SMSTSMachineName%_Success"</action><defaultVarList><variable name="CommandLine" property="CommandLine" hidden="true">cmd.exe /c if exist "\\SG-CM01\OSDeploymentLogs\%_SMSTSMachineName%_Success" rd /s /q "\\SG-CM01\OSDeploymentLogs\%_SMSTSMachineName%_Success"</variable><variable name="SMSTSDisableWow64Redirection" property="DisableWow64Redirection">false</variable><variable name="SMSTSRunCommandLineOutputVariableName" property="OutputVariableName"></variable><variable name="_SMSTSRunCommandLineAsUser" property="RunAsUser">false</variable><variable name="SuccessCodes" property="SuccessCodes" hidden="true">0 3010</variable></defaultVarList></step><step type="SMS_TaskSequence_RunCommandLineAction" name="Create Log Folder" description="" runIn="WinPEandFullOS" successCodeList="0 3010" retryCount="0" runFromNet="false"><action>smsswd.exe /run: cmd.exe /c md "\\SG-CM01\OSDeploymentLogs\%_SMSTSMachineName%_Success"</action><defaultVarList><variable name="CommandLine" property="CommandLine" hidden="true">cmd.exe /c md "\\SG-CM01\OSDeploymentLogs\%_SMSTSMachineName%_Success"</variable><variable name="SMSTSDisableWow64Redirection" property="DisableWow64Redirection">false</variable><variable name="SMSTSRunCommandLineOutputVariableName" property="OutputVariableName"></variable><variable name="_SMSTSRunCommandLineAsUser" property="RunAsUser">false</variable><variable name="SuccessCodes" property="SuccessCodes" hidden="true">0 3010</variable></defaultVarList></step><step type="SMS_TaskSequence_RunCommandLineAction" name="Copy Logs" description="" runIn="WinPEandFullOS" successCodeList="0 3010" retryCount="0" runFromNet="false"><action>smsswd.exe /run: cmd.exe /c copy %_SMSTSLogPath%\*.log "\\SG-CM01\OSDeploymentLogs\%_SMSTSMachineName%_Success" &amp; cmd.exe /c if exist %SystemDrive%\$Windows.~BT\Sources\Panther\setupact.log copy %SystemDrive%\$Windows.~BT\Sources\Panther\setupact.log "\\SG-CM01\OSDeploymentLogs\%_SMSTSMachineName%_Success" &amp; cmd.exe /c if exist %SystemDrive%\windows\Panther\setupact.log copy %SystemDrive%\windows\Panther\setupact.log "\\SG-CM01\OSDeploymentLogs\%_SMSTSMachineName%_Success"</action><defaultVarList><variable name="CommandLine" property="CommandLine" hidden="true">cmd.exe /c copy %_SMSTSLogPath%\*.log "\\SG-CM01\OSDeploymentLogs\%_SMSTSMachineName%_Success" &amp; cmd.exe /c if exist %SystemDrive%\$Windows.~BT\Sources\Panther\setupact.log copy %SystemDrive%\$Windows.~BT\Sources\Panther\setupact.log "\\SG-CM01\OSDeploymentLogs\%_SMSTSMachineName%_Success" &amp; cmd.exe /c if exist %SystemDrive%\windows\Panther\setupact.log copy %SystemDrive%\windows\Panther\setupact.log "\\SG-CM01\OSDeploymentLogs\%_SMSTSMachineName%_Success"</variable><variable name="SMSTSDisableWow64Redirection" property="DisableWow64Redirection">false</variable><variable name="SMSTSRunCommandLineOutputVariableName" property="OutputVariableName"></variable><variable name="_SMSTSRunCommandLineAsUser" property="RunAsUser">false</variable><variable name="SuccessCodes" property="SuccessCodes" hidden="true">0 3010</variable></defaultVarList></step></group></group><group name="Rollback" description="Rollback"><condition><expression type="SMS_TaskSequence_VariableConditionExpression"><variable name="Operator">equals</variable><variable name="Value">true</variable><variable name="Variable">_SMSTSSetupRollback</variable></expression></condition><group name="Cleanup Windows.old" description=""><condition><expression type="SMS_TaskSequence_VariableConditionExpression"><variable name="Operator">equals</variable><variable name="Value">true</variable><variable name="Variable">_SMSTSLastActionSucceeded</variable></expression></condition><step type="SMS_TaskSequence_RunCommandLineAction" name="Remove Windows.old" description="" continueOnError="true" runIn="WinPEandFullOS" successCodeList="0 3010" retryCount="0" runFromNet="false"><action>smsswd.exe /run: Dism.exe /online /Cleanup-Image /StartComponentCleanup</action><defaultVarList><variable name="CommandLine" property="CommandLine" hidden="true">Dism.exe /online /Cleanup-Image /StartComponentCleanup</variable><variable name="SMSTSDisableWow64Redirection" property="DisableWow64Redirection">false</variable><variable name="SMSTSRunCommandLineOutputVariableName" property="OutputVariableName"></variable><variable name="_SMSTSRunCommandLineAsUser" property="RunAsUser">false</variable><variable name="SuccessCodes" property="SuccessCodes" hidden="true">0 3010</variable></defaultVarList></step></group></group><group name="Run Actions on Failure" description=""><condition><expression type="SMS_TaskSequence_VariableConditionExpression"><variable name="Operator">notEquals</variable><variable name="Value">0</variable><variable name="Variable">_SMSTSOSUpgradeActionReturnCode</variable></expression></condition><step type="SMS_TaskSequence_RunCommandLineAction" name="Run SetupDiag" description="" continueOnError="true" runIn="WinPEandFullOS" successCodeList="0 3010" retryCount="0" runFromNet="false"><action>smsswd.exe /run: "\\sg-cm01\sources$\OSD\OS Deployment Logs\SetupDiag.exe" /Output:"%_SMSTSLogPath%\SetupDiagResults.log" /Mode:Online</action><defaultVarList><variable name="CommandLine" property="CommandLine" hidden="true">"\\sg-cm01\sources$\OSD\OS Deployment Logs\SetupDiag.exe" /Output:"%_SMSTSLogPath%\SetupDiagResults.log" /Mode:Online</variable><variable name="SMSTSDisableWow64Redirection" property="DisableWow64Redirection">false</variable><variable name="SMSTSRunCommandLineOutputVariableName" property="OutputVariableName"></variable><variable name="_SMSTSRunCommandLineAsUser" property="RunAsUser">false</variable><variable name="SuccessCodes" property="SuccessCodes" hidden="true">0 3010</variable></defaultVarList></step><group name="Collect Logs" description=""><step type="SMS_TaskSequence_RunCommandLineAction" name="Delete Log Folder" description="" runIn="WinPEandFullOS" successCodeList="0 3010" retryCount="0" runFromNet="false"><action>smsswd.exe /run: cmd.exe /c if exist "\\SG-CM01\OSDeploymentLogs\%_SMSTSMachineName%_Failure" rd /s /q "\\SG-CM01\OSDeploymentLogs\%_SMSTSMachineName%_Failure"</action><defaultVarList><variable name="CommandLine" property="CommandLine" hidden="true">cmd.exe /c if exist "\\SG-CM01\OSDeploymentLogs\%_SMSTSMachineName%_Failure" rd /s /q "\\SG-CM01\OSDeploymentLogs\%_SMSTSMachineName%_Failure"</variable><variable name="SMSTSDisableWow64Redirection" property="DisableWow64Redirection">false</variable><variable name="SMSTSRunCommandLineOutputVariableName" property="OutputVariableName"></variable><variable name="_SMSTSRunCommandLineAsUser" property="RunAsUser">false</variable><variable name="SuccessCodes" property="SuccessCodes" hidden="true">0 3010</variable></defaultVarList></step><step type="SMS_TaskSequence_RunCommandLineAction" name="Create Log Folder" description="" runIn="WinPEandFullOS" successCodeList="0 3010" retryCount="0" runFromNet="false"><action>smsswd.exe /run: cmd.exe /c md "\\SG-CM01\OSDeploymentLogs\%_SMSTSMachineName%_Failure"</action><defaultVarList><variable name="CommandLine" property="CommandLine" hidden="true">cmd.exe /c md "\\SG-CM01\OSDeploymentLogs\%_SMSTSMachineName%_Failure"</variable><variable name="SMSTSDisableWow64Redirection" property="DisableWow64Redirection">false</variable><variable name="SMSTSRunCommandLineOutputVariableName" property="OutputVariableName"></variable><variable name="_SMSTSRunCommandLineAsUser" property="RunAsUser">false</variable><variable name="SuccessCodes" property="SuccessCodes" hidden="true">0 3010</variable></defaultVarList></step><step type="SMS_TaskSequence_RunCommandLineAction" name="Copy Logs" description="" runIn="WinPEandFullOS" successCodeList="0 3010" retryCount="0" runFromNet="false"><action>smsswd.exe /run: cmd.exe /c copy %_SMSTSLogPath%\*.log "\\SG-CM01\OSDeploymentLogs\%_SMSTSMachineName%_Failure" &amp; cmd.exe /c if exist %SystemDrive%\$Windows.~BT\Sources\Panther\setupact.log copy %SystemDrive%\$Windows.~BT\Sources\Panther\setupact.log "\\SG-CM01\OSDeploymentLogs\%_SMSTSMachineName%_Failure" &amp; cmd.exe /c if exist %SystemDrive%\windows\Panther\NewOs\Panther\setupact.log copy %SystemDrive%\windows\Panther\NewOs\Panther\setupact.log "\\SG-CM01\OSDeploymentLogs\%_SMSTSMachineName%_Failure"</action><defaultVarList><variable name="CommandLine" property="CommandLine" hidden="true">cmd.exe /c copy %_SMSTSLogPath%\*.log "\\SG-CM01\OSDeploymentLogs\%_SMSTSMachineName%_Failure" &amp; cmd.exe /c if exist %SystemDrive%\$Windows.~BT\Sources\Panther\setupact.log copy %SystemDrive%\$Windows.~BT\Sources\Panther\setupact.log "\\SG-CM01\OSDeploymentLogs\%_SMSTSMachineName%_Failure" &amp; cmd.exe /c if exist %SystemDrive%\windows\Panther\NewOs\Panther\setupact.log copy %SystemDrive%\windows\Panther\NewOs\Panther\setupact.log "\\SG-CM01\OSDeploymentLogs\%_SMSTSMachineName%_Failure"</variable><variable name="SMSTSDisableWow64Redirection" property="DisableWow64Redirection">false</variable><variable name="SMSTSRunCommandLineOutputVariableName" property="OutputVariableName"></variable><variable name="_SMSTSRunCommandLineAsUser" property="RunAsUser">false</variable><variable name="SuccessCodes" property="SuccessCodes" hidden="true">0 3010</variable></defaultVarList></step></group><step type="SMS_TaskSequence_RunCommandLineAction" name="Fail task sequence" description="" runIn="WinPEandFullOS" successCodeList="0 3010" retryCount="0" runFromNet="false"><action>smsswd.exe /run: cmd /c exit 1</action><defaultVarList><variable name="CommandLine" property="CommandLine" hidden="true">cmd /c exit 1</variable><variable name="SMSTSDisableWow64Redirection" property="DisableWow64Redirection">false</variable><variable name="SMSTSRunCommandLineOutputVariableName" property="OutputVariableName"></variable><variable name="_SMSTSRunCommandLineAsUser" property="RunAsUser">false</variable><variable name="SuccessCodes" property="SuccessCodes" hidden="true">0 3010</variable></defaultVarList></step></group></group><step type="SMS_TaskSequence_RebootAction" name="Restart Computer" description="" disable="true" runIn="WinPEandFullOS" successCodeList="0" retryCount="0" runFromNet="false"><action>smsboot.exe /target:HD</action><defaultVarList><variable name="SMSRebootMessage" property="Message">A new Microsoft Windows operating system is being installed. The computer must restart to continue.</variable><variable name="SMSRebootTimeout" property="MessageTimeout">15</variable><variable name="SMSRebootTarget" property="Target" hidden="true">HD</variable></defaultVarList></step><group name="Run Action on Success" description="" disable="true"><condition><expression type="SMS_TaskSequence_VariableConditionExpression"><variable name="Operator">equals</variable><variable name="Value">0</variable><variable name="Variable">_SMSTSOSUpgradeActionReturnCode</variable></expression></condition><step type="SMS_TaskSequence_RunCommandLineAction" name="Delete Log Folder" description="" continueOnError="true" runIn="WinPEandFullOS" successCodeList="0 3010" retryCount="0" runFromNet="false"><action>smsswd.exe /run: cmd.exe /c if exist "\\VSGRHOWPSCP01\W10-Compatiability-check\%_SMSTSMachineName%_Failure" rd /s /q "\\VSGRHOWPSCP01\W10-Compatiability-check\%_SMSTSMachineName%_Failure"</action><defaultVarList><variable name="CommandLine" property="CommandLine" hidden="true">cmd.exe /c if exist "\\VSGRHOWPSCP01\W10-Compatiability-check\%_SMSTSMachineName%_Failure" rd /s /q "\\VSGRHOWPSCP01\W10-Compatiability-check\%_SMSTSMachineName%_Failure"</variable><variable name="SMSTSDisableWow64Redirection" property="DisableWow64Redirection">false</variable><variable name="SMSTSRunCommandLineOutputVariableName" property="OutputVariableName"></variable><variable name="_SMSTSRunCommandLineAsUser" property="RunAsUser">false</variable><variable name="SuccessCodes" property="SuccessCodes" hidden="true">0 3010</variable></defaultVarList></step></group></sequence>
]]></VALUE>
  </PROPERTY>
  <PROPERTY NAME="ShareName" CLASSORIGIN="SMS_PackageBaseclass" TYPE="string">
    <QUALIFIER NAME="CIMTYPE" PROPAGATED="true" TYPE="string" TOINSTANCE="true">
      <VALUE>string</VALUE>
    </QUALIFIER>
    <VALUE></VALUE>
  </PROPERTY>
  <PROPERTY NAME="ShareType" CLASSORIGIN="SMS_PackageBaseclass" TYPE="uint32">
    <QUALIFIER NAME="CIMTYPE" PROPAGATED="true" TYPE="string" TOINSTANCE="true">
      <VALUE>uint32</VALUE>
    </QUALIFIER>
    <VALUE>1</VALUE>
  </PROPERTY>
  <PROPERTY NAME="SourceDate" CLASSORIGIN="SMS_PackageBaseclass" TYPE="datetime">
    <QUALIFIER NAME="CIMTYPE" PROPAGATED="true" TYPE="string" TOINSTANCE="true">
      <VALUE>datetime</VALUE>
    </QUALIFIER>
    <VALUE>20210915124637.000000+000</VALUE>
  </PROPERTY>
  <PROPERTY NAME="SourceSite" CLASSORIGIN="SMS_PackageBaseclass" TYPE="string">
    <QUALIFIER NAME="CIMTYPE" PROPAGATED="true" TYPE="string" TOINSTANCE="true">
      <VALUE>string</VALUE>
    </QUALIFIER>
    <VALUE>CB1</VALUE>
  </PROPERTY>
  <PROPERTY NAME="SourceSize" CLASSORIGIN="SMS_TaskSequencePackage" TYPE="uint32">
    <QUALIFIER NAME="CIMTYPE" PROPAGATED="true" TYPE="string" TOINSTANCE="true">
      <VALUE>uint32</VALUE>
    </QUALIFIER>
    <VALUE>47</VALUE>
  </PROPERTY>
  <PROPERTY NAME="SourceVersion" CLASSORIGIN="SMS_PackageBaseclass" TYPE="uint32">
    <QUALIFIER NAME="CIMTYPE" PROPAGATED="true" TYPE="string" TOINSTANCE="true">
      <VALUE>uint32</VALUE>
    </QUALIFIER>
    <VALUE>1</VALUE>
  </PROPERTY>
  <PROPERTY NAME="StoredPkgPath" CLASSORIGIN="SMS_PackageBaseclass" TYPE="string">
    <QUALIFIER NAME="CIMTYPE" PROPAGATED="true" TYPE="string" TOINSTANCE="true">
      <VALUE>string</VALUE>
    </QUALIFIER>
    <VALUE></VALUE>
  </PROPERTY>
  <PROPERTY NAME="StoredPkgVersion" CLASSORIGIN="SMS_PackageBaseclass" TYPE="uint32">
    <QUALIFIER NAME="CIMTYPE" PROPAGATED="true" TYPE="string" TOINSTANCE="true">
      <VALUE>uint32</VALUE>
    </QUALIFIER>
    <VALUE>1</VALUE>
  </PROPERTY>
  <PROPERTY.OBJECTARRAY NAME="SupportedOperatingSystems" CLASSORIGIN="SMS_TaskSequencePackage" REFERENCECLASS="SMS_OS_Details">
    <QUALIFIER NAME="CIMTYPE" PROPAGATED="true" TYPE="string" TOINSTANCE="true">
      <VALUE>object:SMS_OS_Details</VALUE>
    </QUALIFIER>
    <VALUE.OBJECTARRAY></VALUE.OBJECTARRAY>
  </PROPERTY.OBJECTARRAY>
  <PROPERTY NAME="TaskSequenceFlags" CLASSORIGIN="SMS_TaskSequencePackage" TYPE="uint32">
    <QUALIFIER NAME="CIMTYPE" PROPAGATED="true" TYPE="string" TOINSTANCE="true">
      <VALUE>uint32</VALUE>
    </QUALIFIER>
    <VALUE>0</VALUE>
  </PROPERTY>
  <PROPERTY NAME="TsEnabled" CLASSORIGIN="SMS_TaskSequencePackage" TYPE="boolean">
    <QUALIFIER NAME="CIMTYPE" PROPAGATED="true" TYPE="string" TOINSTANCE="true">
      <VALUE>boolean</VALUE>
    </QUALIFIER>
    <VALUE>TRUE</VALUE>
  </PROPERTY>
  <PROPERTY NAME="Type" CLASSORIGIN="SMS_TaskSequencePackage" TYPE="uint32">
    <QUALIFIER NAME="CIMTYPE" PROPAGATED="true" TYPE="string" TOINSTANCE="true">
      <VALUE>uint32</VALUE>
    </QUALIFIER>
    <VALUE>2</VALUE>
  </PROPERTY>
  <PROPERTY NAME="Version" CLASSORIGIN="SMS_PackageBaseclass" TYPE="string">
    <QUALIFIER NAME="CIMTYPE" PROPAGATED="true" TYPE="string" TOINSTANCE="true">
      <VALUE>string</VALUE>
    </QUALIFIER>
    <VALUE></VALUE>
  </PROPERTY>
</INSTANCE>