[
  {
    "Id": "620420",
    "ThreadId": "259551",
    "Html": "\r\n<p>hi ,</p>\r\n<p>&nbsp;&nbsp;&nbsp;&nbsp;&nbsp;&nbsp;&nbsp;&nbsp;&nbsp;&nbsp;&nbsp;&nbsp;&nbsp; i am working for the one of the company and i need to use this product in my organization. my organization wont allow me to Use licenced files and softwares.</p>\r\n<p>&nbsp;&nbsp;&nbsp;&nbsp;&nbsp;&nbsp;&nbsp;&nbsp;&nbsp;&nbsp;&nbsp;&nbsp;&nbsp;in my organization i need to use your software, how can i use this without licence aggrement in my organization</p>\r\n<p>&nbsp;</p>\r\n<p>Thanks &amp; Regards,</p>\r\n<p>sree............................</p>\r\n",
    "PostedDate": "2011-05-30T12:49:12.297-07:00",
    "UserRole": null,
    "MarkedAsAnswerDate": null
  },
  {
    "Id": "620459",
    "ThreadId": "259551",
    "Html": "<p>Hi,</p>\r\n<p>This application is open source. The license agreement is there only to state that there is no warranty by contributor. You are free to use the tool, distribute it and modify the source code, but author notices should be retained.</p>\r\n<p>I've decided to use Ms-PL license instead of GPLv2 as Microsoft Public License is more straightforward and easier to understand (less to read :))</p>\r\n<p>&nbsp;</p>\r\n<p>Christjan Schumann</p>",
    "PostedDate": "2011-05-30T14:29:31.537-07:00",
    "UserRole": null,
    "MarkedAsAnswerDate": null
  },
  {
    "Id": "620739",
    "ThreadId": "259551",
    "Html": "<p>hi,</p>\r\n<p>&nbsp;&nbsp;&nbsp;&nbsp;&nbsp;&nbsp;&nbsp;&nbsp; Thanks for your Prompt responce.</p>\r\n<p>&nbsp;&nbsp;&nbsp;&nbsp;&nbsp;&nbsp;&nbsp;&nbsp;&nbsp;Now i will discuss with my Manager for approve to USE this tool in my Environment.</p>\r\n<p>&nbsp;</p>\r\n<p>Thanks,</p>\r\n<p>sree.....</p>",
    "PostedDate": "2011-05-31T05:22:45.927-07:00",
    "UserRole": null,
    "MarkedAsAnswerDate": null
  }
]