[
  {
    "Id": "625760",
    "ThreadId": "260861",
    "Html": "\r\n<p><span style=\"font-family:'Segoe UI','sans-serif'; color:black; font-size:10pt\">Hi!</span></p>\r\n<p><span style=\"font-family:'Segoe UI','sans-serif'; color:black; font-size:10pt\">I would like to suggest the ability to add multiple alternate credentials as I work in a large enterprise environment with multiple domains. Having the ability to add multiple\r\n accounts and then the tool attempt use any account with sufficient rights would vastly improve the tools useability for me.</span></p>\r\n<p><span style=\"font-family:'Segoe UI','sans-serif'; color:black; font-size:10pt\">Many thanks and awesome tool so far!!!!</span></p>\r\n<p><span style=\"font-family:'Segoe UI','sans-serif'; color:black; font-size:10pt\">Ben</span></p>\r\n",
    "PostedDate": "2011-06-09T23:25:58.187-07:00",
    "UserRole": null,
    "MarkedAsAnswerDate": null
  },
  {
    "Id": "625794",
    "ThreadId": "260861",
    "Html": "<p>Thank you! This actually seems like a cool feature and I'll try to look into this.</p>\r\n<p>&nbsp;</p>\r\n<p>Christjan</p>",
    "PostedDate": "2011-06-10T00:42:10.65-07:00",
    "UserRole": null,
    "MarkedAsAnswerDate": null
  }
]