[
  {
    "Id": "625765",
    "ThreadId": "260862",
    "Html": "\r\n<p>Hi,</p>\r\n<p>It appears the tool uses c:\\Windows as the default folder name when agent deployment. I would suggest it detects the Windows folder name as I have tried to use the tool against Windows 2000 servers that have a c:\\Winnt without success.</p>\r\n<p>Regards,</p>\r\n<p>Ben&nbsp;</p>\r\n",
    "PostedDate": "2011-06-09T23:31:11.787-07:00",
    "UserRole": null,
    "MarkedAsAnswerDate": null
  },
  {
    "Id": "625793",
    "ThreadId": "260862",
    "Html": "<p>Hi,</p>\r\n<p>I haven't hard coded the \"C:\\windows\". The tool looks for WindowsDirectory property value in Win32_OperatingSystem WMI class on remote computer. Unfortunately I have no Windows Server 2000 available to test this.&nbsp;I'm not sure&nbsp;but it might be that this WMI class might have been different in Windows Server 2000. Actually, so far I've stated that the tool supports Windows Server 2003+ and Windows XP SP2+.</p>\r\n<p>Perhaps you know of some method how to determine Windows directory path from WMI on Windows Server 2000?</p>",
    "PostedDate": "2011-06-10T00:40:40.46-07:00",
    "UserRole": null,
    "MarkedAsAnswerDate": null
  },
  {
    "Id": "625798",
    "ThreadId": "260862",
    "Html": "<p>Hi!</p>\r\n<p>Many thanks for such a fast response! I checked&nbsp;Technet and you&nbsp;are quering the correct WMI class which is supported by Windows 2000, it is entirely possible that WMI is completely broken on the server I was looking at... If I find any&nbsp;thing else interesting I will pass on info.</p>\r\n<p>Regards,</p>\r\n<p>Ben&nbsp;</p>",
    "PostedDate": "2011-06-10T00:52:41.797-07:00",
    "UserRole": null,
    "MarkedAsAnswerDate": null
  }
]