[
  {
    "Id": "641787",
    "ThreadId": "265026",
    "Html": "\r\n<p>Has anybody been successfull running the tool (specifically the client health pieces)&nbsp;on XP SP3 workstations with the windows firewall enabled?&nbsp; The inbound ports seem to vary, so I'm not sure of a good way to handle it.&nbsp; We need to address\r\n on hundreds of clients.</p>\r\n<p>Thanks</p>\r\n",
    "PostedDate": "2011-07-13T09:38:44.677-07:00",
    "UserRole": null,
    "MarkedAsAnswerDate": null
  },
  {
    "Id": "641831",
    "ThreadId": "265026",
    "Html": "<p>Hi,</p>\r\n<p>Please refer to this article about connecting to WMI through Windows firewall: <a href=\"http://msdn.microsoft.com/en-us/library/aa389286(v=vs.85).aspx\">http://msdn.microsoft.com/en-us/library/aa389286(v=vs.85).aspx</a></p>\r\n<p>The tool uses mostly WMI to remotely manage the clients.</p>\r\n<p>&nbsp;</p>\r\n<p>Good luck,</p>\r\n<p>Christjan</p>",
    "PostedDate": "2011-07-13T10:46:45.12-07:00",
    "UserRole": null,
    "MarkedAsAnswerDate": null
  },
  {
    "Id": "641833",
    "ThreadId": "265026",
    "Html": "<p>unfortunately we had both 135 and unsecapp already allowed.&nbsp; It works great if the firewall is turned off&nbsp; Source port is usually in the 50000 range while the destination was 2611 one time 1103 another....I'm sure there are others</p>",
    "PostedDate": "2011-07-13T10:53:25.68-07:00",
    "UserRole": null,
    "MarkedAsAnswerDate": null
  },
  {
    "Id": "641848",
    "ThreadId": "265026",
    "Html": "<p>135 and unsecapp are required for callback data FROM remote client to yours. For the connection TO remote computer you should allow remote administration on clients&nbsp;by either group policy or with NETSH command provided in this article.</p>",
    "PostedDate": "2011-07-13T11:32:09.1-07:00",
    "UserRole": null,
    "MarkedAsAnswerDate": null
  }
]