[
  {
    "Id": "659657",
    "ThreadId": "269476",
    "Html": "\r\n<p>With the client install being setup to run under the system account as a scheduled task, how do you get around the permission denied reaching out to the UNC path?</p>\r\n",
    "PostedDate": "2011-08-17T14:31:00.613-07:00",
    "UserRole": null,
    "MarkedAsAnswerDate": null
  },
  {
    "Id": "659800",
    "ThreadId": "269476",
    "Html": "<p>I'm not getting around the UNC path permissions. The folder with client files on server&nbsp;should allow read access to domain computers in order SYSTEM account could download installation files. I admit that I should've mentioned this \"minor matter\" in the documentation.</p>\n<p>I have updated the <a href=\"http://sccmcat.codeplex.com/wikipage?title=Install SCCM Client\" target=\"_self\">documentation</a>.</p>",
    "PostedDate": "2011-08-17T23:18:02.3-07:00",
    "UserRole": null,
    "MarkedAsAnswerDate": null
  },
  {
    "Id": "660041",
    "ThreadId": "269476",
    "Html": "<p>Thank you, that was the missing piece that made the install process sucessful.</p>\r\n<p>Great tool and thank you for sharing it with everyone.</p>",
    "PostedDate": "2011-08-18T07:40:28.98-07:00",
    "UserRole": null,
    "MarkedAsAnswerDate": null
  },
  {
    "Id": "930151",
    "ThreadId": "269476",
    "Html": "\r\n<p>hello,</p>\r\n<p>I just started using this program, it is great and very helpful.</p>\r\n<p>but I have a question regarding the account you use to create scheduled tasks, is that possible to use a provided domain account to schedule a task ?&nbsp;</p>\r\n<p>&nbsp;</p>\r\n<p>in fact, i even added Domain computers group to both share permission and nt security, but scheduled task just could not start for some reason. that's why want to know if i can schedule install task under domain account name</p>\r\n",
    "PostedDate": "2012-10-21T14:20:06.183-07:00",
    "UserRole": null,
    "MarkedAsAnswerDate": null
  },
  {
    "Id": "932120",
    "ThreadId": "269476",
    "Html": "\r\n<div>\r\n<p><span style=\"font-size:11.0pt; font-family:\">Hi,</span></p>\r\n<p><span style=\"font-size:11.0pt; font-family:\"></span></p>\r\n<p><span style=\"font-size:11.0pt; font-family:\">You can specify alternate credentials (1 or more) that are used during execution.</span></p>\r\n<p><span style=\"font-size:11.0pt; font-family:\"></span></p>\r\n<p><span style=\"font-size:11.0pt; font-family:\">Here’s the link to documentation:\r\n</span><a href=\"http://sccmcat.codeplex.com/wikipage?title=Using%20Alternate%20Credentials\">http://sccmcat.codeplex.com/wikipage?title=Using%20Alternate%20Credentials</a></p>\r\n<p><span style=\"font-size:11.0pt; font-family:\"></span></p>\r\n<p><span style=\"font-size:11.0pt; font-family:\"></span></p>\r\n<p><span style=\"font-size:11.0pt; font-family:\">Best regards,</span></p>\r\n<p><span style=\"font-size:11.0pt; font-family:\"></span></p>\r\n<p><span style=\"font-size:11.0pt; font-family:\">Christjan Schumann</span></p>\r\n<p><span style=\"font-size:11.0pt; font-family:\"></span></p>\r\n<div>\r\n<div style=\"border:none; border-top:solid #E1E1E1 1.0pt; padding:3.0pt 0cm 0cm 0cm\">\r\n<p><b><span lang=\"EN-US\" style=\"font-size:11.0pt; font-family:\">From:</span></b><span lang=\"EN-US\" style=\"font-size:11.0pt; font-family:\"> kelvinj [email removed]\r\n<br>\r\n<b>Sent:</b> 22. oktoober 2012 0:20<br>\r\n<b>To:</b> c@itminutes.net<br>\r\n<b>Subject:</b> Re: Client Install [sccmcat:269476]</span></p>\r\n</div>\r\n</div>\r\n<p></p>\r\n<p><span style=\"font-size:9.0pt; font-family:\">From: kelvinj</span></p>\r\n<div id=\"ThreadNotificationPostBody\" style=\"margin-bottom:24.0pt\">\r\n<p><span style=\"font-size:9.0pt; font-family:\">hello,</span></p>\r\n<p><span style=\"font-size:9.0pt; font-family:\">I just started using this program, it is great and very helpful.</span></p>\r\n<p><span style=\"font-size:9.0pt; font-family:\">but I have a question regarding the account you use to create scheduled tasks, is that possible to use a provided domain account to schedule a task ?\r\n</span></p>\r\n</div>\r\n</div>\r\n",
    "PostedDate": "2012-10-24T22:28:40.403-07:00",
    "UserRole": null,
    "MarkedAsAnswerDate": null
  }
]