[
  {
    "Id": "665431",
    "ThreadId": "270920",
    "Html": "\r\n<p>Hi</p>\r\n<p>Can you add some features to SCCM C.A.T like remote prompt command and copy file to a remote computer(s).</p>\r\n<p>Thanks</p>\r\n<p>&nbsp;</p>\r\n",
    "PostedDate": "2011-08-30T11:31:25.54-07:00",
    "UserRole": null,
    "MarkedAsAnswerDate": null
  },
  {
    "Id": "665500",
    "ThreadId": "270920",
    "Html": "<p>I welcome these new feature requests. Just to make sure I understood right - by remote prompt you mean remotely showing some kind of message to users?</p>\n<p>Copy file function would only copy a single file? If you have SCCM in your environment, you could also copy files by advertising such package to your workstations. Or what's the reason for such need?</p>",
    "PostedDate": "2011-08-30T14:00:50.8-07:00",
    "UserRole": null,
    "MarkedAsAnswerDate": null
  },
  {
    "Id": "665760",
    "ThreadId": "270920",
    "Html": "<p>Remote Prompt feature - to execute commands like nbtstat -c, tasklist and other commands. I can do this with PSEXEC but I would like to Centralize my troubleshootings with only one tool.</p>\r\n<p>Copy file Feature = This feature copy file to a machines without clients, one example to use this feature is a copy of LMHOST file to 20 Desktops without client.</p>",
    "PostedDate": "2011-08-31T06:47:52.483-07:00",
    "UserRole": null,
    "MarkedAsAnswerDate": null
  },
  {
    "Id": "665987",
    "ThreadId": "270920",
    "Html": "<p>Ok, this remote prompt feature may turn out to be a challenge as this is a HTML application and it's using scripting engine only. I can check the possibilities, but I have a feeling that without including psexec with this tool, it may not be possible.</p>\r\n<p>I will consider adding copy file feature to next version.</p>\r\n<p>Thank you!</p>",
    "PostedDate": "2011-08-31T14:07:09.317-07:00",
    "UserRole": null,
    "MarkedAsAnswerDate": null
  }
]