[
  {
    "Id": "668830",
    "ThreadId": "271838",
    "Html": "\r\n<p>In &quot;Other Actions&quot; it would be great to be able to see the computer's OU or DN. I've bben trying to add it but I'm not a coder.</p>\r\n",
    "PostedDate": "2011-09-07T15:53:11.11-07:00",
    "UserRole": null,
    "MarkedAsAnswerDate": null
  },
  {
    "Id": "669026",
    "ThreadId": "271838",
    "Html": "<p>I'm already in the middle of implementing this feature. In fact it will be included in v0.7.1 which will be released very soon.</p>",
    "PostedDate": "2011-09-08T03:15:58.033-07:00",
    "UserRole": null,
    "MarkedAsAnswerDate": null
  },
  {
    "Id": "671710",
    "ThreadId": "271838",
    "Html": "<p>Thanks for the fast response. I really need this feature.</p>",
    "PostedDate": "2011-09-14T06:58:35.593-07:00",
    "UserRole": null,
    "MarkedAsAnswerDate": null
  },
  {
    "Id": "671756",
    "ThreadId": "271838",
    "Html": "<p>Well, I have good news to you. v0.7.1 is already available to download: <a href=\"http://sccmcat.codeplex.com/releases\">http://sccmcat.codeplex.com/releases</a></p>\n<p>&nbsp;</p>",
    "PostedDate": "2011-09-14T08:16:23.877-07:00",
    "UserRole": null,
    "MarkedAsAnswerDate": null
  },
  {
    "Id": "671759",
    "ThreadId": "271838",
    "Html": "<p>Already ahead of you.&nbsp;Dl'ed it earlier. When I responded earlier I was saying thank for the update, but it looked like&nbsp;I was still asking for the feature.&nbsp;Also my Manager thought I'd should request&nbsp;\"Last logged-on user\" for&nbsp;a future&nbsp;update.</p>",
    "PostedDate": "2011-09-14T08:24:14.223-07:00",
    "UserRole": null,
    "MarkedAsAnswerDate": null
  },
  {
    "Id": "672424",
    "ThreadId": "271838",
    "Html": "<p>Thanks, I added your feature request to issue tracker for next version.</p>",
    "PostedDate": "2011-09-15T13:40:13.227-07:00",
    "UserRole": null,
    "MarkedAsAnswerDate": null
  }
]