[
  {
    "Id": "682213",
    "ThreadId": "275354",
    "Html": "\r\n<p>Hi pr3m</p>\r\n<p>Can you add another(s) source to &quot;Install Client&quot; Option like example <a href=\"file://\\\\server1\\client\">\r\n\\\\server1\\client</a> and <a href=\"file://\\\\server2\\client\">\\\\server2\\client</a> and\r\n<a href=\"file://\\\\server12&#65279;\\client\">\\\\server12\\client</a> ?</p>\r\n<p>In eviroment with &gt; 500 clients this option may the acelerate the install process.</p>\r\n<p>Thanks!</p>\r\n<p>&nbsp;</p>\r\n",
    "PostedDate": "2011-10-10T11:50:11.853-07:00",
    "UserRole": null,
    "MarkedAsAnswerDate": null
  },
  {
    "Id": "682261",
    "ThreadId": "275354",
    "Html": "<p>Hi,</p>\r\n<p>Thanks for the idea!</p>\r\n<p>How would this work?&nbsp;Do you want to specify multiple paths and then clients will try each path till they find the one that is reachable?</p>\r\n<p>Currently SCCM CAT just starts remote process on each remote computer (eg \\\\server1\\client\\setup.exe &lt;PARAMETERS&gt;). So if there are multiple paths then it will be difficult to specify which path is correct for which client.</p>\r\n<p>May be you can explain a little bit how you would like this to work?</p>",
    "PostedDate": "2011-10-10T13:14:02.913-07:00",
    "UserRole": null,
    "MarkedAsAnswerDate": null
  },
  {
    "Id": "682295",
    "ThreadId": "275354",
    "Html": "<p>My idea is use the parameter source multiple times like this : Ccmsetup.exe /source:\"\\\\SERVER1\\Client\" /source:\"\\\\SERVER2\\Client\" /source:\"\\\\SERVER12\\Client\" for the client get the best source for download. I always use this command in a .bat file and I don&acute;t have problems.</p>\n<p>I dont know hta very well but maybe you can use the option like multiple users authentication to make this feature.</p>\n<p>Do you understand what I have in my mind?</p>\n<p>Thanks</p>\n<p>&nbsp;</p>",
    "PostedDate": "2011-10-10T13:56:51.31-07:00",
    "UserRole": null,
    "MarkedAsAnswerDate": null
  },
  {
    "Id": "682677",
    "ThreadId": "275354",
    "Html": "<p>Ok, now I get the idea. Using /source parameter multiple times enables clients to select the best source.</p>\r\n<p>That's a great idea, and it will be added to the issue tracker as a feature request in next version.</p>\r\n<p>Thank you for the contribution!</p>",
    "PostedDate": "2011-10-11T10:05:28.803-07:00",
    "UserRole": null,
    "MarkedAsAnswerDate": null
  }
]