[
  {
    "Id": "682977",
    "ThreadId": "275550",
    "Html": "\r\n<p>Hi,</p>\r\n<p>Wake on lan will be a very usefull addition.</p>\r\n<p>regards,</p>\r\n<p>Corn&eacute;</p>\r\n",
    "PostedDate": "2011-10-12T00:22:16.467-07:00",
    "UserRole": null,
    "MarkedAsAnswerDate": null
  },
  {
    "Id": "682979",
    "ThreadId": "275550",
    "Html": "<p>I agree and I've thought about it. The main reason why I haven't included it so far is that WOL requires MAC address, but the tool currently handles computer names. Of course one option is to resolve MAC addresses based on computer name from SCCM database but it would make things more complex. The concept of the tool has always been simplicity. Adding WOL action also will require additional program in the package as this can't be done purely with scripting language - namely WOL.exe I suppose.</p>\r\n<p>Anyway, I added this request to issue tracker and will&nbsp;look into this whether it's reasonable to implement or not.</p>",
    "PostedDate": "2011-10-12T00:39:40.983-07:00",
    "UserRole": null,
    "MarkedAsAnswerDate": null
  },
  {
    "Id": "683045",
    "ThreadId": "275550",
    "Html": "<p>Ok, I have added \"Wake On LAN\" action. It's currently available in source code section as change set 10469. It will be a feature in v0.8 which will be released soon.</p>\n<p><a href=\"http://www.gammadyne.com/cmdline.htm#wol\" target=\"_blank\">WOL.EXE</a> from Gammadyne Corporation has been included with SCCM CAT. This program is used to send wake-up packets to remote clients.</p>\n<p>The SCCM CAT target list can contain any of the following:</p>\n<ul>\n<li>Computer names </li>\n<li>MAC addresses in format: XX:XX:XX:XX:XX:XX </li>\n<li>MAC addresses in format: XX-XX-XX-XX-XX-XX </li>\n</ul>\n<p>In order to use computer names, the SCCM site server must be specified. Then the tool will query MAC addresses from SCCM database.</p>\n<p>Wiki documentation will be updated soon.</p>",
    "PostedDate": "2011-10-12T04:07:44.343-07:00",
    "UserRole": null,
    "MarkedAsAnswerDate": null
  }
]