[
  {
    "Id": "691685",
    "ThreadId": "277780",
    "Html": "\r\n<p>1. Awesome tool!</p>\r\n<p>2. could you add the ability to discover from the clietn what&nbsp;advertisements&nbsp;are&nbsp;available&nbsp;on the machine&nbsp;already?</p>\r\n<p>3. Great app!!</p>\r\n<p>Thanks</p>\r\n<p>Chuck</p>\r\n",
    "PostedDate": "2011-10-31T09:03:07.32-07:00",
    "UserRole": null,
    "MarkedAsAnswerDate": null
  },
  {
    "Id": "691854",
    "ThreadId": "277780",
    "Html": "<p>Thank you! Good ideas are always welcome!</p>\r\n<p>I dismissed this functionality in the beginning but now that the tool has grown so big, I will consider adding this feature. I added a new request in Issue Tracker. Hope I'll find some time for pending issues soon.</p>\r\n<p>&nbsp;</p>\r\n<p>Christjan</p>",
    "PostedDate": "2011-10-31T15:06:15.073-07:00",
    "UserRole": null,
    "MarkedAsAnswerDate": null
  },
  {
    "Id": "691870",
    "ThreadId": "277780",
    "Html": "<p>Thanks man! &nbsp;again awesome app. &nbsp;i tried several functions at my job today, and everything worked great!!</p>",
    "PostedDate": "2011-10-31T15:54:59.107-07:00",
    "UserRole": null,
    "MarkedAsAnswerDate": null
  },
  {
    "Id": "691874",
    "ThreadId": "277780",
    "Html": "<p>and the reason i was&nbsp;looking&nbsp;for the fuuncion is the way we are pushing out this one app, lots of different packages, only one app, but each section of the company is getting thier own job/packacgeid, a little weird i admit, but i was not the one that set it up :-)</p>\r\n<p>&nbsp;</p>",
    "PostedDate": "2011-10-31T16:00:56.8-07:00",
    "UserRole": null,
    "MarkedAsAnswerDate": null
  },
  {
    "Id": "699058",
    "ThreadId": "277780",
    "Html": "<p>thanks again 0.8 is your best yet!! &nbsp;the \"get all&nbsp;advertisements\"&nbsp;work better than anticipated!!</p>",
    "PostedDate": "2011-11-16T09:08:46.47-08:00",
    "UserRole": null,
    "MarkedAsAnswerDate": null
  },
  {
    "Id": "699210",
    "ThreadId": "277780",
    "Html": "<p>I'm glad you found the new release helpful.</p>\r\n<p>Enjoy!</p>",
    "PostedDate": "2011-11-16T14:00:09.503-08:00",
    "UserRole": null,
    "MarkedAsAnswerDate": null
  }
]