[
  {
    "Id": "699537",
    "ThreadId": "279809",
    "Html": "\r\n<p>Hi!</p>\r\n<p>First of all congratulations of the rapid development progress of your project! As a suggestion how about the ability for the tool to check on start if it is the latest available version with the ability to disabled this feature as well for those that do\r\n not want a tool to be reaching out to the web. The indicator could be either a popup or just an indicator icon beside the version number. Potentially providing the ability to download and restart the tool with the newer downloaded version.</p>\r\n<p>Cheers</p>\r\n<p>Ben</p>\r\n",
    "PostedDate": "2011-11-17T05:14:25.907-08:00",
    "UserRole": null,
    "MarkedAsAnswerDate": null
  },
  {
    "Id": "699539",
    "ThreadId": "279809",
    "Html": "<p>Great idea! Just keep them coming :)</p>\r\n<p>I'll try to add this feature in next version.</p>",
    "PostedDate": "2011-11-17T05:17:44.693-08:00",
    "UserRole": null,
    "MarkedAsAnswerDate": null
  }
]