[
  {
    "Id": "699502",
    "ThreadId": "279801",
    "Html": "\r\n<p>Hi Pr3m, how are you?</p>\r\n<p>SCCM SCAT is better day by day, nice work dude!</p>\r\n<p>Well I would like to suggest a new feature, like create CCR files, can you do it?</p>\r\n<p>My suggestion is based in some error when ad discovery has to discover&nbsp;resources.</p>\r\n<p>Thanks again!</p>\r\n<p>&nbsp;</p>\r\n",
    "PostedDate": "2011-11-17T03:44:48.277-08:00",
    "UserRole": null,
    "MarkedAsAnswerDate": null
  },
  {
    "Id": "699505",
    "ThreadId": "279801",
    "Html": "<p>Thanks for the idea! This is definitely a feature that I will add to next upgrade.</p>",
    "PostedDate": "2011-11-17T03:53:27.38-08:00",
    "UserRole": null,
    "MarkedAsAnswerDate": null
  },
  {
    "Id": "699524",
    "ThreadId": "279801",
    "Html": "<p>Great notice!!!</p>\r\n<p>Thanks</p>",
    "PostedDate": "2011-11-17T04:49:03.31-08:00",
    "UserRole": null,
    "MarkedAsAnswerDate": null
  },
  {
    "Id": "699829",
    "ThreadId": "279801",
    "Html": "<p>It will be available in v1.0 which will be next version release.</p>\r\n<p>Wiki page for this feature already available. This will show how it will be:</p>\r\n<p><a href=\"http://sccmcat.codeplex.com/wikipage?title=Create and send CCR files\" target=\"_self\">http://sccmcat.codeplex.com/wikipage?title=Create and send CCR files</a></p>",
    "PostedDate": "2011-11-17T13:08:36.79-08:00",
    "UserRole": null,
    "MarkedAsAnswerDate": null
  }
]