[
  {
    "Id": "699548",
    "ThreadId": "279812",
    "Html": "\r\n<p>Here is another quick one...</p>\r\n<p>Possiblely as a client health check option overwrite/populate the FSP &amp; SLP registry values so as to assist with the client assignment and reporting process. I know personally some clients have required the SLP server name to be set before successeful\r\n client assignment would occur. Without doing this the only other option is those cases is an agent reinstall. The choosing the correct values could maybe taken from the defined agent install switches. Maybe the remote health check process would only overwrite\r\n an existing value if the coresponding agent install switches have been defined within the HTA.... just thinking aloud late at night here in Aus.</p>\r\n<p>Cheers</p>\r\n<p>Ben</p>\r\n",
    "PostedDate": "2011-11-17T05:42:00.343-08:00",
    "UserRole": null,
    "MarkedAsAnswerDate": null
  },
  {
    "Id": "699553",
    "ThreadId": "279812",
    "Html": "<p>I just recently wrote a PowerShell script that I used to [remotely] migrate ConfigMgr 2007 SP2 R3 clients from one primary site to another. As part of this process, I set the FSP and SMSSLP registry values. If interested, feel free to e-mail me @ pcgeek86@gmail.com.</p>\r\n<p>Cheers,<br /><strong>Trevor Sullivan</strong><br /><a href=\"http://trevorsullivan.net\">http://trevorsullivan.net</a>&nbsp;<br /><a href=\"http://twitter.com/pcgeek86\">http://twitter.com/pcgeek86</a>&nbsp;</p>",
    "PostedDate": "2011-11-17T05:48:06.927-08:00",
    "UserRole": null,
    "MarkedAsAnswerDate": null
  },
  {
    "Id": "699825",
    "ThreadId": "279812",
    "Html": "<p>Thanks guys! This seems like a useful feature and I'll add it to issue tracker.</p>\r\n<p>After some research it seems these are the registry values on client that should be modified remotely:</p>\r\n<p>SLP Server: HKEY_LOCAL_MACHINE\\SOFTWARE\\Microsoft\\CCM\\SMSSlp<br />FSP Server: HKEY_LOCAL_MACHINE\\SOFTWARE\\Microsoft\\CCM\\FSP\\HostName</p>\r\n<p>&nbsp;</p>",
    "PostedDate": "2011-11-17T13:02:19.213-08:00",
    "UserRole": null,
    "MarkedAsAnswerDate": null
  },
  {
    "Id": "699869",
    "ThreadId": "279812",
    "Html": "<p>Sorry I&nbsp;didn't&nbsp;state the registry keys, it was late at night and I&nbsp;couldn't&nbsp;recite them from memory... :)</p>",
    "PostedDate": "2011-11-17T14:26:49.167-08:00",
    "UserRole": null,
    "MarkedAsAnswerDate": null
  }
]