[
  {
    "Id": "699880",
    "ThreadId": "279913",
    "Html": "\r\n<p>This might be an&nbsp;unusual&nbsp;suggestion given the obvious technical focus of the tool however it would be nice to have maybe at least a grey&nbsp;coloured&nbsp;background or something other than the current white on white for both the background and\r\n fields. Separately another font would be nice as currently the user name being displayed in the top right corner is not easily readable.</p>\r\n<p>Cheers</p>\r\n<p>Ben</p>\r\n",
    "PostedDate": "2011-11-17T14:44:00.31-08:00",
    "UserRole": null,
    "MarkedAsAnswerDate": null
  }
]