[
  {
    "Id": "699874",
    "ThreadId": "279910",
    "Html": "\r\n<p>It would be a nice to have to be able to have the logging window at the bottom of the HTA dynamically resize based on the total size of the HTA. As the log can easily be opened in trace32 this is only just a very low priority idea.</p>\r\n",
    "PostedDate": "2011-11-17T14:36:02.03-08:00",
    "UserRole": null,
    "MarkedAsAnswerDate": null
  },
  {
    "Id": "714744",
    "ThreadId": "279910",
    "Html": "<p>I second this, would be nice to have a larger viewing log field.</p>",
    "PostedDate": "2011-12-20T03:56:23.507-08:00",
    "UserRole": null,
    "MarkedAsAnswerDate": null
  }
]