[
  {
    "Id": "699872",
    "ThreadId": "279908",
    "Html": "\r\n<p>In addition to your current forced reboot option how about another option that firsts checks to see if there is a logged on user and if so it performs no action otherwise a force reboot command is sent. As a less important but nice to have extra feature\r\n would be&nbsp;to ensure the PC is not being used to run an active task also perform a check for idle time, it would be awesome if this was a configurable value. We have a&nbsp;scenario&nbsp;where we are currently by other scripts forcing reboots of workstations&nbsp;en-mass&nbsp;that&nbsp;don't&nbsp;have\r\n a logged on user to improve our patch compliance stats. Being able to incorporate this into a single interface would be fantastic.</p>\r\n",
    "PostedDate": "2011-11-17T14:32:44.363-08:00",
    "UserRole": null,
    "MarkedAsAnswerDate": null
  },
  {
    "Id": "700048",
    "ThreadId": "279908",
    "Html": "<p>You've been busy producing new feature requests :)</p>\r\n<p>Again, I can only say that I will definitely look into this&nbsp;as well as all other ideas you've sent.</p>\r\n<p>Thank you very much for the contribution!</p>",
    "PostedDate": "2011-11-18T01:36:52.643-08:00",
    "UserRole": null,
    "MarkedAsAnswerDate": null
  }
]