[
  {
    "Id": "699968",
    "ThreadId": "279935",
    "Html": "\r\n<p>Hi,</p>\r\n<p>As a feature suggestion can there be an option to perform all the health checks and fixes as well as deploy the agent if missing? Currently when looking to remediate a large number of machines that have been identified as either missing the agent and\\or\r\n have broken WMI it would be nice to have this option.</p>\r\n<p>Many Thanks</p>\r\n<p>Ben</p>\r\n",
    "PostedDate": "2011-11-17T19:46:41.18-08:00",
    "UserRole": null,
    "MarkedAsAnswerDate": null
  }
]