[
  {
    "Id": "715433",
    "ThreadId": "283739",
    "Html": "\r\n<p>First your SCCM CAT is a superb machine. Is it possible to enable the ability to read smart card authentication in alternate credential module?</p>\r\n",
    "PostedDate": "2011-12-21T06:11:23.993-08:00",
    "UserRole": null,
    "MarkedAsAnswerDate": null
  },
  {
    "Id": "716308",
    "ThreadId": "283739",
    "Html": "<p>As SCCM CAT is written in scripting language (VBScript) I can't see any easy way of implementing smartcard authentication. This could be something to add in .NET version of SCCM CAT when I get to that one day :)</p>\r\n<p>&nbsp;</p>",
    "PostedDate": "2011-12-22T13:45:04.613-08:00",
    "UserRole": null,
    "MarkedAsAnswerDate": null
  }
]