[
  {
    "Id": "718256",
    "ThreadId": "284461",
    "Html": "\r\n<p>Would&nbsp;be nice to see an uptime check button or a default uptime check feature when running the health check feature. you could have a variable in the config.ini for amount of days.</p>\r\n<p>&nbsp;</p>\r\n<p>Keep up the good work!</p>\r\n<p>&nbsp;</p>\r\n<p>Happy New year!</p>\r\n",
    "PostedDate": "2011-12-29T05:06:26.66-08:00",
    "UserRole": null,
    "MarkedAsAnswerDate": null
  },
  {
    "Id": "718597",
    "ThreadId": "284461",
    "Html": "<p>Thanks, I think I won't be including it in health check, but it will be possible to just query the uptime of target computers.</p>",
    "PostedDate": "2011-12-30T01:30:57.087-08:00",
    "UserRole": null,
    "MarkedAsAnswerDate": null
  }
]