[
  {
    "Id": "722958",
    "ThreadId": "285577",
    "Html": "\r\n<p>Would it be possible to add a check for the management points, including Proxy MPs that clients are assigned too?</p>\r\n",
    "PostedDate": "2012-01-10T01:46:50.547-08:00",
    "UserRole": null,
    "MarkedAsAnswerDate": null
  },
  {
    "Id": "723039",
    "ThreadId": "285577",
    "Html": "<p>Hi,</p>\r\n<p>Do you mean to check if client is assigned to or to get the site code of current local MP?</p>\r\n<p>\"Check assigned site\" action will check if client is assigned to MP and will also log the MP site code. However, if you'd like to see what is the local MP for a client then I think I could create additional action for that.</p>",
    "PostedDate": "2012-01-10T04:42:22.193-08:00",
    "UserRole": null,
    "MarkedAsAnswerDate": null
  },
  {
    "Id": "725756",
    "ThreadId": "285577",
    "Html": "<p>Yeah the local MP would be best, All our clients have the main MP set but would be nice to make sure they also have also got an assigned local MP.</p>\n<p>&nbsp;</p>\n<p>BTW keep up the good work, this Client is really awesome!</p>",
    "PostedDate": "2012-01-16T06:50:14.977-08:00",
    "UserRole": null,
    "MarkedAsAnswerDate": null
  },
  {
    "Id": "726724",
    "ThreadId": "285577",
    "Html": "<p>I suppose you already noticed that v1.0 has a new action \"Get management point\" - this will determine local MP on client. It will show information about both assigned site and closest proxy MP.</p>",
    "PostedDate": "2012-01-17T14:00:53.483-08:00",
    "UserRole": null,
    "MarkedAsAnswerDate": null
  },
  {
    "Id": "726731",
    "ThreadId": "285577",
    "Html": "I haven't noticed yet as I only downloaded the newer version on Monday Ans didn't get looking at it. I'm back to work tomorrow so I'll check it out then.\r\n<div><br>\r\n<div>Thanks again!\r\n<div><br>\r\n<br>\r\n<span style=\"font-size:87%\">Sent from Samsung Galaxy S2</span></div>\r\n</div>\r\n</div>\r\n",
    "PostedDate": "2012-01-17T14:14:23.48-08:00",
    "UserRole": null,
    "MarkedAsAnswerDate": null
  },
  {
    "Id": "801918",
    "ThreadId": "285577",
    "Html": "<p>Could you tell me where the Managment info is obtained from? &nbsp;I have a client that shows the Proxy MP to be an SMS server yet when I check the same client in SCCM Client Center it points to the SCCM Proxy MP.</p>\r\n<p>Just curious as to why two client software tools report different results.</p>",
    "PostedDate": "2012-02-27T03:42:51.3-08:00",
    "UserRole": null,
    "MarkedAsAnswerDate": null
  },
  {
    "Id": "801927",
    "ThreadId": "285577",
    "Html": "<p>SCCM CAT determines management point information&nbsp;from WMI \"root\\ccm\" namespace.</p>\r\n<p>Management point is queried from \"CurrentManagementPoint\" property of \"<a href=\"http://msdn.microsoft.com/en-us/library/cc145440.aspx\" target=\"_blank\">SMS_Authority</a>\" class.<br />Proxy management point is queried from \"Name\" property of \"<a href=\"http://msdn.microsoft.com/en-us/library/cc143010.aspx\" target=\"_blank\">SMS_LocalMP</a>\" class.</p>\r\n<p>&nbsp;</p>",
    "PostedDate": "2012-02-27T04:04:08.523-08:00",
    "UserRole": null,
    "MarkedAsAnswerDate": null
  }
]