[
  {
    "Id": "724372",
    "ThreadId": "285957",
    "Html": "\r\n<p>Hi pr3m, how are you?</p>\r\n<p>I would like to know if is this possible to add the option PATCH=&quot;&quot; on SCCM install client feature?</p>\r\n<p>I use this command line to install and update my client</p>\r\n<p>Ccmsetup.exe /service /Source:&quot;<a href=\"file://\\\\SERVER\\CLIENT\">\\\\SERVER\\CLIENT</a>&quot; PATCH=\\\\Server\\CLIENT\\i386\\hotfix\\KB977384\\update1.msp;\\\\Server\\client\\i386\\hotfix\\KB2586709\\update2.msp</p>\r\n<p>Best Regards.</p>\r\n<p>Luis</p>\r\n",
    "PostedDate": "2012-01-12T10:17:04.12-08:00",
    "UserRole": null,
    "MarkedAsAnswerDate": null
  },
  {
    "Id": "724500",
    "ThreadId": "285957",
    "Html": "<p>Yeah, I was actually considering adding PATCH property support to client install GUI, but then I thought that in order to enable specifying possibly multiple patch paths, it would require extra space in already bumped up area. So, I thought that anything that can't be configured in GUI can always be set in \"ccmsetupParameters\" value in config.ini. I admit that it would be great to control all setup parameters in user friendly GUI.</p>\r\n<p>I will add this request as a low priority so that if I happen to work on GUI, I might as well figure out some way to support PATCH property.</p>\r\n<p>Thank you for the feedback!</p>",
    "PostedDate": "2012-01-12T14:33:37.647-08:00",
    "UserRole": null,
    "MarkedAsAnswerDate": null
  },
  {
    "Id": "725754",
    "ThreadId": "285957",
    "Html": "<p>Would&nbsp;definitely&nbsp;be a nice feature.</p>",
    "PostedDate": "2012-01-16T06:48:14.423-08:00",
    "UserRole": null,
    "MarkedAsAnswerDate": null
  },
  {
    "Id": "945433",
    "ThreadId": "285957",
    "Html": "\r\n<p>Hello all,</p>\r\n<p>Thanks for CAT! This save a lot of time for us.</p>\r\n<p>Today, I was trying to list about 14 KBs (SCCMClientHotfixes) as part of CCMSetupParameters with PATCH= MSI Public Properties.</p>\r\n<p>Due to possible limitation of the commandline length (e.g. 1024 on Client Push Settings), I managed to make it short by using PATCH=<a href=\"file://\\\\ServerName\\1$\\KBxxxxxx.msp;\\\\ServerName\\1$\\KBxxxxxx.msp;\\\\ServerName\\1$\\KBxxxxxx.msp\">\\\\ServerName\\1$\\KBxxxxxx.msp;</a><a href=\"file://servername/1$/KBxxxxxx.msp\">\\\\ServerName\\1$\\KBxxxxxx.msp</a>;<a href=\"file://servername/1$/KBxxxxxx.msp\">\\\\ServerName\\1$\\KBxxxxxx.msp</a>;\r\n and so forth.</p>\r\n<p>It works great when I have only 3 MSP listed. However, when I added 14 KBs all listed (477 letters in total) as follows, it doesn't trigger the install:</p>\r\n<p>/service SMSSITECODE=AUTO FSP=SERVERNAME SMSCACHESIZE=8000 RESETKEYINFORMATION=TRUE PATCH=\\\\SERVERNAME\\1$\\kb978754.msp;\\\\SERVERNAME\\1$\\kb979199.msp;\\\\SERVERNAME\\2$\\kb2276865.msp;\\\\SERVERNAME\\2$\\kb2278119.msp;\\\\SERVERNAME\\2$\\kb2309968.msp;\\\\SERVERNAME\\2$\\kb2509007.msp;\\\\SERVERNAME\\2$\\kb2516517.msp;\\\\SERVERNAME\\2$\\kb2516850.msp;\\\\SERVERNAME\\2$\\kb2586709.msp;\\\\SERVERNAME\\2$\\kb2659258.msp;\\\\SERVERNAME\\2$\\kb2672863.msp;\\\\SERVERNAME\\2$\\kb2678547.msp;\\\\SERVERNAME\\2$\\kb2724939.msp</p>\r\n<p>The log says&nbsp;&nbsp;</p>\r\n<p>--------------------------------------<br>\r\nRunning action &quot;Install SCCM client&quot; on computers...<br>\r\n** Successfully scheduled SCCM client install on [ComputerName]!<br>\r\n--------------------------------------</p>\r\n<p>When I opened ClientActionsTool.hta and uncomment the line 658 for MsgBox, it showed everything as specified above for ccmsetupCustomParameters.</p>\r\n<p>I am not sure what the root cause is but I think it is something to do with maximum length on objWMIProcess.Create function (line 2801)</p>\r\n<p>Can you take a look and find out what need to be done to list them all (under 1024 letters), please?</p>\r\n<p>Thanks in advance.</p>\r\n<p>&nbsp;</p>\r\n",
    "PostedDate": "2012-11-21T18:25:40.463-08:00",
    "UserRole": null,
    "MarkedAsAnswerDate": null
  },
  {
    "Id": "945436",
    "ThreadId": "285957",
    "Html": "\r\n<p>Here is the answer...</p>\r\n<p>It turned out that AT command can handle up to 259 letters in total.</p>\r\n<p>When I run at hh:mm /interective echo 111111111111111111111111111111111111111111111111 (... up to 500) &gt; test.txt, it returned:</p>\r\n<p>The command line cannot exceed 259 characters.<br>\r\nInvalid command.</p>\r\n<p>So, unless we use some other method other than AT, we are limited to 259 letters for both ccmsetupPath and ccmsetupCustomParameters...</p>\r\n<p>Can someone address this limitation?</p>\r\n<p>Thanks,</p>\r\n<p>Young-</p>\r\n",
    "PostedDate": "2012-11-21T18:58:17.337-08:00",
    "UserRole": null,
    "MarkedAsAnswerDate": null
  },
  {
    "Id": "945763",
    "ThreadId": "285957",
    "Html": "\r\n<p>Thank you for providing the information about AT command. I never tested it with longer command lines.</p>\r\n<p>Anyway, I believe this is something that CAT must live with unless someone comes up with a customization. I've decided to stop the development of CAT but continue supporting the project.</p>\r\n",
    "PostedDate": "2012-11-22T09:58:28.523-08:00",
    "UserRole": null,
    "MarkedAsAnswerDate": null
  },
  {
    "Id": "945806",
    "ThreadId": "285957",
    "Html": "\r\n<p>Hi Pr3m,</p>\r\n<p>Thanks for the reply.</p>\r\n<p>I stayed late to find out the best way to deal with and I was thinking about the following customization:</p>\r\n<ol>\r\n<li>Prep\r\n<ol>\r\n<li>Making a network share (e.g. <a href=\"file://servername/CCMSETUP/\">\\\\ServerName\\CCMSETUP\\</a> )\r\n</li><li>Put all Client files including all hotfixes under <a href=\"file://\\\\ServerName\\CCMSETUP\\0\">\r\n\\\\ServerName\\CCMSETUP\\0</a> </li><li>Rename all hotfixes to KBxxxxxx.MSP </li></ol>\r\n</li><li>Create a batch file 1 (or VBscript) for the following and place it on <a href=\"file://\\\\ServerName\\CCMSETUP\\\">\r\n\\\\ServerName\\CCMSETUP\\</a>&nbsp;(e.g. _CATInstallClient_Locally.bat)\r\n<ol>\r\n<li>Check strCurrentPath </li><li>Formulate ccmsetup.exe based on the current path </li><li>Runs the full ccmsetup.exe command with up to 1024 letters based on the current folder location (e.g. PATCH=%strCurrentPath%\\0\\KBxxxxxx.MSP;%strCurrentPath%\\0\\KBxxxxxx.MSP;.... )\r\n</li></ol>\r\n</li><li>Create a batch file 2 and place it on CAT folder to run via CAT (e.g. _CATTriggerInstallClient.bat)\r\n<ol>\r\n<li>Copy everything from <a href=\"file://\\\\ServerName\\CCMSETUP\\\">\\\\ServerName\\CCMSETUP\\</a> to C:\\_ESD\\1 (Lack of better choice. Unique, short and hidden from the root.)\r\n</li><li>Set AT command to trigger the batch file 1 </li></ol>\r\n</li><li>Update CAT.HTA (line 280x) to\r\n<ol>\r\n<li>Call batch file 2 to copy and trigger batch file 1 remotely. </li><li>Update HTML portion to display &quot;Instruction&quot; how to customize these 2 batch files for your environment, etc.\r\n</li></ol>\r\n</li></ol>\r\n<p>However, I ran out of my &quot;budgeted&quot; time and could not make it work (mostly network access, permission handling and elevation, etc. issue)</p>\r\n<p>If you give me some hint/guidance especially for the step 4 how you would approach this, I can figure something out.</p>\r\n<p>BTW, do you think this CAT would work with SCCM 2012?</p>\r\n<p>As it is using WMI everywhere, I don't see why not other than log format need to be updated for CMTrace.exe instead of Trace32.exe...</p>\r\n<p>Thanks,</p>\r\n<p>&nbsp;</p>\r\n<p>&nbsp;</p>\r\n<p>&nbsp;</p>\r\n",
    "PostedDate": "2012-11-22T11:32:13.45-08:00",
    "UserRole": null,
    "MarkedAsAnswerDate": null
  }
]