[
  {
    "Id": "725561",
    "ThreadId": "286239",
    "Html": "\r\n<p>Hi Christian,</p>\r\n<p>&nbsp;</p>\r\n<p>I am a big fan of the CLA tool but I have noticed a slight issue with the client health check&nbsp;which indicated a 2008 server was unhealthy for the client because wuauserv was set to manual start. That would have been valid for 2003 OS or XP clients but\r\n for Windows 7 &amp; 2008 it appears that manual can be a valid setting also as it starts on demand. I have servers that have the setting as manual that clearly are applying updates when they reach their maintenance&nbsp; windows via SCCM client policy&nbsp;trigger.</p>\r\n<p>Not a huge deal but it may get confusing for people.</p>\r\n<p>&nbsp;</p>\r\n<p>Cheers,</p>\r\n<p>Iain</p>\r\n",
    "PostedDate": "2012-01-15T19:31:05.203-08:00",
    "UserRole": null,
    "MarkedAsAnswerDate": null
  },
  {
    "Id": "726728",
    "ThreadId": "286239",
    "Html": "<p>Hi,</p>\r\n<p>Good point. I'll try to have a look at this and perhaps do some corrections in next release.</p>\r\n<p>Btw, I support running the tool on server, but I don't support running the remote actions against servers. I simply have not tested the actions on remote servers and I have never had the intention to start supporting servers as clients.</p>",
    "PostedDate": "2012-01-17T14:04:13.667-08:00",
    "UserRole": null,
    "MarkedAsAnswerDate": null
  }
]