[
  {
    "Id": "788770",
    "ThreadId": "335539",
    "Html": "\r\n<p>Hi, I have used this tool to change the cache size on a client computer.&nbsp; the log at the bottom says it is scheduled to perform action.&nbsp; how long does it wait on this schedule, before the changes take effect on the client PC?</p>\r\n<p><br>\r\nThanks<br>\r\n<br>\r\nDenners</p>\r\n",
    "PostedDate": "2012-02-21T02:17:07.657-08:00",
    "UserRole": null,
    "MarkedAsAnswerDate": null
  },
  {
    "Id": "789665",
    "ThreadId": "335539",
    "Html": "<p>Hi,</p>\r\n<p>The tool will schedule a script to run within 1 minute.</p>\r\n<p>When you run this action, the script changecache.bat along with changecache.vbs will be created on administrator computer automatically and these files will then be copied to %windir%\\temp folder on each remote computer. Task scheduler will execute the script +1 minute from AT command.</p>\r\n<p>&nbsp;</p>\r\n<p>Christjan</p>",
    "PostedDate": "2012-02-21T05:54:07.617-08:00",
    "UserRole": null,
    "MarkedAsAnswerDate": null
  },
  {
    "Id": "794473",
    "ThreadId": "335539",
    "Html": "<p>Great, thank you Christjan.</p>\r\n<p><br />Denners</p>",
    "PostedDate": "2012-02-22T02:11:19.24-08:00",
    "UserRole": null,
    "MarkedAsAnswerDate": null
  }
]