[
  {
    "Id": "798754",
    "ThreadId": "344196",
    "Html": "<p>what is the Day to Day&nbsp;activity in SCCM interview point??</p>\n<p>Pls update a&nbsp;Impressive&nbsp;answers&nbsp;&nbsp;&nbsp;</p>\n<p>&nbsp;</p>\n<p>Thanks in Advance&nbsp;</p>\n<p>Prithivi</p>",
    "PostedDate": "2012-02-23T19:50:42.99-08:00",
    "UserRole": null,
    "MarkedAsAnswerDate": null
  },
  {
    "Id": "799666",
    "ThreadId": "344196",
    "Html": "<p>I don't quite follow your question?</p>\r\n<p>This discussion is for SCCM Client Actions Tool.</p>",
    "PostedDate": "2012-02-24T16:20:28.463-08:00",
    "UserRole": null,
    "MarkedAsAnswerDate": null
  }
]