[
  {
    "Id": "799668",
    "ThreadId": "344778",
    "Html": "\r\n<p>Hi all</p>\r\n<p>SCCM CAT has proven to be quite popular and this is mostly because of the growing community. It would have never had so many features and improvements without you.</p>\r\n<p>Now I'm about to release version 1.1 and this will probably be the last of SCCM CAT as you know it. Therefore, please post your bugs and feature requests before I close it and publish the final version.</p>\r\n<p>As for the future, then I want to start next generation of SCCM CAT, that will have same features as this one, but it will run on .NET rather than on old scripting platform,&nbsp;and it will probably be designed for all kinds of administrators, not just\r\n SCCM admins. So far it's just a plan and I really hope I can make it happen.</p>\r\n",
    "PostedDate": "2012-02-24T16:26:53.993-08:00",
    "UserRole": null,
    "MarkedAsAnswerDate": null
  }
]