[
  {
    "Id": "801813",
    "ThreadId": "346315",
    "Html": "\r\n<p>For my use case it would be very handy if the output from SCCM-CAT was in a more easily parsed (for scripting) format like CSV.<br>\r\n<br>\r\nHaving the format be more similar to this would be FANTASTIC.<br>\r\n<br>\r\n&#65279;&#65279;&#65279;&#65279;&#65279;&#65279;&#65279;&#65279;&#65279;&#65279;&#65279;&#65279;&#65279;&#65279;&#65279;&#65279;Examples;</p>\r\n<p>Host,Result,Time,Date<br>\r\nWorkstationX,WMI: Healthy,&#65279;&#65279;&#65279;&#65279;&#65279;&#65279;&#65279;&#65279;&#65279;&#65279;&#65279;&#65279;10:11:12,2012-27-02<br>\r\nWorkstationX,Admin$: Healthy,&#65279;&#65279;&#65279;&#65279;&#65279;&#65279;&#65279;&#65279;&#65279;&#65279;&#65279;&#65279;10:11:12,2012-27-02<br>\r\n<br>\r\n&#65279;&#65279;Host,Result,Time,Date<br>\r\nWorkstationX,WSUS: http://wsus01,&#65279;&#65279;&#65279;&#65279;&#65279;&#65279;&#65279;&#65279;&#65279;&#65279;&#65279;&#65279;10:11:12,2012-27-02<br>\r\n<br>\r\n&#65279;&#65279;Host,Result,Time,Date<br>\r\nWorkstationX,Uptime: 5 day(s) 4 hour(s) 14 minute(s),&#65279;&#65279;&#65279;&#65279;&#65279;&#65279;&#65279;&#65279;&#65279;&#65279;&#65279;&#65279;10:11:12,2012-27-02</p>\r\n",
    "PostedDate": "2012-02-27T02:24:08.793-08:00",
    "UserRole": null,
    "MarkedAsAnswerDate": null
  },
  {
    "Id": "801822",
    "ThreadId": "346315",
    "Html": "<p>Thank you, Nathan</p>\r\n<p>Yes, the default logging format is based on Trace32 standard and it's hard to read it in any text editor. However, you can turn this formatting&nbsp;off and use basic text logging instead. To turn off Trace32 logging, edit config.ini file and set \"enableTrace32Formatting\" to \"no\".</p>\r\n<p>I think I'm not going to create more logging formats as these two seem to be enough.</p>\r\n<p>Here's also an article about logging in SCCM CAT: <a href=\"http://sccmcat.codeplex.com/wikipage?title=Logging\">http://sccmcat.codeplex.com/wikipage?title=Logging</a></p>\r\n<p>&nbsp;</p>",
    "PostedDate": "2012-02-27T02:29:29.53-08:00",
    "UserRole": null,
    "MarkedAsAnswerDate": null
  }
]