[
  {
    "Id": "822993",
    "ThreadId": "352081",
    "Html": "\r\n<p>Has anyone ever had a situation where you are pushing patches to a collection of servers and then find themselves needing to prevent/stop a sub set of servers from getting the deployment after you have set up the advertisements? &nbsp;Will stopping the SMS\r\n Agent Host be enough?</p>\r\n",
    "PostedDate": "2012-04-12T09:46:59.087-07:00",
    "UserRole": null,
    "MarkedAsAnswerDate": null
  },
  {
    "Id": "823684",
    "ThreadId": "352081",
    "Html": "<p>Hi,</p>\r\n<p>Well, this is more of a question that you should ask on Technet forums, but I think that stopping SMS Agent Host can only prevent servers from downloading policy and source files. If policy is already there then you need to stop and disable Windows Update service, then remove servers from SCCM deployment target collection, refresh SCCM policies and after that you should be safe.</p>\r\n<p>&nbsp;</p>",
    "PostedDate": "2012-04-13T15:56:00.58-07:00",
    "UserRole": null,
    "MarkedAsAnswerDate": null
  }
]