[
  {
    "Id": "831212",
    "ThreadId": "354265",
    "Html": "\r\n<p>Is there a way to limit this tool to only&nbsp;Client Health Actions &gt; Full Health Check for use with the &quot;help desk&quot; so they can quickly determine if a client is working or not.</p>\r\n",
    "PostedDate": "2012-05-02T10:03:01.29-07:00",
    "UserRole": null,
    "MarkedAsAnswerDate": null
  },
  {
    "Id": "831330",
    "ThreadId": "354265",
    "Html": "<p>No, this tool is just a simple script which is open source and it doesn't make sense to implement \"locked out\" features when actually the script code can easily be changed by anyone.</p>\n<p>You are free to modify the HTA and remove the unwanted HTML parts in \"actionsContainer\" DIV element. Then you can provide that cut down HTA version to help desk.</p>\n<p>I'm only supporting SCCM CAT as it is.</p>",
    "PostedDate": "2012-05-02T14:07:05.763-07:00",
    "UserRole": null,
    "MarkedAsAnswerDate": null
  }
]