[
  {
    "Id": "835137",
    "ThreadId": "355464",
    "Html": "<p>Hi there,</p>\n<p>would it be possibly when you run a health check on a list of computers, if any fail the computer name is put into a logfile so you can then use theses at a future time to diagnose the issue. &nbsp;I know if the version number is not correct it will import the  out dated ones, but i would like to see ALL failed computers ie WMI errors and no clients etc in one list.</p>\n<p>Thanks for any help on this.</p>",
    "PostedDate": "2012-05-11T07:19:38.317-07:00",
    "UserRole": null,
    "MarkedAsAnswerDate": null
  },
  {
    "Id": "841103",
    "ThreadId": "355464",
    "Html": "<p>Currently there is no such feature. There are no plans to add more features to this tool at this time.</p>",
    "PostedDate": "2012-05-25T15:46:12.657-07:00",
    "UserRole": null,
    "MarkedAsAnswerDate": null
  }
]