[
  {
    "Id": "839851",
    "ThreadId": "356830",
    "Html": "\r\n<p>Location of ccmsetup folder on most computers in my enviroment(those that have access to) is in windows\\ccmsetup\\ccmsetup.exe<br>\r\n<br>\r\nWhen i run unintstall agent i get error that the path to sccm folder is wrong.<br>\r\nBy default it search ccmsetup.exe in windows\\system32\\ccmsetup\\ccmsetup.exe<br>\r\nMaybe i'm doing something wrong...any help is appreciated.<br>\r\n<br>\r\nIs there any way to modify this. If not, what is the best way to uninstall agent on remote computer.\r\n<br>\r\n<br>\r\nI have sccm 2012 and client version is 5.0....</p>\r\n",
    "PostedDate": "2012-05-23T04:52:59.763-07:00",
    "UserRole": null,
    "MarkedAsAnswerDate": null
  },
  {
    "Id": "841104",
    "ThreadId": "356830",
    "Html": "<p>First of all, SCCM CAT does not support SCCM 2012! It's only supported on 2007 version. Currently there are no plans to extend support to 2012.<br /><br />By default SCCM CAT assumes that ccmsetup.exe is located in following paths depending on OS architecture:<br />64bit: \"%windir%\\ccmsetup\\\"<br />32bit: \"%windir%\\system32\\ccmsetup\\\"</p>",
    "PostedDate": "2012-05-25T15:46:46.833-07:00",
    "UserRole": null,
    "MarkedAsAnswerDate": null
  }
]