[
  {
    "Id": "852313",
    "ThreadId": "360531",
    "Html": "\r\n<p>When I run the client update Fix, and it says &quot;Successfully Scheduled SCCM Client Install&quot;</p>\r\n<p>&nbsp;</p>\r\n<p>What is the timing on this? is it supposed to kick off immediately, in the evening? on reboot?</p>\r\n<p>&nbsp;</p>\r\n<p>I couldn't find any documentation on this. Thanks!</p>\r\n",
    "PostedDate": "2012-06-21T12:53:52.14-07:00",
    "UserRole": null,
    "MarkedAsAnswerDate": null
  },
  {
    "Id": "852777",
    "ThreadId": "360531",
    "Html": "<p>Many actions are actually executed by Task Scheduler on remote computers. Action is scheduled to start in 1 minute.</p>\r\n<p>This has been mentioned here as well: <a href=\"http://sccmcat.codeplex.com/wikipage?title=Install SCCM Client\">http://sccmcat.codeplex.com/wikipage?title=Install SCCM Client</a></p>\r\n<div id=\"_mcePaste\" class=\"mcePaste\" style=\"position: absolute; width: 1px; height: 1px; overflow: hidden; top: 0px; left: -10000px;\">﻿</div>",
    "PostedDate": "2012-06-22T14:42:40.917-07:00",
    "UserRole": null,
    "MarkedAsAnswerDate": null
  }
]