[
  {
    "Id": "914351",
    "ThreadId": "396004",
    "Html": "\r\n<p>I use the tool for a few things and it works great especially as we have 2100 Secondaries. I have added a function to count files in the inboxes\\despooler.box\\receive folder as we see our Secondaires occassionally not processing these and it is difficult\r\n to view centrally and the SCOM guys havent added an Alert yet.</p>\r\n<p>So under 'Other Actions' I added 'Despooler File Count' in the HTML. The function looks like this :</p>\r\n<p>&nbsp;&nbsp;' ~~~~~~~~~~~~~~<br>\r\n&nbsp;' Get Despooler Count&nbsp;<br>\r\n&nbsp;Function actionDespoolerCount(remoteComputer)<br>\r\n&nbsp;<br>\r\n&nbsp;&nbsp;Set colFiles = objWMIService.ExecQuery(&quot;Select * from CIM_DataFile where Path = '\\\\SCCM\\\\inboxes\\\\despoolr.box\\\\receive\\\\' AND Drive = 'D:'&quot;)<br>\r\n&nbsp;&nbsp;If err.number &lt;&gt; 0 Then<br>\r\n&nbsp;&nbsp;&nbsp;statWMIerror = statWMIerror &#43; 1<br>\r\n&nbsp;&nbsp;&nbsp;Log &quot; !! Failed to query CIM_DataFile WMI class! Error &quot;&amp;err.number&amp;&quot; (&quot;&amp;err.description&amp;&quot;)&quot;, True, &quot;getDespoolerCount&quot;, 3<br>\r\n&nbsp;&nbsp;&nbsp;Exit Function<br>\r\n&nbsp;&nbsp;End If<br>\r\n&nbsp;&nbsp;<br>\r\n&nbsp;&nbsp;fileCount = colFiles.count<br>\r\n&nbsp;&nbsp;Log &quot; ** Despooler File Count : &quot; &amp; fileCount, True, &quot;getDespoolerCount&quot;, 1<br>\r\n&nbsp;&nbsp;<br>\r\n&nbsp;&nbsp;actionDespoolerCount = fileCount<br>\r\n&nbsp;&nbsp;<br>\r\n&nbsp;End Function</p>\r\n<p>&nbsp;</p>\r\n",
    "PostedDate": "2012-09-18T15:34:50.853-07:00",
    "UserRole": null,
    "MarkedAsAnswerDate": null
  },
  {
    "Id": "916384",
    "ThreadId": "396004",
    "Html": "<p>Thank you, Darren</p>\r\n<p>This is great contribution! I'm not going to make a new release just yet. If there will be more additions, I can gather them together. Until then, I believe anyone interested in such functionality can either implement it themselves using your code, or post a +1 request in this thread to boost the release. I'll add it to issue tracker as well.</p>",
    "PostedDate": "2012-09-23T14:21:33.033-07:00",
    "UserRole": null,
    "MarkedAsAnswerDate": null
  }
]