[
  {
    "Id": "942134",
    "ThreadId": "403333",
    "Html": "\r\n<p>I'm getting this error when trying to run the fixwmi.bat.&nbsp; I've create the bat file manually in the temp location on my workstation, and trying to fix a remote computer</p>\r\n<p>Failed to execute remote copy command (path &quot;C:\\DOCUME~1\\myusername\\LOCALS~1\\Temp\\fixwmi.bat&quot;) on &quot;remotecomputer&quot;! Error 4.<br>\r\n&nbsp;&nbsp; !! Failed to copy fixwmi.bat to &quot;remotecomputer&quot;!</p>\r\n<p>&nbsp;</p>\r\n<p>Any ideas why the bat file won't copy to the remote system and execute?</p>\r\n",
    "PostedDate": "2012-11-15T06:47:45.433-08:00",
    "UserRole": null,
    "MarkedAsAnswerDate": null
  },
  {
    "Id": "1034675",
    "ThreadId": "403333",
    "Html": "Same issue facing with WMI fix option and giving error while trying to copy fixwmi.bat file.\r<br />\n<br />\nAny solution please update me.\r<br />\n<br />\nThanks in advance.<br />\n",
    "PostedDate": "2013-04-23T09:45:23.647-07:00",
    "UserRole": null,
    "MarkedAsAnswerDate": null
  },
  {
    "Id": "1034836",
    "ThreadId": "403333",
    "Html": "Manoj,\r<br />\nWe just scripted the copying the fixwmi.bat to a &quot;install&quot; location on the clients, then executed the batch file through psexec.exe connection to them, which is part of the PStools download.  We used a text file with the computer names, accessed through a command file that has the following text.<br />\n\r<br />\n<br />\nfor /f %%x in (DeviceList.txt) do copy fixwmi.bat &quot;\\%%x\\c$\\Install*.*&quot; &amp; psexec.exe \\%%x &quot;c:\\Install\\fixwmi.bat&quot;\r<br />\n<br />\npause<br />\n",
    "PostedDate": "2013-04-23T16:01:08.547-07:00",
    "UserRole": null,
    "MarkedAsAnswerDate": null
  }
]