[
  {
    "Id": "952403",
    "ThreadId": "405853",
    "Html": "\r\n<p>&nbsp; <span style=\"font-family:'Segoe UI','sans-serif'; color:black; font-size:10pt\">\r\nThanks for the tool. </span></p>\r\n<p><span style=\"font-family:'Segoe UI','sans-serif'; color:black; font-size:10pt\">I was curious if there is a&nbsp;planned improvement to make the tool Multi-threaded?\r\n</span></p>\r\n",
    "PostedDate": "2012-12-06T10:22:50.623-08:00",
    "UserRole": null,
    "MarkedAsAnswerDate": null
  },
  {
    "Id": "952536",
    "ThreadId": "405853",
    "Html": "\r\n<p>Hi!</p>\r\n<p>It's definitely the main problem with that tool, but I'm sorry to say that I'm no longer working with SCCM and therefore I've stopped the development of the tool. I will continue providing support as well as I can.</p>\r\n",
    "PostedDate": "2012-12-06T14:00:50.297-08:00",
    "UserRole": null,
    "MarkedAsAnswerDate": null
  }
]