[
  {
    "Id": "1059154",
    "ThreadId": "447688",
    "Html": "Our team has found that if we remove the GroupPolicy folders before refreshing GP, our results are better.  With that in mind, I added these lines just above the actual refresh:<br />\n<pre><code>' Delete Group Policy folders\nstrCommand = &quot;cmd.exe /C echo n | rmdir /s /q c:\\windows\\system32\\GroupPolicy*&quot;\nerrReturn = objWMIProcess.Create(strElevate &amp; strCommand,null,objConfig,intProcessID)\n\nIf errReturn &lt;&gt; 0 Then\n    statFailed = statFailed + 1\n  Log &quot; !! Failed to remove Group Policy folders on &quot; &amp; UCase(remoteComputer) &amp; &quot;! Error &quot;&amp;errReturn&amp;&quot;.&quot;, True, &quot;refreshGPO&quot;, 3\n  Exit Function\nEnd If\n</code></pre>\n\n",
    "PostedDate": "2013-06-20T06:07:33.717-07:00",
    "UserRole": null,
    "MarkedAsAnswerDate": null
  }
]