[
  {
    "Id": "1059150",
    "ThreadId": "447687",
    "Html": "How difficult would it be to modify the Advertisement Actions so we could remotely start an advertised app?<br />\n",
    "PostedDate": "2013-06-20T06:03:44.087-07:00",
    "UserRole": null,
    "MarkedAsAnswerDate": null
  },
  {
    "Id": "1059153",
    "ThreadId": "447687",
    "Html": "\r\n<div>\r\n<p><span style=\"font-size:11.0pt; font-family:\">Hi,</span></p>\r\n<p><span style=\"font-size:11.0pt; font-family:\"></span></p>\r\n<p><span style=\"font-size:11.0pt; font-family:\">I believe you can already do that. When you open „Advertisement Actions“ and select „Rerun advertisement“ option, you will be prompted for advertisement ID that you want to run on remote hosts.</span></p>\r\n<p><span style=\"font-size:11.0pt; font-family:\"></span></p>\r\n<p><span style=\"font-size:11.0pt; font-family:\">Br,</span></p>\r\n<p><span style=\"font-size:11.0pt; font-family:\">Christjan</span></p>\r\n<p><a name=\"_MailEndCompose\"><span style=\"font-size:11.0pt; font-family:\"></span></a></p>\r\n<div>\r\n<div style=\"border:none; border-top:solid #E1E1E1 1.0pt; padding:3.0pt 0cm 0cm 0cm\">\r\n<p><b><span lang=\"EN-US\" style=\"font-size:11.0pt; font-family:\"></span></b></p>\r\n</div>\r\n</div>\r\n</div>\r\n",
    "PostedDate": "2013-06-20T06:07:28.38-07:00",
    "UserRole": null,
    "MarkedAsAnswerDate": null
  }
]