[
  {
    "Id": "1132665",
    "ThreadId": "472158",
    "Html": "Hi, I just used this awesome tool to try and install the client.  I ran the Install SCCM client and it created the log file.   But it kept saying this over and over.<br />\n<ul>\n<li>Processing SFRWLSLENTO01...\r<br />\n ** Successfully scheduled SCCM client install on SFRWLSLENTO01!</li>\n<li>\nProcessing SFRWLBANTONUC...\r<br />\n ** Successfully scheduled SCCM client install on SFRWLBANTONUC!<br />\n</li>\n</ul>\nand the ccmsetup.log on these machines is not being updated.  So if it does a Schedule when does it actually kick off?  Note:  When asked if this should install only when a user is logged on we picked No.\r<br />\n<br />\nAny help would be great.  <br />\n",
    "PostedDate": "2013-12-06T15:54:24-08:00",
    "UserRole": null,
    "MarkedAsAnswerDate": null
  }
]