[
  {
    "Id": "1362677",
    "ThreadId": "586111",
    "Html": "Hi there,<br />\n<br />\nI've discovered a bug in the checkClientVersion function which occurs if part of the installed version is higher than the subsequent version part.<br />\n<br />\nAssuming that we want to check for a minimum installed version, the following produces an incorrect result:<br />\n<br />\nMinimum version: 4.1.2.3<br />\nInstalled version : 4.2.1.0<br />\n<br />\nEven though 4.2 &gt; 4.1, x.x.1.0 is detected as being LESS THAN x.x.2.3 so returns false.<br />\n<br />\nPossible fix:<br />\n<pre><code>    ' ~~~~~~~~~~~~~~\n    ' Compare given SCCM agent version number to the expected &quot;latestClientVersion&quot; value defined in config.ini.\n    ' Return true if installedVersion is greater than or equal to correctClientVersion\n    Function checkClientVersion(installedVersion)\n\n      If CBool(Instr(installedVersion, &quot;.&quot;)) Then\n          arrThisClientVersion = Split(installedVersion,&quot;.&quot;)\n          arrCorrectClientVersion = Split(correctClientVersion,&quot;.&quot;)\n\n          If UBound(arrThisClientVersion) &gt; 0 Then\n                For i = 0 To UBound(arrThisClientVersion)\n                    If arrThisClientVersion(i) &gt; arrCorrectClientVersion(i) Then\n                        checkClientVersion = True\n                        Exit Function\n                    ElseIf arrThisClientVersion(i) &lt; arrCorrectClientVersion(i) Then\n                        checkClientVersion = False\n                        Exit Function\n                    End If\n                Next\n            Else\n                Exit Function\n            End If\n            \n            checkClientVersion = True\n        Else\n            checkClientVersion = False\n        End If\n      \n    End Function</code></pre>\n\n",
    "PostedDate": "2015-03-11T20:21:23.093-07:00",
    "UserRole": null,
    "MarkedAsAnswerDate": null
  }
]