[
  {
    "Id": "1444548",
    "ThreadId": "645006",
    "Html": "I downloaded SCCM Client Actions Tool v1.12 which includes 4 files.\r<br />\nCan someone please advice me how to install / Configure?\r<br />\nI currently have Sccm console installed on my desktop to be able to launched in different user (admin account).\r<br />\nI am very interested in &quot;Client actions on collection&quot; utilities on sccm console so I can remotely initiate &quot;machine policy retrieval and eval cycle&quot;.\r<br />\n<br />\nThanks<br />\n",
    "PostedDate": "2015-09-15T17:20:13.233-07:00",
    "UserRole": null,
    "MarkedAsAnswerDate": null
  }
]