[
  {
    "Id": "259190",
    "Title": "SCCM CAT",
    "LatestDate": "2011-05-26T22:44:07.53-07:00"
  },
  {
    "Id": "259551",
    "Title": "how to Use for the Commercial?",
    "LatestDate": "2011-05-31T05:22:45.927-07:00"
  },
  {
    "Id": "260861",
    "Title": "Suggestion: Ability to add multiple alternate credentials.",
    "LatestDate": "2011-06-10T00:42:10.65-07:00"
  },
  {
    "Id": "260862",
    "Title": "Suggestion: Check for %WinDir% folder name.",
    "LatestDate": "2011-06-10T00:52:41.797-07:00"
  },
  {
    "Id": "265026",
    "Title": "Running Tool with Windows Firewall",
    "LatestDate": "2011-07-13T11:32:09.1-07:00"
  },
  {
    "Id": "269476",
    "Title": "Client Install",
    "LatestDate": "2012-10-24T22:28:40.403-07:00"
  },
  {
    "Id": "270920",
    "Title": "New Features",
    "LatestDate": "2011-08-31T14:07:09.317-07:00"
  },
  {
    "Id": "271838",
    "Title": "Add code for Computer OU or DN",
    "LatestDate": "2011-09-15T13:40:13.227-07:00"
  },
  {
    "Id": "275354",
    "Title": "Install Client another source option",
    "LatestDate": "2011-10-11T10:05:28.803-07:00"
  },
  {
    "Id": "275550",
    "Title": "Suggestion other actions: WOL",
    "LatestDate": "2011-10-12T04:07:44.343-07:00"
  },
  {
    "Id": "277780",
    "Title": "Discover advertisements available",
    "LatestDate": "2011-11-16T14:00:09.503-08:00"
  },
  {
    "Id": "279801",
    "Title": "New Feature",
    "LatestDate": "2011-11-17T13:08:36.79-08:00"
  },
  {
    "Id": "279809",
    "Title": "SCAT Auto update",
    "LatestDate": "2011-11-17T05:17:44.693-08:00"
  },
  {
    "Id": "279812",
    "Title": "Setting the FSP & SLP registry values.",
    "LatestDate": "2011-11-17T14:26:49.167-08:00"
  },
  {
    "Id": "279908",
    "Title": "Force reboot when no logged on user and idle time greater then X",
    "LatestDate": "2011-11-18T01:36:52.643-08:00"
  },
  {
    "Id": "279910",
    "Title": "Resizeable logging window.",
    "LatestDate": "2011-12-20T03:56:23.507-08:00"
  },
  {
    "Id": "279913",
    "Title": "HTA font and styling",
    "LatestDate": "2011-11-17T14:44:00.31-08:00"
  },
  {
    "Id": "279935",
    "Title": "Perform client health checks and auto install agent if missing.",
    "LatestDate": "2011-11-17T19:46:41.18-08:00"
  },
  {
    "Id": "283739",
    "Title": "Smart Card enhancement",
    "LatestDate": "2011-12-22T13:45:04.613-08:00"
  },
  {
    "Id": "284461",
    "Title": "Uptime in Health Check?",
    "LatestDate": "2011-12-30T01:30:57.087-08:00"
  },
  {
    "Id": "285577",
    "Title": "Check for Management Points",
    "LatestDate": "2012-02-27T04:04:08.523-08:00"
  },
  {
    "Id": "285957",
    "Title": "Client Agent Patch",
    "LatestDate": "2012-11-22T11:32:13.45-08:00"
  },
  {
    "Id": "286239",
    "Title": "Windows update service checked as unhealthy when set to manual",
    "LatestDate": "2012-01-17T14:04:13.667-08:00"
  },
  {
    "Id": "335539",
    "Title": "Cache Size",
    "LatestDate": "2012-02-22T02:11:19.24-08:00"
  },
  {
    "Id": "344196",
    "Title": "SCCM interiew",
    "LatestDate": "2012-02-24T16:20:28.463-08:00"
  },
  {
    "Id": "344778",
    "Title": "Upcoming release and the future",
    "LatestDate": "2012-02-24T16:26:53.993-08:00"
  },
  {
    "Id": "346315",
    "Title": "Alternative Log Format",
    "LatestDate": "2012-02-27T02:29:29.53-08:00"
  },
  {
    "Id": "352081",
    "Title": "Emergency stop of a client",
    "LatestDate": "2012-04-13T15:56:00.58-07:00"
  },
  {
    "Id": "354265",
    "Title": "Limiting the tool to one action",
    "LatestDate": "2012-05-02T14:07:05.763-07:00"
  },
  {
    "Id": "355464",
    "Title": "Failed Health Check Log",
    "LatestDate": "2012-05-25T15:46:12.657-07:00"
  },
  {
    "Id": "356830",
    "Title": "Problem uninstalling clients",
    "LatestDate": "2012-05-25T15:46:46.833-07:00"
  },
  {
    "Id": "360531",
    "Title": "Question about Client Updates",
    "LatestDate": "2012-06-22T14:42:40.917-07:00"
  },
  {
    "Id": "396004",
    "Title": "Added Functionality - Count files in the inboxes\\despooler.box\\receive folder",
    "LatestDate": "2012-09-23T14:21:33.033-07:00"
  },
  {
    "Id": "403333",
    "Title": "Tool won't copy fixwmi.bat",
    "LatestDate": "2013-04-23T16:01:08.547-07:00"
  },
  {
    "Id": "405853",
    "Title": "multi threaded",
    "LatestDate": "2012-12-06T14:00:50.297-08:00"
  },
  {
    "Id": "447687",
    "Title": "Remotely run advertised programs?",
    "LatestDate": "2013-06-20T06:07:28.38-07:00"
  },
  {
    "Id": "447688",
    "Title": "Modification to actionRefreshGPO",
    "LatestDate": "2013-06-20T06:07:33.717-07:00"
  },
  {
    "Id": "451729",
    "Title": "Stability fix for hw and sw inventory - wmi object handles and status",
    "LatestDate": "2013-07-29T01:44:52.807-07:00"
  },
  {
    "Id": "457174",
    "Title": "SCCMCAT Tool ",
    "LatestDate": "2013-09-17T05:16:44.81-07:00"
  },
  {
    "Id": "472158",
    "Title": "Install SCCM Client",
    "LatestDate": "2013-12-06T15:54:24-08:00"
  },
  {
    "Id": "578568",
    "Title": "Install SCCM client ",
    "LatestDate": "2015-01-26T02:31:47.903-08:00"
  },
  {
    "Id": "586111",
    "Title": "SCCM client version check bug",
    "LatestDate": "2015-03-11T20:21:23.093-07:00"
  },
  {
    "Id": "645006",
    "Title": "how to install SCCM Client Actions Tool v1.12",
    "LatestDate": "2015-09-15T17:20:13.233-07:00"
  }
]