{
  "WorkItem": {
    "AffectedComponent": {
      "Name": "",
      "DisplayName": ""
    },
    "ClosedComment": "",
    "ClosedDate": "2011-11-15T14:21:27.253-08:00",
    "CommentCount": 0,
    "Custom": null,
    "Description": "Add a new action to get list of advertisements available on a remote client.",
    "LastUpdatedDate": "2013-05-16T04:24:55.08-07:00",
    "PlannedForRelease": "SCCM Client Actions Tool v0.8",
    "ReleaseVisibleToPublic": true,
    "Priority": {
      "Name": "Low",
      "Severity": 50,
      "Id": 1
    },
    "ProjectName": "sccmcat",
    "ReportedDate": "2011-10-31T15:07:31.95-07:00",
    "Status": {
      "Name": "Closed",
      "Id": 4
    },
    "ReasonClosed": {
      "Name": "Unassigned"
    },
    "Summary": "Show advertisements action",
    "Type": {
      "Name": "Feature",
      "Id": 1
    },
    "VoteCount": 1,
    "Id": 675
  },
  "FileAttachments": [],
  "Comments": []
}