{
  "WorkItem": {
    "AffectedComponent": {
      "Name": "",
      "DisplayName": ""
    },
    "ClosedComment": "",
    "ClosedDate": null,
    "CommentCount": 0,
    "Custom": null,
    "Description": "Add a configurable feature to check if current SCCM CAT version is the latest by connecting to Codeplex on startup. Notification would be shown to user if an update is available. User is asked if he/she wants to browse directly to the download page or not.\nThis feature could be switched on and off in config.ini.",
    "LastUpdatedDate": "2013-06-14T00:29:28.83-07:00",
    "PlannedForRelease": "SCCM Client Actions Tool v1.0",
    "ReleaseVisibleToPublic": true,
    "Priority": {
      "Name": "Medium",
      "Severity": 100,
      "Id": 2
    },
    "ProjectName": "sccmcat",
    "ReportedDate": "2011-11-17T05:21:44.763-08:00",
    "Status": {
      "Name": "Resolved",
      "Id": 7
    },
    "ReasonClosed": {
      "Name": "Unassigned"
    },
    "Summary": "SCCM CAT Version Update Notification",
    "Type": {
      "Name": "Feature",
      "Id": 1
    },
    "VoteCount": 2,
    "Id": 693
  },
  "FileAttachments": [],
  "Comments": []
}