{
  "WorkItem": {
    "AffectedComponent": {
      "Name": "",
      "DisplayName": ""
    },
    "ClosedComment": "",
    "ClosedDate": null,
    "CommentCount": 0,
    "Custom": null,
    "Description": "Having run one of the client health check actions when some of the target computers have turned out to be unhealthy, a prompt appears asking whether to update the list with unhealthy computers only. This prompt will then appear also for any other actions.\nIt should be appearing for health check actions only.",
    "LastUpdatedDate": "2013-06-14T00:29:26.533-07:00",
    "PlannedForRelease": "SCCM Client Actions Tool v1.0",
    "ReleaseVisibleToPublic": true,
    "Priority": {
      "Name": "High",
      "Severity": 150,
      "Id": 3
    },
    "ProjectName": "sccmcat",
    "ReportedDate": "2011-12-07T04:24:31.583-08:00",
    "Status": {
      "Name": "Resolved",
      "Id": 7
    },
    "ReasonClosed": {
      "Name": "Unassigned"
    },
    "Summary": "Unhealthy target list update prompt bug",
    "Type": {
      "Name": "Issue",
      "Id": 3
    },
    "VoteCount": 1,
    "Id": 741
  },
  "FileAttachments": [],
  "Comments": []
}