{
  "WorkItem": {
    "AffectedComponent": {
      "Name": "",
      "DisplayName": ""
    },
    "ClosedComment": "",
    "ClosedDate": "2011-11-15T14:21:32.12-08:00",
    "CommentCount": 0,
    "Custom": null,
    "Description": "When running action \"Get logged-on user\", show last logged on user if there's no one currently logged on.",
    "LastUpdatedDate": "2013-05-16T04:24:56.487-07:00",
    "PlannedForRelease": "SCCM Client Actions Tool v0.8",
    "ReleaseVisibleToPublic": true,
    "Priority": {
      "Name": "Low",
      "Severity": 50,
      "Id": 1
    },
    "ProjectName": "sccmcat",
    "ReportedDate": "2011-09-15T13:38:07.5-07:00",
    "Status": {
      "Name": "Closed",
      "Id": 4
    },
    "ReasonClosed": {
      "Name": "Unassigned"
    },
    "Summary": "Show last logged on user",
    "Type": {
      "Name": "Feature",
      "Id": 1
    },
    "VoteCount": 1,
    "Id": 566
  },
  "FileAttachments": [],
  "Comments": []
}