{
  "WorkItem": {
    "AffectedComponent": {
      "Name": "",
      "DisplayName": ""
    },
    "ClosedComment": "",
    "ClosedDate": null,
    "CommentCount": 0,
    "Custom": null,
    "Description": "Add a new action that would create CCR files for computers in target list and send them to specified site server to inboxes\\ccr.box\\ folder.",
    "LastUpdatedDate": "2013-06-14T00:29:29.087-07:00",
    "PlannedForRelease": "SCCM Client Actions Tool v1.0",
    "ReleaseVisibleToPublic": true,
    "Priority": {
      "Name": "Medium",
      "Severity": 100,
      "Id": 2
    },
    "ProjectName": "sccmcat",
    "ReportedDate": "2011-11-17T03:55:23.287-08:00",
    "Status": {
      "Name": "Resolved",
      "Id": 7
    },
    "ReasonClosed": {
      "Name": "Unassigned"
    },
    "Summary": "Create CCR Files action",
    "Type": {
      "Name": "Feature",
      "Id": 1
    },
    "VoteCount": 3,
    "Id": 691
  },
  "FileAttachments": [],
  "Comments": []
}