{
  "WorkItem": {
    "AffectedComponent": {
      "Name": "",
      "DisplayName": ""
    },
    "ClosedComment": "",
    "ClosedDate": null,
    "CommentCount": 0,
    "Custom": null,
    "Description": "Add an option to perform all the health checks and fixes as well as deploy the agent if missing. Currently when looking to remediate a large number of machines that have been identified as either missing the agent and\\or have broken WMI it would be nice to have this option.",
    "LastUpdatedDate": "2013-06-14T00:29:28.193-07:00",
    "PlannedForRelease": "SCCM Client Actions Tool v1.0",
    "ReleaseVisibleToPublic": true,
    "Priority": {
      "Name": "Medium",
      "Severity": 100,
      "Id": 2
    },
    "ProjectName": "sccmcat",
    "ReportedDate": "2011-11-20T22:33:17.88-08:00",
    "Status": {
      "Name": "Resolved",
      "Id": 7
    },
    "ReasonClosed": {
      "Name": "Unassigned"
    },
    "Summary": "Auto install SCCM agent when missing",
    "Type": {
      "Name": "Feature",
      "Id": 1
    },
    "VoteCount": 1,
    "Id": 699
  },
  "FileAttachments": [],
  "Comments": []
}