{
  "WorkItem": {
    "AffectedComponent": {
      "Name": "",
      "DisplayName": ""
    },
    "ClosedComment": "",
    "ClosedDate": null,
    "CommentCount": 0,
    "Custom": null,
    "Description": "When task progress has finished it might leave some of the background processes running such as ping and cmd. These are usually used for creating \"timeholes\" for thread intervention (useful for catching the click event from STOP button).",
    "LastUpdatedDate": "2013-06-14T00:29:23.44-07:00",
    "PlannedForRelease": "SCCM Client Actions Tool v1.11",
    "ReleaseVisibleToPublic": true,
    "Priority": {
      "Name": "High",
      "Severity": 150,
      "Id": 3
    },
    "ProjectName": "sccmcat",
    "ReportedDate": "2012-03-19T04:44:58.493-07:00",
    "Status": {
      "Name": "Resolved",
      "Id": 7
    },
    "ReasonClosed": {
      "Name": "Unassigned"
    },
    "Summary": "Looping ping and cmd processes in v1.1",
    "Type": {
      "Name": "Issue",
      "Id": 3
    },
    "VoteCount": 1,
    "Id": 955
  },
  "FileAttachments": [],
  "Comments": []
}