<LibraryDocument xmlns:xsi="http://www.w3.org/2001/XMLSchema-instance" xmlns:xsd="http://www.w3.org/2001/XMLSchema"><Properties><Property Name="HasTemporaryContent" Value="True" /></Properties><Contents><Content UniqueId="c008f021-879f-41e5-b1a4-7696ef6251d4" Hash="" Description="Content_097539ac-837b-42c8-825c-71799b33ab7d" RelativePath="Content_097539ac-837b-42c8-825c-71799b33ab7d" FullPath=".\\CMFrontend-HelpdeskLauncher_files\Content_097539ac-837b-42c8-825c-71799b33ab7d\" SingleFile="false" StorageType="FileSystem" FullOwnership="true" OriginalPath="\\engr-disk\engr\ConfigMgrSources\Applications\IT_Tools\CMFrontendHelpdeskLauncher\" OriginalStorage="FileSystem" /></Contents><EntryObjects><Object Path="SMS_Application.ModelName='ScopeId_169FC6B5-2663-4F45-B17E-A4D82ED163B2/Application_30be2424-cc4a-454a-85e0-cce803e79ced',CIVersion=4" Type="SMS_Application" /></EntryObjects></LibraryDocument>