{
  "WorkItem": {
    "AffectedComponent": {
      "Name": "",
      "DisplayName": ""
    },
    "ClosedComment": "Fixed in v0.6.",
    "ClosedDate": "2011-08-22T05:51:41.393-07:00",
    "CommentCount": 0,
    "Custom": null,
    "Description": "When entering a collection ID once and then want to enter another collection ID from different site server, there's no way to specify the site server name again. Only way is to restart the tool.",
    "LastUpdatedDate": "2013-05-16T04:24:57.77-07:00",
    "PlannedForRelease": "",
    "ReleaseVisibleToPublic": false,
    "Priority": {
      "Name": "Low",
      "Severity": 50,
      "Id": 1
    },
    "ProjectName": "sccmcat",
    "ReportedDate": "2011-07-11T23:25:24.597-07:00",
    "Status": {
      "Name": "Closed",
      "Id": 4
    },
    "ReasonClosed": {
      "Name": "Unassigned"
    },
    "Summary": "Active site server can't be changed without restarting the tool",
    "Type": {
      "Name": "Issue",
      "Id": 3
    },
    "VoteCount": 1,
    "Id": 429
  },
  "FileAttachments": [],
  "Comments": []
}